$MeshFormat
4.1 0 8
$EndMeshFormat
$Entities
8 12 6 1
1 -5 -5 -5 0 
2 -5 -5 5 0 
3 -5 5 -5 0 
4 -5 5 5 0 
5 5 -5 -5 0 
6 5 -5 5 0 
7 5 5 -5 0 
8 5 5 5 0 
1 -5.0000001 -5.0000001 -5.0000001 -4.9999999 -4.9999999 5.0000001 0 2 1 -2 
2 -5.0000001 -5.0000001 -5.0000001 -4.9999999 5.0000001 -4.9999999 0 2 1 -3 
3 -5.0000001 4.9999999 -5.0000001 -4.9999999 5.0000001 5.0000001 0 2 3 -4 
4 -5.0000001 -5.0000001 4.9999999 -4.9999999 5.0000001 5.0000001 0 2 2 -4 
5 4.9999999 -5.0000001 -5.0000001 5.0000001 -4.9999999 5.0000001 0 2 5 -6 
6 4.9999999 -5.0000001 -5.0000001 5.0000001 5.0000001 -4.9999999 0 2 5 -7 
7 4.9999999 4.9999999 -5.0000001 5.0000001 5.0000001 5.0000001 0 2 7 -8 
8 4.9999999 -5.0000001 4.9999999 5.0000001 5.0000001 5.0000001 0 2 6 -8 
9 -5.0000001 -5.0000001 -5.0000001 5.0000001 -4.9999999 -4.9999999 0 2 1 -5 
10 -5.0000001 -5.0000001 4.9999999 5.0000001 -4.9999999 5.0000001 0 2 2 -6 
11 -5.0000001 4.9999999 -5.0000001 5.0000001 5.0000001 -4.9999999 0 2 3 -7 
12 -5.0000001 4.9999999 4.9999999 5.0000001 5.0000001 5.0000001 0 2 4 -8 
1 -5.0000001 -5.0000001 -5.0000001 -4.9999999 5.0000001 5.0000001 0 4 -1 2 3 -4 
2 4.9999999 -5.0000001 -5.0000001 5.0000001 5.0000001 5.0000001 0 4 -5 6 7 -8 
3 -5.0000001 -5.0000001 -5.0000001 5.0000001 -4.9999999 5.0000001 0 4 -9 1 10 -5 
4 -5.0000001 4.9999999 -5.0000001 5.0000001 5.0000001 5.0000001 0 4 -11 3 12 -7 
5 -5.0000001 -5.0000001 -5.0000001 5.0000001 5.0000001 -4.9999999 0 4 -2 9 6 -11 
6 -5.0000001 -5.0000001 4.9999999 5.0000001 5.0000001 5.0000001 0 4 -4 10 8 -12 
1 -5.0000001 -5.0000001 -5.0000001 5.0000001 5.0000001 5.0000001 0 6 -1 2 -3 4 -5 6 
$EndEntities
$Nodes
27 1201 1 1201
0 1 0 1
1
-5 -5 -5
0 2 0 1
2
-5 -5 5
0 3 0 1
3
-5 5 -5
0 4 0 1
4
-5 5 5
0 5 0 1
5
5 -5 -5
0 6 0 1
6
5 -5 5
0 7 0 1
7
5 5 -5
0 8 0 1
8
5 5 5
1 1 0 9
9
10
11
12
13
14
15
16
17
-5 -5 -4
-5 -5 -3
-5 -5 -2
-5 -5 -1
-5 -5 0
-5 -5 1
-5 -5 2
-5 -5 3
-5 -5 4
1 2 0 9
18
19
20
21
22
23
24
25
26
-5 -4 -5
-5 -3 -5
-5 -2 -5
-5 -1 -5
-5 0 -5
-5 1 -5
-5 2 -5
-5 3 -5
-5 4 -5
1 3 0 9
27
28
29
30
31
32
33
34
35
-5 5 -4
-5 5 -3
-5 5 -2
-5 5 -1
-5 5 0
-5 5 1
-5 5 2
-5 5 3
-5 5 4
1 4 0 9
36
37
38
39
40
41
42
43
44
-5 -4 5
-5 -3 5
-5 -2 5
-5 -1 5
-5 0 5
-5 1 5
-5 2 5
-5 3 5
-5 4 5
1 5 0 9
45
46
47
48
49
50
51
52
53
5 -5 -4
5 -5 -3
5 -5 -2
5 -5 -1
5 -5 0
5 -5 1
5 -5 2
5 -5 3
5 -5 4
1 6 0 9
54
55
56
57
58
59
60
61
62
5 -4 -5
5 -3 -5
5 -2 -5
5 -1 -5
5 0 -5
5 1 -5
5 2 -5
5 3 -5
5 4 -5
1 7 0 9
63
64
65
66
67
68
69
70
71
5 5 -4
5 5 -3
5 5 -2
5 5 -1
5 5 0
5 5 1
5 5 2
5 5 3
5 5 4
1 8 0 9
72
73
74
75
76
77
78
79
80
5 -4 5
5 -3 5
5 -2 5
5 -1 5
5 0 5
5 1 5
5 2 5
5 3 5
5 4 5
1 9 0 9
81
82
83
84
85
86
87
88
89
-4 -5 -5
-3 -5 -5
-2 -5 -5
-1 -5 -5
0 -5 -5
1 -5 -5
2 -5 -5
3 -5 -5
4 -5 -5
1 10 0 9
90
91
92
93
94
95
96
97
98
-4 -5 5
-3 -5 5
-2 -5 5
-1 -5 5
0 -5 5
1 -5 5
2 -5 5
3 -5 5
4 -5 5
1 11 0 9
99
100
101
102
103
104
105
106
107
-4 5 -5
-3 5 -5
-2 5 -5
-1 5 -5
0 5 -5
1 5 -5
2 5 -5
3 5 -5
4 5 -5
1 12 0 9
108
109
110
111
112
113
114
115
116
-4 5 5
-3 5 5
-2 5 5
-1 5 5
0 5 5
1 5 5
2 5 5
3 5 5
4 5 5
2 1 0 104
117
118
119
120
121
122
123
124
125
126
127
128
129
130
131
132
133
134
135
136
137
138
139
140
141
142
143
144
145
146
147
148
149
150
151
152
153
154
155
156
157
158
159
160
161
162
163
164
165
166
167
168
169
170
171
172
173
174
175
176
177
178
179
180
181
182
183
184
185
186
187
188
189
190
191
192
193
194
195
196
197
198
199
200
201
202
203
204
205
206
207
208
209
210
211
212
213
214
215
216
217
218
219
220
-5 4.133974596215561 0.5
-5 -4.133974596215562 0.5
-5 -0.5 -4.133974596215562
-5 -0.4684029062834298 4.152217186778431
-5 -4.133974596215562 -1.5
-5 1.5 -4.133974596215562
-5 4.133974596215561 -1.5
-5 1.5 4.133974596215561
-5 -4.133974596215562 2.5
-5 -2.443325428706333 -4.181466939758714
-5 4.204077431036598 2.459788032323783
-5 -2.58672565470658 4.10370387504457
-5 3.494067683006772 -4.170502595851184
-5 -4.153227954944168 -3.495762630719124
-5 3.494067683006772 4.170502595851183
-5 -4.133974596215562 -0.5
-5 -3.267949192431123 0
-5 -3.267949192431122 1
-5 -2.401923788646684 0.5
-5 -2.401923788646685 -0.5
-5 -1.535898384862246 -8.881784197001252e-16
-5 -1.535898384862246 0.9999999999999982
-5 -0.6698729810778072 0.4999999999999973
-5 -0.6698729810778081 -0.5000000000000027
-5 0.1961524227066302 -3.552713678800501e-15
-5 0.1961524227066329 0.9999999999999938
-5 0.1961524227066294 -1.000000000000004
-5 1.062177826491068 -0.5000000000000062
-5 -0.6624721576713366 -1.487181397842145
-5 1.062177826491066 -1.500000000000007
-5 1.928203230275505 -1.000000000000008
-5 1.928203230275508 -7.993605777301127e-15
-5 1.928203230275503 -2.000000000000008
-5 1.019122784958116 -2.526709006307404
-5 2.794228634059945 -0.5000000000000098
-5 2.794228634059948 0.4999999999999893
-5 1.928203230275511 0.9999999999999929
-5 2.79422863405995 1.49999999999999
-5 1.928203230275509 1.99999999999999
-5 2.782898855180377 2.481067630567147
-5 1.963079235613365 -3.152499173455726
-5 2.785017174260661 -2.490330213988914
-5 1.967611415992423 3.145978976921393
-5 1.06217782649107 2.499999999999983
-5 2.794228634059944 -1.500000000000012
-5 -4.133974596215562 1.5
-5 0.5 -4.154700538379252
-5 0.0842581667179676 -3.128389509399924
-5 -1.013921647327874 -3.31890331062425
-5 -4.137183489336996 -2.499293771786521
-5 -3.268484007951362 -1.999882295297754
-5 -3.353461968852869 -3.017618385616891
-5 -2.401680147600488 -2.557140644076087
-5 2.492857819770023 -4.139584589260124
-5 -3.267949192431123 2
-5 -3.182421794860552 3.155993218442347
-5 -2.401923788646684 2.500000000000001
-5 -2.401923788646684 1.5
-5 -1.535898384862246 2
-5 -1.536592572295388 2.97289020439121
-5 -0.6845105915683387 2.505129986317796
-5 -4.153656560546956 3.507332412466155
-5 -1.492874512672367 -4.163066712172883
-5 -3.268038328351163 -0.9999803825496256
-5 -2.401923788646684 -1.5
-5 4.204077431036598 -2.459788032323782
-5 4.133974596215561 -0.5
-5 4.133974596215559 1.500000000000001
-5 -1.529083058924427 3.990311128049415
-5 0.5052661822860944 4.157740970139727
-5 0.0816597444828 3.187250557475988
-5 2.493613183166532 4.138497889837732
-5 1.06217782649107 0.4999999999999947
-5 -1.534664914294502 -0.997863566307025
-5 0.1961524227066276 -2.000000000000005
-5 -0.6723125828262289 1.500854997719629
-5 -1.528088176483038 -1.952535223950155
-5 0.1742241076295015 2.032205923585562
-5 1.058523107311548 1.50536765393092
-5 -3.508697827252527 4.169579395444364
-5 -3.418136460407022 -4.058754572099325
-5 4.061456560230319 -3.440933898609102
-5 4.061456560230319 3.440933898609098
-5 -1.933852070711328 -3.403166635204028
-5 -0.7104184166235044 -2.434804633234066
-5 3 3.38053117003826
-5 3 -3.380531170038267
-5 1.016673595607483 3.415650684511311
-5 1.013292037457889 -3.419254564751574
-5 3.464101615137755 -1.000000000000004
-5 3.464101615137757 2.000000000000006
-5 3.464101615137755 -1.999999999999995
-5 3.464101615137753 -6.217248937900877e-15
-5 3.464101615137753 0.9999999999999911
-5 -2.301442841485013 3.325961894323346
-5 -0.8225377514271335 3.36608693351851
-5 -4.267949192431122 -4.267949192431123
-5 -4.267949192431122 4.267949192431121
-5 4.267949192431121 -4.267949192431122
-5 4.26794919243112 4.26794919243112
-5 -1.542320010046244 -2.749937348422814
-5 3.502930556133066 -2.754316662992012
-5 3.502506892317012 2.752464146307659
-5 -2.70899067791466 -3.44848485616942
2 2 0 103
221
222
223
224
225
226
227
228
229
230
231
232
233
234
235
236
237
238
239
240
241
242
243
244
245
246
247
248
249
250
251
252
253
254
255
256
257
258
259
260
261
262
263
264
265
266
267
268
269
270
271
272
273
274
275
276
277
278
279
280
281
282
283
284
285
286
287
288
289
290
291
292
293
294
295
296
297
298
299
300
301
302
303
304
305
306
307
308
309
310
311
312
313
314
315
316
317
318
319
320
321
322
323
5 -4.133974596215562 0.5
5 4.133974596215561 -0.5
5 -0.4684029062834307 -4.152217186778433
5 0.3608970630898387 4.049999118818391
5 -4.133974596215562 -1.5
5 1.5 -4.133974596215562
5 4.133974596215561 1.5
5 -1.512758904849827 4.114200486593758
5 -2.586725654706581 -4.103703875044571
5 4.204077431036596 -2.459788032323785
5 -4.14387965912288 2.520865171490804
5 2.479584671629048 4.112749022350888
5 -4.153227954944168 -3.495762630719124
5 3.494067683006772 -4.170502595851184
5 4.045047171897599 3.445559454105696
5 -3.37326347521864 4.12411846249033
5 -4.133974596215562 -0.5
5 -3.267949192431123 0
5 -3.27217046541376 0.9926885407214545
5 -2.406848607126427 0.4914699641750291
5 -2.402744591726641 -0.5014216726374947
5 -1.536855988455529 -0.001658618077078344
5 -1.558931039920782 0.991571333942705
5 -0.6738713575197774 0.4983187859776024
5 -0.6706989777503498 -0.5005566386832481
5 0.1953483605208781 -0.0003729754509436134
5 0.1959583680806416 -1.00011066834931
5 0.1961524227066329 0.9999999999999973
5 1.062043816126778 0.499937837424838
5 1.06215549143036 1.499989639570801
5 -0.669872981077809 -1.500000000000001
5 0.1634280098178582 -2.044676643463407
5 1.056691415238607 -1.507464551968789
5 0.1961487001965194 1.9999982732618
5 1.928177172704676 0.9999879128325988
5 1.928199115255827 1.999998091190756
5 1.928176552286319 -1.237495709993652e-05
5 2.794228634059947 0.4999999999999885
5 -0.7012863562664311 -2.516159062219633
5 -1.541133947393685 -2.002693177036604
5 1.012754314267911 -2.5353992055461
5 1.928203230275505 -2.000000000000006
5 -1.535898384862252 -2.999999999999998
5 -2.386049557874982 -2.471442511893323
5 2.794228634059943 -0.5000000000000124
5 1.952464818711711 -3.109814736064162
5 2.784372469638356 -2.487737621824703
5 1.051809826644149 2.482048474906101
5 1.96459502182349 3.143043972605399
5 2.785008341435472 2.489779050678827
5 0.1961524227066453 3
5 -0.6877045798932118 2.500580614415231
5 -0.6294056593327948 3.498630310705636
5 -1.552205085225374 3.049902360465625
5 -2.415674239763039 3.58125764302179
5 -2.44403791354977 2.564000948979487
5 -1.556667171034909 2.010364417021961
5 -3.291159241585781 3.113904871966801
5 -4.136328985530554 1.502258952035376
5 0.5052661822860944 -4.157740970139731
5 0.100191686588774 -3.16798609276699
5 -4.137183489336996 -2.49929377178652
5 2.491088750286413 -4.132470516361529
5 -3.272597105503737 2.006501185683163
5 -1.528983889291124 -3.994183955993528
5 -3.268085992944449 -1.000236945439581
5 -0.6808121709109214 1.500138904103215
5 4.133974596215561 -1.5
5 4.133974596215559 0.5000000000000009
5 4.184537499731444 2.459001150420779
5 1.500000000000001 4.133974596215561
5 -3.183362940728888 -3.151207349070773
5 -1.537205045841783 -1.001055017739071
5 1.061070290421455 -0.5013371222168859
5 2.794228634059952 1.499999999999987
5 -2.400528054702111 -1.496141554124345
5 2.794228634059947 -1.50000000000001
5 -3.251530771967165 -2.019720355385757
5 1.927099792723628 -1.001469008190467
5 -2.422807867298829 1.483325880770175
5 -3.508758843950807 -4.167632294120722
5 4.061456560230319 -3.440933898609102
5 3.465153990188865 4.201081741174825
5 -4.177384691524634 3.470933150972071
5 3 -3.380531170038267
5 2.998342905175429 3.380232778161252
5 1.007211938964743 -3.40693661823635
5 1.000000000000018 3.392304845413257
5 -0.5146432476620566 4.326018532416567
5 3.46410161513775 -1.000000000000009
5 3.46410161513775 -2.000000000000012
5 3.464101615137753 -5.329070518200751e-15
5 3.464101615137755 0.9999999999999973
5 3.464101615137764 1.999999999999995
5 -2.301442841485022 -3.325961894323339
5 -0.8268759700228925 -3.366109259551717
5 -2.5 4.381299563793643
5 -4.267949192431122 -4.267949192431123
5 4.267949192431121 -4.267949192431122
5 -4.267949192431121 4.26794919243112
5 4.26794919243112 4.26794919243112
5 3.486462966236173 2.770209618600645
5 3.502801615208604 -2.753798144559174
2 3 0 103
324
325
326
327
328
329
330
331
332
333
334
335
336
337
338
339
340
341
342
343
344
345
346
347
348
349
350
351
352
353
354
355
356
357
358
359
360
361
362
363
364
365
366
367
368
369
370
371
372
373
374
375
376
377
378
379
380
381
382
383
384
385
386
387
388
389
390
391
392
393
394
395
396
397
398
399
400
401
402
403
404
405
406
407
408
409
410
411
412
413
414
415
416
417
418
419
420
421
422
423
424
425
426
-4.133974596215562 -5 -0.5
0.3608970630898343 -5 -4.049999118818389
4.133974596215561 -5 0.5
-0.4280984092188964 -5 4.100604951803074
-4.133974596215562 -5 1.5
-1.51275890484983 -5 -4.11420048659375
4.133974596215561 -5 -1.5
1.5 -5 4.133974596215561
-4.143879659122883 -5 -2.520865171490806
-2.586725654706584 -5 4.10370387504457
4.204077431036598 -5 2.459788032323784
2.479584671629049 -5 -4.11274902235089
-4.153227954944168 -5 3.495762630719122
4.0450471718976 -5 -3.445559454105698
-3.373263475218644 -5 -4.12411846249033
3.494067683006772 -5 4.170502595851183
-4.133974596215562 -5 0.5
-3.267949192431123 -5 0
-3.272170465413762 -5 -0.9926885407214527
-2.40684860712643 -5 -0.4914699641750282
-2.402744591726642 -5 0.5014216726374947
-1.53685598845553 -5 0.001658618077078344
-1.558931039920787 -5 -0.9915713339426997
-0.6738713575197774 -5 -0.4983187859776006
-0.6706989777503525 -5 0.5005566386832481
0.1953483605208781 -5 0.0003729754509453898
0.1959583680806389 -5 1.000110668349313
0.1961524227066347 -5 -0.9999999999999947
1.062043816126779 -5 -0.4999378374248371
1.062155491430357 -5 -1.499989639570801
-0.6698729810778143 -5 1.500000000000003
0.1961200802689564 -5 2.000018444724891
1.062140093647121 -5 1.500021518845707
0.1961487001965159 -5 -1.999998273261796
1.928177172704676 -5 -0.9999879128326015
1.928199115255822 -5 -1.999998091190759
1.92817655228632 -5 1.237495709816017e-05
2.794228634059949 -5 -0.4999999999999929
-0.6856900209744596 -5 2.472616493852038
-1.53853455817836 -5 1.99543608230867
1.051803176195616 -5 2.482057468163983
1.926467833085604 -5 1.997013164501621
-1.532055681217424 -5 2.960611597514488
-2.384975875731626 -5 2.463668262357747
2.794228634059946 -5 0.5000000000000089
1.967499949048738 -5 3.145693691506896
2.785180276559339 -5 2.489735442521034
0.1241988497501749 -5 3.131036759794307
1.06197840348954 -5 0.5000966166963723
1.927870025104746 -5 0.9995239458334684
2.794228634059949 -5 1.500000000000008
1.051809826644142 -5 -2.482048474906101
1.964595021823486 -5 -3.143043972605402
2.785008341435468 -5 -2.489779050678832
0.1961524227066374 -5 -2.999999999999995
-0.6877045798932215 -5 -2.50058061441522
-0.6294056593328028 -5 -3.498630310705626
-1.552205085225385 -5 -3.049902360465617
-2.415674239763044 -5 -3.581257643021783
-2.444037913549783 -5 -2.56400094897948
-1.556667171034916 -5 -2.010364417021955
-3.291159241585789 -5 -3.113904871966803
-4.137183489336997 -5 2.499293771786519
-4.136328985530555 -5 -1.502258952035376
-3.268085992944449 -5 1.00023694543958
1.5 -5 -4.133974596215561
4.184537499731444 -5 -2.459001150420779
4.133974596215559 -5 -0.5000000000000009
4.133974596215561 -5 1.500000000000001
-1.51615220923542 -5 3.975223262438972
0.5233452905394387 -5 4.128507164778995
2.493594605342587 -5 4.13845034226865
-3.272597105503738 -5 -2.006501185683163
-0.6808121709109258 -5 -1.500138904103211
2.794228634059949 -5 -1.499999999999992
-1.535898384862247 -5 0.9999999999999991
-3.183209557565553 -5 3.150096741994259
-2.399698099312409 -5 1.49346049379058
-3.251187935184433 -5 2.017792702561447
-2.422807867298836 -5 -1.483325880770166
-3.50874058405041 -5 4.167500078992562
4.061456560230321 -5 3.440933898609099
3.465153990188867 -5 -4.201081741174828
-4.177384691524641 -5 -3.470933150972078
3.000000000000007 -5 3.380531170038267
2.998342905175432 -5 -3.380232778161256
1.000000000000007 -5 -3.392304845413258
1.000000000000007 -5 3.392304845413269
-0.8075594941792064 -5 3.328018613080577
-0.5146432476620575 -5 -4.326018532416562
3.464101615137752 -5 1.000000000000008
3.464101615137752 -5 7.105427357601002e-15
3.464101615137746 -5 2.000000000000018
3.464101615137752 -5 -0.9999999999999947
3.464101615137755 -5 -1.999999999999989
-2.240623795691322 -5 3.330660747870008
-2.5 -5 -4.381299563793636
-4.267949192431123 -5 -4.267949192431122
-4.267949192431122 -5 4.267949192431121
4.26794919243112 -5 -4.267949192431121
4.26794919243112 -5 4.26794919243112
3.486462966236173 -5 -2.770209618600646
3.502963176592802 -5 2.754197708698439
2 4 0 104
427
428
429
430
431
432
433
434
435
436
437
438
439
440
441
442
443
444
445
446
447
448
449
450
451
452
453
454
455
456
457
458
459
460
461
462
463
464
465
466
467
468
469
470
471
472
473
474
475
476
477
478
479
480
481
482
483
484
485
486
487
488
489
490
491
492
493
494
495
496
497
498
499
500
501
502
503
504
505
506
507
508
509
510
511
512
513
514
515
516
517
518
519
520
521
522
523
524
525
526
527
528
529
530
4.133974596215561 5 -0.5
-4.133974596215562 5 -0.5
-0.428098409218892 5 4.100604951803074
-0.428098409218892 5 -4.100604951803078
-4.133974596215563 5 1.500000000000004
1.5 5 -4.133974596215562
4.133974596215561 5 1.5
1.514531206236644 5 4.256437519921306
-4.133974596215562 5 -2.5
4.2040774310366 5 -2.459788032323784
-2.586725654706579 5 4.103703875044573
-2.58672565470658 5 -4.103703875044572
4.228519491133042 5 3.495399912093784
-4.153227954944168 5 3.495762630719124
3.494067683006772 5 -4.170502595851183
-4.133974596215562 5 0.5
-3.267949192431123 5 0
-3.267949192431122 5 -1
-2.401923788646684 5 -0.4999999999999991
-2.401923788646686 5 0.5000000000000018
-1.535898384862247 5 2.664535259100376e-15
-1.535898384862245 5 -1
-0.6698729810778064 5 -0.4999999999999964
-0.669872981077809 5 0.5000000000000036
0.1961524227066311 5 3.552713678800501e-15
0.1961524227066338 5 -1.000000000000001
0.1961524227066302 5 1.000000000000004
1.06217782649107 5 0.5000000000000036
-0.669872981077809 5 1.500000000000003
1.062177826491068 5 1.500000000000004
1.928203230275507 5 1.000000000000004
1.928203230275509 5 4.440892098500626e-15
1.928203230275507 5 2.000000000000004
1.051814855409224 5 2.48205080756888
2.794228634059945 5 0.5000000000000062
2.794228634059949 5 -0.4999999999999929
1.928203230275511 5 -0.9999999999999964
2.794228634059952 5 -1.499999999999994
1.928203230275515 5 -1.999999999999997
2.782898855180385 5 -2.481067630567149
1.942610431870747 5 2.930370804541351
2.794228634059945 5 2.500000000000004
2.714687986414717 5 3.440345869926357
1.967611415992426 5 -3.145978976921399
1.062177826491079 5 -2.500000000000003
1.062177826491074 5 -1.500000000000001
0.1961524227066374 5 -2.000000000000005
0.1279451401258624 5 -3.137509273117037
-0.6698729810777992 5 -2.500000000000011
-0.6698729810778028 5 -1.500000000000004
-1.535898384862244 5 -2.000000000000002
-1.528980145681956 5 -2.965936168154375
-2.384023924256358 5 -2.465316343746286
0.1944252608596546 5 1.997008467928149
-0.6859724908759999 5 2.472114831052584
-1.53858163649528 5 1.995352471842101
-1.532110605920493 5 2.960514051970152
-2.384992876234953 5 2.463638069689272
-2.399549178516903 5 1.493165090255232
-3.264731605340871 5 1.99280052665742
-1.515712847016062 5 -3.975983915387529
0.1239180483077158 5 3.130534145481263
-4.133974596215562 5 -1.5
0.5237912774889262 5 -4.129277702079319
2.493613183166532 5 -4.138497889837734
-1.535949825112789 5 0.9980862603495568
-4.153227954944168 5 -3.495762630719124
4.133974596215559 5 -1.5
4.133974596215561 5 0.5
4.155096426543668 5 2.499800426562448
-1.516160055621565 5 3.975209327361211
0.5350584742209117 5 4.146646910436484
-2.398940477914963 5 -1.494219390624381
-3.264468663244115 5 -1.993255955728445
-3.182117932739306 5 -3.149469637041471
2.794228634059948 5 1.500000000000006
-3.267017159561118 5 0.9976609361521094
1.062177826491072 5 -0.4999999999999973
-3.182293917607212 5 3.149164822308894
-4.122371345684636 5 2.522954663280906
4.061456560230321 5 -3.440933898609101
-3.508610628713952 5 -4.167425423641043
-3.508631579293464 5 4.167389136172877
3.467382635523515 5 4.109333416839585
3 5 -3.380531170038259
1.20918670891085 5 3.442318227035873
1.009450523745232 5 -3.396741346936951
2.500000000000001 5 4.304476503633076
-0.8076847026658474 5 3.327795461533658
-0.8029438485737694 5 -3.336006861692406
3.470669464802107 5 3.007479937570361
3.464101615137753 5 1.000000000000004
3.466456179762968 5 2.000619078582723
3.464101615137753 5 3.552713678800501e-15
3.464101615137757 5 -0.9999999999999956
3.464101615137762 5 -2.000000000000007
-2.239512100880052 5 -3.332081987874846
-2.240456622018161 5 3.330446029274819
-4.267949192431122 5 -4.267949192431122
-4.267949192431122 5 4.267949192431121
4.267949192431121 5 -4.267949192431122
4.273040735444942 5 4.273040735444942
3.502506892317014 5 -2.75246414630766
2.030562762555947 5 3.690991934850461
2 5 0 104
531
532
533
534
535
536
537
538
539
540
541
542
543
544
545
546
547
548
549
550
551
552
553
554
555
556
557
558
559
560
561
562
563
564
565
566
567
568
569
570
571
572
573
574
575
576
577
578
579
580
581
582
583
584
585
586
587
588
589
590
591
592
593
594
595
596
597
598
599
600
601
602
603
604
605
606
607
608
609
610
611
612
613
614
615
616
617
618
619
620
621
622
623
624
625
626
627
628
629
630
631
632
633
634
4.133974596215561 0.5 -5
-4.133974596215562 0.5 -5
-0.5 -4.133974596215562 -5
-0.4684029062834298 4.152217186778431 -5
-4.133974596215562 -1.5 -5
1.5 -4.133974596215562 -5
4.133974596215561 -1.5 -5
1.5 4.133974596215561 -5
-4.133974596215562 2.5 -5
4.204077431036598 2.459788032323783 -5
-2.443325428706333 -4.181466939758714 -5
-2.58672565470658 4.10370387504457 -5
3.494067683006772 -4.170502595851184 -5
-4.153227954944168 -3.495762630719124 -5
3.494067683006772 4.170502595851183 -5
-4.133974596215562 -0.5 -5
-3.267949192431123 0 -5
-3.267949192431122 1 -5
-2.401923788646684 0.5 -5
-2.401923788646685 -0.5 -5
-1.535898384862246 -8.881784197001252e-16 -5
-1.535898384862246 0.9999999999999982 -5
-0.6698729810778072 0.4999999999999973 -5
-0.6698729810778081 -0.5000000000000027 -5
0.1961524227066302 -3.552713678800501e-15 -5
0.1961524227066329 0.9999999999999938 -5
0.1961524227066294 -1.000000000000004 -5
1.062177826491068 -0.5000000000000062 -5
-0.6624721576713366 -1.487181397842145 -5
1.062177826491066 -1.500000000000007 -5
1.928203230275505 -1.000000000000008 -5
1.928203230275508 -7.993605777301127e-15 -5
1.928203230275503 -2.000000000000008 -5
1.019122784958116 -2.526709006307404 -5
2.794228634059945 -0.5000000000000098 -5
2.794228634059948 0.4999999999999893 -5
1.928203230275511 0.9999999999999929 -5
2.79422863405995 1.49999999999999 -5
1.928203230275509 1.99999999999999 -5
2.782898855180377 2.481067630567147 -5
1.963079235613365 -3.152499173455726 -5
2.785017174260661 -2.490330213988914 -5
1.967611415992423 3.145978976921393 -5
1.06217782649107 2.499999999999983 -5
2.794228634059944 -1.500000000000012 -5
-4.133974596215562 1.5 -5
0.5 -4.154700538379252 -5
0.0842581667179676 -3.128389509399924 -5
-1.013921647327874 -3.31890331062425 -5
-4.137183489336996 -2.499293771786521 -5
-3.268484007951362 -1.999882295297754 -5
-3.353461968852869 -3.017618385616891 -5
-2.401680147600488 -2.557140644076087 -5
2.492857819770023 -4.139584589260124 -5
-3.267949192431123 2 -5
-3.182421794860552 3.155993218442347 -5
-2.401923788646684 2.500000000000001 -5
-2.401923788646684 1.5 -5
-1.535898384862246 2 -5
-1.536592572295388 2.97289020439121 -5
-0.6845105915683387 2.505129986317796 -5
-4.153656560546956 3.507332412466155 -5
-1.492874512672367 -4.163066712172883 -5
-3.268038328351163 -0.9999803825496256 -5
-2.401923788646684 -1.5 -5
4.204077431036598 -2.459788032323782 -5
4.133974596215561 -0.5 -5
4.133974596215559 1.500000000000001 -5
-1.529083058924427 3.990311128049415 -5
0.5052661822860944 4.157740970139727 -5
0.0816597444828 3.187250557475988 -5
2.493613183166532 4.138497889837732 -5
1.06217782649107 0.4999999999999947 -5
-1.534664914294502 -0.997863566307025 -5
0.1961524227066276 -2.000000000000005 -5
-0.6723125828262289 1.500854997719629 -5
-1.528088176483038 -1.952535223950155 -5
0.1742241076295015 2.032205923585562 -5
1.058523107311548 1.50536765393092 -5
-3.508697827252527 4.169579395444364 -5
4.061456560230319 -3.440933898609102 -5
4.061456560230319 3.440933898609098 -5
-3.418136460407022 -4.058754572099325 -5
-1.933852070711328 -3.403166635204028 -5
-0.7104184166235044 -2.434804633234066 -5
3 3.38053117003826 -5
3 -3.380531170038267 -5
1.016673595607483 3.415650684511311 -5
1.013292037457889 -3.419254564751574 -5
3.464101615137755 -1.000000000000004 -5
3.464101615137757 2.000000000000006 -5
3.464101615137755 -1.999999999999995 -5
3.464101615137753 -6.217248937900877e-15 -5
3.464101615137753 0.9999999999999911 -5
-2.301442841485013 3.325961894323346 -5
-0.8225377514271335 3.36608693351851 -5
-4.267949192431122 -4.267949192431123 -5
-4.267949192431122 4.267949192431121 -5
4.267949192431121 -4.267949192431122 -5
4.26794919243112 4.26794919243112 -5
-1.542320010046244 -2.749937348422814 -5
3.502930556133066 -2.754316662992012 -5
3.502506892317012 2.752464146307659 -5
-2.70899067791466 -3.44848485616942 -5
2 6 0 103
635
636
637
638
639
640
641
642
643
644
645
646
647
648
649
650
651
652
653
654
655
656
657
658
659
660
661
662
663
664
665
666
667
668
669
670
671
672
673
674
675
676
677
678
679
680
681
682
683
684
685
686
687
688
689
690
691
692
693
694
695
696
697
698
699
700
701
702
703
704
705
706
707
708
709
710
711
712
713
714
715
716
717
718
719
720
721
722
723
724
725
726
727
728
729
730
731
732
733
734
735
736
737
-4.133974596215562 0.5 5
4.133974596215561 -0.5 5
-0.4684029062834307 -4.152217186778433 5
0.3608970630898387 4.049999118818391 5
-4.133974596215562 -1.5 5
1.5 -4.133974596215562 5
4.133974596215561 1.5 5
-1.512758904849827 4.114200486593758 5
4.204077431036596 -2.459788032323785 5
-2.586725654706581 -4.103703875044571 5
-4.14387965912288 2.520865171490804 5
2.479584671629048 4.112749022350888 5
-4.153227954944168 -3.495762630719124 5
4.045047171897599 3.445559454105696 5
3.494067683006772 -4.170502595851184 5
-3.37326347521864 4.12411846249033 5
-4.133974596215562 -0.5 5
-3.267949192431123 0 5
-3.27217046541376 0.9926885407214545 5
-2.406848607126427 0.4914699641750291 5
-2.402744591726641 -0.5014216726374947 5
-1.536855988455529 -0.001658618077078344 5
-1.558931039920782 0.991571333942705 5
-0.6738713575197774 0.4983187859776024 5
-0.6706989777503498 -0.5005566386832481 5
0.1953483605208781 -0.0003729754509436134 5
0.1959583680806416 -1.00011066834931 5
0.1961524227066329 0.9999999999999973 5
1.062043816126778 0.499937837424838 5
1.06215549143036 1.499989639570801 5
-0.669872981077809 -1.500000000000001 5
0.1634280098178582 -2.044676643463407 5
1.056691415238607 -1.507464551968789 5
0.1961487001965194 1.9999982732618 5
1.928177172704676 0.9999879128325988 5
1.928199115255827 1.999998091190756 5
1.928176552286319 -1.237495709993652e-05 5
2.794228634059947 0.4999999999999885 5
-0.7012863562664311 -2.516159062219633 5
-1.541133947393685 -2.002693177036604 5
1.012754314267911 -2.5353992055461 5
1.928203230275505 -2.000000000000006 5
-1.535898384862252 -2.999999999999998 5
-2.386049557874982 -2.471442511893323 5
2.794228634059943 -0.5000000000000124 5
1.952464818711711 -3.109814736064162 5
2.784372469638356 -2.487737621824703 5
1.051809826644149 2.482048474906101 5
1.96459502182349 3.143043972605399 5
2.785008341435472 2.489779050678827 5
0.1961524227066453 3 5
-0.6877045798932118 2.500580614415231 5
-0.6294056593327948 3.498630310705636 5
-1.552205085225374 3.049902360465625 5
-2.415674239763039 3.58125764302179 5
-2.44403791354977 2.564000948979487 5
-1.556667171034909 2.010364417021961 5
-3.291159241585781 3.113904871966801 5
-4.136328985530554 1.502258952035376 5
0.5052661822860944 -4.157740970139731 5
0.100191686588774 -3.16798609276699 5
-4.137183489336996 -2.49929377178652 5
2.491088750286413 -4.132470516361529 5
-3.272597105503737 2.006501185683163 5
-1.528983889291124 -3.994183955993528 5
-3.268085992944449 -1.000236945439581 5
-0.6808121709109214 1.500138904103215 5
4.133974596215561 -1.5 5
4.133974596215559 0.5000000000000009 5
4.184537499731444 2.459001150420779 5
1.500000000000001 4.133974596215561 5
-3.183362940728888 -3.151207349070773 5
-1.537205045841783 -1.001055017739071 5
1.061070290421455 -0.5013371222168859 5
2.794228634059952 1.499999999999987 5
-2.400528054702111 -1.496141554124345 5
2.794228634059947 -1.50000000000001 5
-3.251530771967165 -2.019720355385757 5
1.927099792723628 -1.001469008190467 5
-2.422807867298829 1.483325880770175 5
4.061456560230319 -3.440933898609102 5
-3.508758843950807 -4.167632294120722 5
3.465153990188865 4.201081741174825 5
-4.177384691524634 3.470933150972071 5
3 -3.380531170038267 5
2.998342905175429 3.380232778161252 5
1.007211938964743 -3.40693661823635 5
1.000000000000018 3.392304845413257 5
-0.5146432476620566 4.326018532416567 5
3.46410161513775 -1.000000000000009 5
3.46410161513775 -2.000000000000012 5
3.464101615137753 -5.329070518200751e-15 5
3.464101615137755 0.9999999999999973 5
3.464101615137764 1.999999999999995 5
-2.301442841485022 -3.325961894323339 5
-0.8268759700228925 -3.366109259551717 5
-2.5 4.381299563793643 5
-4.267949192431122 -4.267949192431123 5
4.267949192431121 -4.267949192431122 5
-4.267949192431121 4.26794919243112 5
4.26794919243112 4.26794919243112 5
3.486462966236173 2.770209618600645 5
3.502801615208604 -2.753798144559174 5
3 1 0 464
738
739
740
741
742
743
744
745
746
747
748
749
750
751
752
753
754
755
756
757
758
759
760
761
762
763
764
765
766
767
768
769
770
771
772
773
774
775
776
777
778
779
780
781
782
783
784
785
786
787
788
789
790
791
792
793
794
795
796
797
798
799
800
801
802
803
804
805
806
807
808
809
810
811
812
813
814
815
816
817
818
819
820
821
822
823
824
825
826
827
828
829
830
831
832
833
834
835
836
837
838
839
840
841
842
843
844
845
846
847
848
849
850
851
852
853
854
855
856
857
858
859
860
861
862
863
864
865
866
867
868
869
870
871
872
873
874
875
876
877
878
879
880
881
882
883
884
885
886
887
888
889
890
891
892
893
894
895
896
897
898
899
900
901
902
903
904
905
906
907
908
909
910
911
912
913
914
915
916
917
918
919
920
921
922
923
924
925
926
927
928
929
930
931
932
933
934
935
936
937
938
939
940
941
942
943
944
945
946
947
948
949
950
951
952
953
954
955
956
957
958
959
960
961
962
963
964
965
966
967
968
969
970
971
972
973
974
975
976
977
978
979
980
981
982
983
984
985
986
987
988
989
990
991
992
993
994
995
996
997
998
999
1000
1001
1002
1003
1004
1005
1006
1007
1008
1009
1010
1011
1012
1013
1014
1015
1016
1017
1018
1019
1020
1021
1022
1023
1024
1025
1026
1027
1028
1029
1030
1031
1032
1033
1034
1035
1036
1037
1038
1039
1040
1041
1042
1043
1044
1045
1046
1047
1048
1049
1050
1051
1052
1053
1054
1055
1056
1057
1058
1059
1060
1061
1062
1063
1064
1065
1066
1067
1068
1069
1070
1071
1072
1073
1074
1075
1076
1077
1078
1079
1080
1081
1082
1083
1084
1085
1086
1087
1088
1089
1090
1091
1092
1093
1094
1095
1096
1097
1098
1099
1100
1101
1102
1103
1104
1105
1106
1107
1108
1109
1110
1111
1112
1113
1114
1115
1116
1117
1118
1119
1120
1121
1122
1123
1124
1125
1126
1127
1128
1129
1130
1131
1132
1133
1134
1135
1136
1137
1138
1139
1140
1141
1142
1143
1144
1145
1146
1147
1148
1149
1150
1151
1152
1153
1154
1155
1156
1157
1158
1159
1160
1161
1162
1163
1164
1165
1166
1167
1168
1169
1170
1171
1172
1173
1174
1175
1176
1177
1178
1179
1180
1181
1182
1183
1184
1185
1186
1187
1188
1189
1190
1191
1192
1193
1194
1195
1196
1197
1198
1199
1200
1201
-1.573185967712609e-05 1.701659752129103e-05 -1.701659752025454e-05
-1.837035040427188 -1.836594779232124 1.836730079589858
-1.824573519457058 1.499999999999999 -1.975444049293714
-1.824238239165778 1.976531667867539 1.495962038207583
1.975182728968058 -1.824262732380581 -1.500755826038021
1.189137912925291 1.988617361696737 1.988619618339571
-1.836393024656652 -1.836388940868766 -1.836393593441473
1.189224510742813 1.988755113666397 -1.988144238234112
1.213322216811104 -1.984835509392039 1.984052018746179
2.451233991966802 0.8781469451991737 0.0002267042461434082
0.1379017307888746 -0.3940618200461719 -2.498444353488755
-2.513325668836978 -0.2414195486449298 0.0001393662172027849
-0.2181091261120201 -2.512331582128328 -0.02412970500886274
-0.2489113048798348 -0.007551218041466745 2.522121704047902
2.500294714773873 0.009077732232492109 2.612603281144195
-0.03520823499089326 2.597846633381104 0.0002321286439200164
2.428722451353746 0.1330752789276832 -2.711884218036813
-2.533349126118306 0.1670540497679864 2.726325792557385
0.1575430306986678 -2.70927863051867 -2.637849108587285
2.739633374667195 -2.718990142085804 0.4545273875515464
-2.781473297733328 -2.781473297733328 -4.984481270103747e-05
-2.755736308623008 2.783776757892721 -0.3831718791083841
2.846874152910139 2.846874152910137 0.856692889165185
-2.809340333233978 -0.2056661550693428 -2.888222111916952
-0.6784786492910442 2.947639630958689 -2.956513008350623
-0.5762167181194586 2.929133302567086 2.924223019572683
-0.5414288926047863 -2.974033515161814 2.985717998317008
2.918804247234868 2.918804247234867 -1.241702787908313
2.786660270524668 2.950365820231397 2.952217070030855
2.986566368096151 -1.941046108232909 3.008795383991552
1.733298623698171 -0.9781923718979672 0.3172510626986836
-2.591042880900657 3.031307561127805 3.039570660921106
-2.684575880389398 2.953478408965515 -3.063416983575565
2.98016688089032 2.037570509673697 -3.048380555157228
-3.052279827291757 -2.892243674785712 -3.025167431517417
2.936861241295577 -2.959735561879245 -2.959876799087942
-2.436301341387084 -3.11826016677649 3.111647704364061
-1.387928006975483 1.245551448765646 -0.172146590080362
3.183292998433215 -0.4499852936505687 -1.099476909413548
1.386639980573773 -0.01009188908214014 -1.20541161959962
-1.287257790879779 -0.1475985293659441 -1.365562977538556
3.225771769625316 -1.137361546605691 1.375143360748659
-3.222008959118103 3.204097903466829 1.333150777674996
1.512497260804412 -1.376354772382765 -3.222282753311453
-0.5312793899066248 1.146255011101545 -3.214605286584872
-1.211359615089312 3.22527708968847 -1.238695323922808
-3.193127318730515 -1.459678505512275 3.233156031065651
-3.244454273319354 1.129824049593433 -0.9214019239403797
1.344157454630072 -3.224079762112846 -0.5628046448656036
-3.227990678302183 0.8776872967691615 1.220978971572958
1.160588376604816 0.2794274065998668 1.455843050735449
3.213311449398845 -3.230630958332236 -1.203421865218868
-1.241519015247567 1.295064366331432 3.258772459312453
-0.2554076078787906 -1.255512232452153 1.24437407590718
3.227648846133159 1.253259842601829 1.561643020766058
1.196677123524819 -3.240533502184388 3.241115273437276
1.046541787576112 3.236063274261906 -3.237919039053524
-0.2406461288478428 1.295799120982312 1.16048046614278
-3.252911702942936 -0.8622485799083575 1.468813486383408
3.318367465944889 -1.236573360687377 -3.289930486884495
-1.105429973692196 -3.319618846894567 1.254406840800018
-1.40251502414259 -2.573479442693912 -3.31058706068947
1.549180800579416 3.306295627413367 -0.2237054109559928
1.097340222648723 0.8124223428608824 3.279629335109167
-3.326257182782418 -1.116745133056087 -1.274921661678438
-0.9478418767929621 -3.27751058438134 -1.412626814702555
-1.1226446665678 -1.283739478421247 3.329180146991106
-3.305109686300795 -2.745869588817663 1.655108065939506
3.190960542854993 1.230297877103413 -1.528163614912607
1.101132492176326 3.113989306475474 3.297303868768787
0.9883154469535343 -0.9128097283151493 3.322052197601361
2.491373706898488 -3.329637293008275 2.072048229867993
-3.321930419601385 1.377361665441312 -3.32297331876425
3.403904632590618 1.518471167606718 3.384136575879896
-1.501341557598059 0.1337310658609817 1.345130409031111
-0.1127398369837302 1.101277848798585 -1.31026887239068
0.8019085153761762 -3.365519861025106 1.056444345801487
-1.290098782286122 -0.8668685333757141 -3.312342156709233
-1.45625765607046 3.354032920806771 0.5614725653602802
0.3795340674283478 -1.375030643346693 -1.13399020502957
1.150246767689373 1.022190760685363 -3.378878559439283
0.441941254743991 3.408771007457605 -1.48519464320459
-3.383223471493415 -3.384866944563912 -1.450795209038366
0.5819046560341952 3.404460507635121 1.331857532743495
-1.605440026472241 -1.621458784800577 0.2027486238693257
-3.368246562520394 1.499554521523761 3.377942214619995
3.452057222926283 3.451913426590294 -2.602921399266824
1.424199148942148 -3.413632071517263 -3.410048213655546
0.9130683999472617 1.311549152667741 -0.09901222463565104
-3.467599432558646 2.458379242701663 -1.769114199311258
-3.502540785025976 -1.468659001111943 -3.517686772420238
3.546354534125693 -1.858808530358942 -0.5560278978609877
3.42012910219253 -3.445898143468912 3.381872520590284
3.493069046995106 1.967585603371286 -0.2029607405898619
-1.874220140645312 1.766287512725506 -3.541924295649967
3.554367049071737 -0.1027824161752546 0.3237371109436468
3.59547058958842 0.499999999999992 -3.587451071273443
1.8373173967609 -3.238945448121101 -1.979007742898146
0.05063468184090357 -1.496261052232382 -3.502054454770358
-3.519992449141418 -1.498349473583751 0.1503040591821195
-1.610904928179284 3.51525618742073 2.031539094014095
1.970333739217645 3.521875239477006 1.849352408172418
3.583312898278932 -1.990546716787704 -2.036361255776997
-2.529055828721115 3.57244850857639 -1.753861100147179
-1.548602953917463 -3.548293311498208 -0.113894485367013
3.496093745398193 -0.629712210985254 3.542095078693886
-3.640230921359198 2.078354531728232 0.5222580997747179
0.08060714021823326 1.806567259488959 3.566884395251976
3.560544904507351 3.560442056144952 1.89314166374506
-1.928217446082579 -3.632702477234613 -2.443541987806828
3.575025014079523 3.575025014079523 -0.1450506094339197
3.611327375965853 -3.583429982325584 1.205050624261602
1.769609233898439 3.295946422027202 -2.00524893282632
0.4286848571695164 -3.645926146475937 -1.584612035278288
1.972225974583924 1.952326087518762 -0.800611759209553
-3.116878640485929 2.002057572650421 2.07672632613324
-3.670933662717831 -3.670933662717831 0.6484801040112063
-0.565836270994458 2.612794144348857 1.549069347410326
2.425010229321065 3.544526943678725 -3.654220025037312
-3.655695640826365 -3.657576537633512 3.657576537633511
-0.04802778550764653 -1.735283283883843 2.547114658391378
-1.815142397111481 0.3758106311341262 -3.681930561863417
1.600807252543214 2.24360299773808 0.6796181030804158
2.001815447761305 1.902316362829749 3.56116514632901
-0.5134247337865112 -1.580653869125186 -2.179941675519762
-3.690068682284746 3.607497241205975 -2.442840387876143
2.519725384165735 0.105824753032257 1.226945347856132
1.085094656558383 -2.206206097540374 0.3459468112498109
-2.642254530448307 0.05295191551398379 -1.541917341467522
-2.299023292665887 -3.670685162549851 1.853534756430457
-0.9332680742490127 0.02888173697769575 3.724333110256622
-3.640378617845449 3.675416774110094 -0.9474193352338657
-3.635665884441206 -0.1368182055283262 3.609497311188341
0.833956465811559 -0.2763264231263582 -3.670023666823937
3.695228708241993 -0.285279039522818 -2.367676768223019
-3.665024429421926 3.709031002406448 2.526700544066109
3.664557326200445 -2.361875552056518 1.869012543396981
-3.732179086903651 -2.18814260690481 -2.048731968583346
-3.768642480120355 -0.09087186943814746 -0.5000000000000038
-0.340947724504911 2.346759758961027 -1.790695632286252
-0.4068828361532641 -3.572720889083112 -3.662196090044092
1.749453789919849 -2.029853580774401 3.626362283819943
-3.695874262002307 0.7084181159760833 -2.165067150775045
3.665524366935805 0.009767440808944039 1.932648452110079
3.751146092499917 -2.363381902769244 -3.782828596069629
-1.511032085295497 3.581256423531144 3.717597771336476
-0.9429703099307434 -1.365392615093064 -0.9311847003771448
-3.736991266165342 0.1875952974048641 -3.764168277620381
3.729891195833671 -3.794965186411939 -2.377712796810116
0.4059497637799488 2.081008830891079 -3.062104075451831
2.18844393994996 -0.5601513207144274 3.773167106487564
1.934752532958282 -3.771797306186786 0.4997702240995344
2.416174635581135 1.078303991003164 -3.769521801653409
-0.1528030483607329 -3.783490250144953 -0.399669980018543
3.760259982177459 -3.715613446793743 -0.1018870887976508
-2.236435479371046 -0.6760502234519794 3.700248465726278
1.797855098400049 -0.8082912781955431 1.849341594609327
2.22103474565331 1.28426262950998 2.415322778726342
3.743546741098531 2.51902205510941 3.7386561449954
-1.484398216762884 -2.477172570224981 3.767539926045191
2.148476481224289 3.704988604374017 3.804988614833819
-3.717508131571435 2.756609064569741 3.737445299049473
3.749218314764493 2.84915549522637 -3.721904256368232
-2.305686304265214 -3.694963854404572 -3.764877840174408
-3.750583791795242 3.355254997966826 -3.744552689969152
-2.188106192944126 -2.913209017415312 -1.167032653843647
0.2025863579372906 1.220863490289649 2.396066322452883
0.8040261284470842 0.6862546508380936 -2.156045572069287
3.760991316080972 -3.695864599581919 -3.708268375660737
-3.755692173393127 -2.597449567967692 2.883266078845024
-1.654561498203201 3.743205729977437 -3.472696727905361
-0.09566143446520714 -2.527123763153355 1.506858648291263
-2.297347979058577 -1.657255779066047 -3.04684192248244
-0.4374536907440864 -0.01211121282019961 -3.810852405309424
1.759170384136491 2.171707324751706 -3.491015757986259
0.359275700416544 -3.69308335705006 2.286745865314527
0.4252225934681836 -2.240738208020611 3.697631631795309
-1.232152438349295 -0.3758158104241053 0.1791868428447606
-2.218987468912349 2.010048237744651 3.799829267301234
3.73057953451634 2.280605232271227 2.268143038745797
2.226350982556162 -0.4835929448874552 -3.834422286488448
-0.145449158891871 3.820643194621207 -0.4083287047255039
2.427662919520676 -2.136741970447541 1.566247311826987
2.454794286523964 -2.078691017778966 -3.800994781383142
-2.62285097670669 1.358016384165386 0.1867678702669293
3.79492472888037 3.721004754186482 3.144897677952406
-1.142754776546965 0.1948865090191085 -2.598575464837398
-3.749771410955957 -3.769260981884317 -3.743734193024833
-3.777598544703785 3.777598544703785 0.3262342037545006
1.199026740680434 -0.9602833312950597 -2.048570565054499
-3.747901212457407 -2.355774728644467 -0.7766900057154953
-1.646130075643568 -0.6702393999454516 2.332893060003614
2.662170770804608 -1.020222662521807 -2.216201541535892
0.1242189076862518 -3.785791826978037 3.789686017527218
0.8700271219366389 -2.450096362822617 -1.612775445069429
2.342280533475722 0.7035112231602039 3.826264855401694
-0.2368664238932801 0.02638006076659026 1.250050401381408
1.952494703051723 1.008758044011263 -1.71478047888544
-0.02160054495740476 -0.1646457486734105 -1.259335637587414
3.75626433387273 2.316723079981352 -2.038883362178636
-3.738544337249698 0.6451888222665523 2.427497223416086
0.327557733914967 -1.216959765186877 0.1211294672145746
3.753837749944492 -2.3692219579374 3.863497569802718
-1.721119671440919 2.721986364406521 -2.279481100526616
0.3019154408595596 3.816489505989759 2.539489555586983
3.817769027983449 -2.00052591497347 0.6689246393964925
-0.04232927630796751 3.760397129234761 -3.79959153515895
-3.660524927244384 -3.790647596462933 2.356674699770872
-1.39948904127255 -3.764609166013462 3.570679210099012
-2.021882477016053 3.80153740780918 -0.4688302224182177
3.793919320455058 3.793919320455057 -1.445601355591519
-1.801583199096077 2.16762764570659 -0.9143430064113793
0.03785659260879343 3.66376291548549 3.802356113362387
3.846040269683857 -1.193027855576283 2.470607335273428
-2.166588151837656 -1.134990165976021 -0.8046261974168802
-2.240098160286592 0.7589719244833134 3.789053798331513
-1.113225510688148 1.101375452281044 2.032048526898918
3.780007083599378 0.7930859861371244 -0.5170673393891084
1.418275941242295 0.2242650770528939 0.2385109476742828
-1.63446898080865 2.322545331351221 2.676432017595678
-2.672261703961142 -1.964425797753655 0.9277180942706544
0.8166398580269376 2.39503316081196 -0.8775552287460906
-3.757465973420143 -0.8910700935215758 -2.432359163793982
-0.4583880546680167 -3.76500987001762 -2.440149998244714
0.5747431083990161 -0.7945100054420957 2.038222726875611
-1.188299802216056 -3.871223005370009 2.357461603663053
2.334787492846784 -1.847430629010332 -0.3201605423271072
-0.5514079293828833 3.832702115003684 -2.096143353278178
0.2999040328771174 0.008297893034639348 3.770268278240761
0.4380999444474311 -2.647601844891219 -3.876009479066822
1.947614572555413 1.194479462275804 1.219616308322937
2.265122742500567 3.894154129862034 0.5835617132351318
2.435322595127801 2.387099806247233 1.91875680217965
-2.106403814637712 -0.8856617374043217 1.042194848508961
-0.5715210733445715 3.803273480866614 1.274336810943357
-3.883047628621055 -3.64286477525842 -2.535630152659211
-2.947396332201596 -3.907700021506245 -0.4384606018520848
-1.065944724493704 2.199411841589898 0.5163361162866011
-3.832072028324463 -0.07179722136561595 0.7271552029986987
-3.780710170381836 2.438887134148334 -2.944695376965616
2.399130919284257 2.10722216354556 -1.982790351621167
-3.899158947035943 2.300116647037199 -0.6441729338477997
-1.892687806227894 -0.6999820345608536 -2.262486583592152
2.363751841431033 -3.8749586788085 -0.6284320440451036
-2.446367309848847 -3.800161072029234 0.6586450855254712
3.751192557005568 -3.922883409873568 2.363307123505635
2.237949935556925 -3.78419195075529 3.781013964254499
3.808096100116086 2.121115810752749 0.9534195050212969
-3.861118850241077 0.9649560742710563 0.105552195395627
-3.879062501764706 -2.556309248584453 -3.807781809906402
-2.351775248185262 1.357573811915882 2.747557638563288
-1.053230584970907 2.328141492956575 3.859646534646665
2.537010919429742 -3.82929238881277 -3.734879898641736
-3.790654457624564 -0.6721744420443354 2.535729463079401
3.777610376646187 1.655783352177556 -3.862679883117939
-3.136292791905001 3.863298465003848 3.799087716806619
2.398880709330232 3.912189181475963 -0.8152373077012066
-0.7701984826512759 2.143208099707834 -3.851709882706676
3.787572116117363 1.219137237909714 -2.605880144588949
1.331674121464595 -2.444398808605106 -2.715839225468287
0.4595612293036533 2.254843808827206 1.031815378774612
-2.356038345011742 -0.7667204706093809 -3.838271479586539
-3.829396316692927 -1.743393248878817 2.021139045886868
-1.267405757183329 -2.451143274645664 -0.5765185871286195
-2.539830611279787 3.828518743626997 0.5948341408893278
-2.10410584278234 -1.844006666744092 2.986916237189284
-0.2051930600820063 -3.912916162024408 0.7728579537271099
-0.05472800204217099 -1.159070143437926 3.845023403082868
-0.2232822591996712 -2.380837031812018 -1.190720806375218
-2.393494776761506 0.8877427439143398 -2.798811774553591
-2.384751017399172 2.65600247038399 0.7218699255549201
-3.842310717984228 -2.512155685480816 0.6407168064465658
-0.246492788530246 1.44568068743347 -0.001255767263352506
-3.097418598223912 -2.470473358876757 3.889071349224879
2.238119262568604 -0.2506946857799244 -0.443689486942518
3.498604743593615 3.97515901272443 -3.633706226858541
1.348360677406635 -3.13458101425568 2.052912704292144
3.851153019423845 0.9761211549152597 0.6249956775555803
-1.549213532070975 -2.774921386017664 2.451249471920601
3.655707270299285 0.4420269079492192 3.947980963406985
3.076980249586232 -1.151423736126331 0.2287429017452038
-2.111720077482219 0.9308860834963921 -1.01375379504053
1.442507281815496 -1.085633761147805 -0.7934052568727994
-2.74415481021239 1.947411848950815 -2.505603177590946
2.654757631397539 -2.711741521387478 3.830852503062529
-1.817824179338011 -2.673171575128471 0.6212200192103146
0.9472737637279977 -1.31895012363463 1.084727112640844
1.293584017533949 -0.08361426823311291 2.586140947854635
0.3321122870969109 2.703410376115225 2.259003505458568
0.7394945983367126 3.914327762003504 0.3160607434153999
3.937320308651024 3.937320308651025 0.8793151873650195
-2.671765532756235 3.979832929196657 1.995010613896893
2.088832110865189 -1.247374821694952 2.86446517335288
-2.750133621405947 -2.244551075068747 -3.938737969021775
-3.981073898544443 -3.431170780100453 -0.4823300426040499
2.697481957885309 3.945095405062291 -1.911119180520573
2.046522775245342 -2.434410318442865 2.609012632750961
3.983518885742734 2.636128095688774 -0.9755384969033429
-4.021667264410261 1.639853661114983 1.496362570227061
2.379297265121313 -2.016948817146202 -2.672917606672196
-2.210012527889489 0.9356665034473401 1.708639319966767
-0.9603505016319166 -1.746244783759828 -3.941023447720497
-1.645800631516054 3.934106684882748 -2.358915891062115
2.711541671781883 -3.951863564274393 -1.913919843034624
2.785556161085567 1.740620262913198 0.645588058901446
0.666736118344726 -3.92229371655841 -2.68891158959904
-2.030186260565207 2.800626518962066 -3.97412656030527
-1.840544217035731 -3.970902423590452 -1.367590219822545
0.8341392978178844 -3.970116612734895 0.1078315139478443
0.5293295463676639 3.968047281713476 -2.499308796401069
3.986943555740075 -1.195731666449201 -1.350526615480227
-2.693651685026203 3.704733138865277 -3.899315211853736
2.516077708199553 2.736618845532946 -0.2100892558026499
1.311822172154858 3.990031455920363 -1.08065993167601
1.086559217362354 4.012709640269022 3.959322669909344
-1.02331496010104 -2.054004967967539 1.103429141746941
-1.074745492484377 -2.543412429174943 -2.24393647043727
-3.893747605175285 2.607234159193145 2.63118396232966
-3.989812442564839 -0.1999611684164004 -1.587999533763605
0.2693147636394039 1.414373793373006 -3.957257303931914
2.056324441769332 1.384372033908811 -2.759502065185246
2.416926476279487 3.984018497245954 2.75990381291157
-0.6991540497913713 2.125125442050527 -0.7593089529128524
-1.322599081224154 1.154385884527386 0.9361663933388733
-1.00049137266718 1.932095530522321 -2.583681218604553
0.9905530616841922 1.227395108440497 -1.203983545066173
-0.9085936916993211 3.98888945808308 2.876945641586837
-1.395279234140595 0.3185893040701875 2.761507231687914
1.751285250866056 -2.801546344439738 0.9975670473180235
-3.168731308600296 2.35065245160976 -3.911650565199459
2.254560581783156 -2.743305638464501 -0.9585963817561474
1.349686726534736 -0.09334550045714612 -2.712879093280734
-0.7448135194136061 0.4884485486905836 -0.648193053632983
-2.885981017430648 -3.969846656966692 -2.870100339900155
-2.678890644264156 -2.50678936252663 -2.064333831177837
3.94939838522425 0.3961957269375999 2.839401756439439
0.8716191222731009 1.236025109456297 0.9971461936686776
-0.3126883943488158 0.8868828543206451 4.029175788671488
-2.641098019052629 -1.136817470579212 2.339442650855084
0.5228870262087009 -1.679909596994813 -2.528224180933059
4.013489197397202 0.4537711650371651 -1.571474524346527
1.030347550553451 2.04305168698993 3.072301524127322
-2.048894897546111 4.027151820889413 2.884724294335912
1.506967138811035 -4.022878950324552 -1.291770394975569
3.615300708175822 -0.496161436398731 -4.037559717395366
1.778468934765284 -4.00415369335453 2.63878633063463
0.5299756897283711 -2.660544969074601 2.599216305720198
-2.805045767983474 0.7012680513082842 -4.006075846519063
3.992048266461347 -2.772561365400823 -2.69835514080143
-0.6267987061797691 1.895185418815231 2.592945973706721
1.35044094736935 0.07849083035448623 4.040439293455123
2.493844755946046 2.959257405926279 -2.741619543971893
0.3782365914680688 2.721612515746451 -4.003608745351681
1.79978533015204 -3.98561072801645 1.554520535543832
-2.50661438213499 -0.1056755968506914 1.678382424410477
-4.026349992988548 1.548031785169361 -1.554454074228404
3.988719555118178 -3.988719555118177 -1.128887888144139
-2.760366909615601 -2.006098518589954 -1.039538195234273
-2.402427388826989 2.792485960599523 1.902685294794432
2.374429538112871 0.01796168893779143 -1.639917808761554
-2.714888753650431 3.996934370037899 -2.742720657425424
2.847468469680089 -1.398062094691051 3.928826842759438
3.954380370866877 -0.8632959290199744 -0.3262027435031474
1.346854612037759 -2.157627269627675 -0.6951955235601258
-0.5213997496141813 -2.976993044249469 4.053505230585097
4.019648030820965 -2.818386315200834 -0.6289719032791811
0.9953646764600069 3.948227697907334 -4.054914528752297
0.02165203347271719 1.397457406599575 -2.331503735778017
-3.978221243439866 0.8273777404518009 3.975521422973181
-0.9090503643580384 3.182588518477353 -3.964980383819421
-1.357103267567387 -3.962434579789167 -3.307207396096048
-2.298348915106277 0.5017202897059129 0.7366371624792099
0.2798085971707702 0.4573285837179849 -3.127050723415509
0.2863336832408347 2.930940906952819 -2.427163952330126
1.360367553950365 3.908430151563367 2.63439911743025
-2.791345761823324 -1.269124647891944 -2.18496014409109
-3.962101485932471 -1.13626807766679 3.965440080692245
0.676608446772565 -0.3473511481189093 0.7446052147801795
-1.042933209136644 0.8172233191633899 -1.741476260380879
1.379145226933606 -2.097014037112928 -4.047504674370922
3.194765839081363 3.8116890114585 4.033723784406732
3.983725642856437 -2.686131667120684 2.852785355218279
2.554433183024206 2.724902654241913 3.977008277167779
-2.666118565689583 1.851212727512305 -1.43735826255006
-0.6322377030971822 -0.9328030946233788 2.179428464966949
1.602222089935999 0.342856086918309 -4.053125219696082
-3.952153864254926 3.952153864254927 1.531472537485971
2.659747100870726 2.539340313182691 -3.938138739226689
1.389830742292289 4.059317097202917 1.150258354944385
-2.589481041192635 -3.899203550209163 3.899203550209164
1.78139488112798 3.958229739393934 -2.87419633346705
1.230900070287605 0.969344482600734 2.247528436415672
4.086630304593894 -1.239229403791126 -2.572376543699368
2.931690198063633 -1.447507740436864 -1.298242186770985
-2.426623986346907 -1.670338659849018 3.967837500575262
-2.935558627936822 -2.137862204648802 2.422912655336613
0.5947254191041229 -3.699617054937794 -4.030886688931311
2.696716285420603 -2.647941937835241 -1.901595997683966
-1.191210420992706 1.140316255082995 -4.024114934573352
2.128138301361451 -3.850360951305277 -2.774140237091043
0.4334024688308504 2.702457956669988 4.010517309131385
4.020163219101478 -0.9741735354618772 0.7128702096328113
1.822984379561978 2.624557177073627 2.72745674875789
-2.101519007684589 -4.076293891796844 2.861986775770239
2.954108853399238 -3.973293259338141 0.5009485333653956
-3.182037986645907 -4.076015287332023 1.475435987910212
4.070010679851905 -2.828342277832633 -1.665247117182381
-0.7402791655240397 4.006341086128318 -3.089286375178508
-4.088872528067747 -1.059262418451403 0.8934500832932885
-1.097447214984512 4.068956622742464 -0.09258593495265077
-0.9502236466301328 2.997161790917897 -0.2655074093490674
4.119140902470252 -2.981440843151085 0.5333944336954231
-2.334354952229783 3.022884506142816 4.059736994959659
-4.072425547233574 -2.145482674018768 3.759831198547251
2.855565526035665 0.5094870644226352 -0.872796659646647
-4.126005869346379 -1.975020780672232 -2.934538231886411
-2.768709892449704 1.793864056098421 1.131321000975514
0.9890656447304486 1.558639589930945 3.977122512571849
2.877167759677429 -0.8959323873062014 2.309545691765837
-4.115254627678492 -1.175845470664894 -0.621128931424235
0.692726403687582 0.4492471541745067 -0.6071979228658331
-1.956968689520441 -2.824340857726022 -4.098208343375812
4.025773404629398 1.616754869669703 -1.075740985391552
-2.290693019099284 -2.700456034745294 1.528319527391761
-0.6547600713670678 -1.958790757405823 4.081000805299796
-4.102224590232952 1.900364373345103 -3.780201060123936
-1.059486786715414 -1.878468190781152 2.499654668008175
3.901242024772206 -4.058538918511377 4.058538918511377
-0.6743048407591234 -1.219403141597311 0.3146414667955388
2.799822452793043 -4.011047271710529 2.782202017007956
2.04435246537806 -1.887541256758898 0.6556626648403501
-4.114067289949957 2.842870433428305 0.9999999999999897
1.152747809876655 -3.996966455250226 3.996966455250226
-2.57057661682075 -1.785744805437609 -0.06666344352040326
2.948046090734669 -2.944063631213051 -4.06731953253995
4.039826156522438 2.732844413852553 0.1777797618687303
-2.982098735827327 4.069954561602722 -0.2849323654804316
-2.744654879609117 -4.090481970006311 -1.853559412077972
-1.187401986032554 -4.120142625321932 0.6397145455767301
1.353639795399711 -1.004826938623839 -4.158077360083686
4.102954960003586 0.9224453569800508 1.947584157249222
3.983234151902766 2.16580819815741 -3.013320364771102
-0.7695720685788732 -0.6049977947491747 -2.104479837870068
-4.138154413040533 0.5163672164642044 1.49988867117057
-0.7910608618213564 0.5152422578064739 0.3611661539817494
-1.329339878377957 -1.71342986477899 -2.761533539410887
1.921985710919898 2.921559212085207 -1.079782191044959
-0.5599731419633415 -4.055744783120498 3.112726432139496
4.050140584285853 -1.486414813761713 3.432475728350721
1.653889012971177 0.756889028697723 -0.606415857916114
1.012068511349425 -1.853828936033698 2.962624406529925
2.76600296272809 3.994340877899718 1.451644013655683
0.6133665423726199 -0.5544881348629483 -0.5816368870065184
-0.4088082366188206 -4.05952370203858 1.748205975238118
0.842436525834227 2.915232601366737 0.3762932332513962
-0.4158510223551797 -2.400647160305178 -3.404803815653584
-1.031102515153707 -4.100262611737521 -0.7804063283755325
-1.74090494892535 0.1404302162858461 -0.5166116626550433
-4.11616754400304 0.6625590787169052 -1.090948423336053
-1.148099296746277 -0.805228851982196 1.328359301485869
4.117816512979585 4.117816512979586 -2.884080652996625
-4.131852044367874 -1 -4.135499207521102
-1.777461830305922 4.051063874205285 1.203247059647176
-1.701433919343341 4.086698362084936 -1.372175273431428
$EndNodes
$Elements
27 6539 1 6539
0 1 15 1
1 1 
0 2 15 1
2 2 
0 3 15 1
3 3 
0 4 15 1
4 4 
0 5 15 1
5 5 
0 6 15 1
6 6 
0 7 15 1
7 7 
0 8 15 1
8 8 
1 1 1 10
9 1 9 
10 9 10 
11 10 11 
12 11 12 
13 12 13 
14 13 14 
15 14 15 
16 15 16 
17 16 17 
18 17 2 
1 2 1 10
19 1 18 
20 18 19 
21 19 20 
22 20 21 
23 21 22 
24 22 23 
25 23 24 
26 24 25 
27 25 26 
28 26 3 
1 3 1 10
29 3 27 
30 27 28 
31 28 29 
32 29 30 
33 30 31 
34 31 32 
35 32 33 
36 33 34 
37 34 35 
38 35 4 
1 4 1 10
39 2 36 
40 36 37 
41 37 38 
42 38 39 
43 39 40 
44 40 41 
45 41 42 
46 42 43 
47 43 44 
48 44 4 
1 5 1 10
49 5 45 
50 45 46 
51 46 47 
52 47 48 
53 48 49 
54 49 50 
55 50 51 
56 51 52 
57 52 53 
58 53 6 
1 6 1 10
59 5 54 
60 54 55 
61 55 56 
62 56 57 
63 57 58 
64 58 59 
65 59 60 
66 60 61 
67 61 62 
68 62 7 
1 7 1 10
69 7 63 
70 63 64 
71 64 65 
72 65 66 
73 66 67 
74 67 68 
75 68 69 
76 69 70 
77 70 71 
78 71 8 
1 8 1 10
79 6 72 
80 72 73 
81 73 74 
82 74 75 
83 75 76 
84 76 77 
85 77 78 
86 78 79 
87 79 80 
88 80 8 
1 9 1 10
89 1 81 
90 81 82 
91 82 83 
92 83 84 
93 84 85 
94 85 86 
95 86 87 
96 87 88 
97 88 89 
98 89 5 
1 10 1 10
99 2 90 
100 90 91 
101 91 92 
102 92 93 
103 93 94 
104 94 95 
105 95 96 
106 96 97 
107 97 98 
108 98 6 
1 11 1 10
109 3 99 
110 99 100 
111 100 101 
112 101 102 
113 102 103 
114 103 104 
115 104 105 
116 105 106 
117 106 107 
118 107 7 
1 12 1 10
119 4 108 
120 108 109 
121 109 110 
122 110 111 
123 111 112 
124 112 113 
125 113 114 
126 114 115 
127 115 116 
128 116 8 
2 1 2 246
129 1 9 213 
130 18 1 213 
131 17 2 214 
132 2 36 214 
133 3 26 215 
134 27 3 215 
135 4 35 216 
136 44 4 216 
137 9 10 130 
138 9 130 213 
139 10 11 166 
140 130 10 166 
141 11 12 121 
142 11 121 166 
143 12 13 132 
144 121 12 132 
145 13 14 118 
146 13 118 132 
147 14 15 162 
148 118 14 162 
149 15 16 125 
150 15 125 162 
151 16 17 178 
152 125 16 178 
153 178 17 214 
154 19 18 197 
155 197 18 213 
156 20 19 126 
157 126 19 197 
158 21 20 179 
159 20 126 179 
160 22 21 119 
161 119 21 179 
162 23 22 163 
163 22 119 163 
164 24 23 122 
165 122 23 163 
166 25 24 170 
167 24 122 170 
168 26 25 129 
169 129 25 170 
170 26 129 215 
171 28 27 198 
172 198 27 215 
173 29 28 182 
174 182 28 198 
175 30 29 123 
176 123 29 182 
177 31 30 183 
178 30 123 183 
179 32 31 117 
180 117 31 183 
181 33 32 184 
182 32 117 184 
183 34 33 127 
184 127 33 184 
185 35 34 199 
186 34 127 199 
187 35 199 216 
188 36 37 196 
189 36 196 214 
190 37 38 128 
191 37 128 196 
192 38 39 185 
193 128 38 185 
194 39 40 120 
195 39 120 185 
196 40 41 186 
197 120 40 186 
198 41 42 124 
199 41 124 186 
200 42 43 188 
201 124 42 188 
202 43 44 131 
203 43 131 188 
204 131 44 216 
205 117 183 209 
206 184 117 210 
207 117 209 210 
208 132 118 133 
209 133 118 134 
210 134 118 162 
211 163 119 164 
212 164 119 165 
213 165 119 179 
214 185 120 212 
215 120 186 187 
216 120 187 212 
217 121 132 180 
218 166 121 167 
219 167 121 180 
220 122 157 170 
221 157 122 205 
222 122 163 205 
223 123 182 208 
224 183 123 206 
225 206 123 208 
226 159 124 188 
227 124 159 204 
228 186 124 204 
229 162 125 171 
230 171 125 172 
231 172 125 178 
232 179 126 200 
233 126 197 220 
234 200 126 220 
235 127 184 207 
236 199 127 219 
237 127 207 219 
238 128 172 196 
239 172 128 211 
240 128 185 211 
241 129 170 203 
242 198 129 203 
243 129 198 215 
244 130 166 168 
245 130 168 197 
246 130 197 213 
247 188 131 202 
248 131 199 202 
249 199 131 216 
250 132 133 180 
251 133 134 135 
252 133 135 136 
253 133 136 180 
254 135 134 174 
255 134 162 171 
256 134 171 174 
257 136 135 137 
258 137 135 138 
259 138 135 174 
260 136 137 190 
261 180 136 181 
262 181 136 190 
263 137 138 139 
264 137 139 140 
265 137 140 190 
266 139 138 192 
267 138 174 175 
268 138 175 192 
269 140 139 141 
270 141 139 142 
271 142 139 192 
272 140 141 143 
273 140 143 145 
274 140 145 190 
275 141 142 189 
276 143 141 144 
277 144 141 189 
278 189 142 195 
279 142 192 194 
280 142 194 195 
281 143 144 146 
282 145 143 191 
283 143 146 191 
284 146 144 147 
285 147 144 148 
286 148 144 189 
287 190 145 193 
288 145 191 201 
289 193 145 201 
290 146 147 149 
291 146 149 150 
292 146 150 191 
293 147 148 151 
294 149 147 161 
295 147 151 161 
296 151 148 152 
297 152 148 153 
298 153 148 189 
299 150 149 157 
300 157 149 158 
301 158 149 161 
302 150 157 205 
303 150 164 191 
304 164 150 205 
305 151 152 209 
306 161 151 206 
307 206 151 209 
308 152 153 154 
309 152 154 210 
310 209 152 210 
311 154 153 155 
312 155 153 195 
313 153 189 195 
314 154 155 156 
315 154 156 207 
316 154 207 210 
317 156 155 159 
318 159 155 160 
319 160 155 195 
320 156 159 202 
321 156 202 219 
322 207 156 219 
323 157 158 203 
324 170 157 203 
325 158 161 208 
326 203 158 218 
327 158 208 218 
328 159 160 204 
329 159 188 202 
330 187 160 194 
331 160 187 204 
332 194 160 195 
333 161 206 208 
334 163 164 205 
335 164 165 201 
336 191 164 201 
337 165 179 200 
338 165 200 217 
339 201 165 217 
340 166 167 168 
341 168 167 169 
342 169 167 181 
343 167 180 181 
344 168 169 220 
345 197 168 220 
346 169 181 193 
347 169 193 217 
348 200 169 217 
349 169 200 220 
350 171 172 173 
351 171 173 174 
352 173 172 211 
353 172 178 196 
354 174 173 175 
355 175 173 176 
356 176 173 211 
357 175 176 177 
358 175 177 192 
359 177 176 212 
360 185 176 211 
361 176 185 212 
362 177 187 194 
363 187 177 212 
364 192 177 194 
365 196 178 214 
366 181 190 193 
367 182 198 218 
368 208 182 218 
369 183 206 209 
370 207 184 210 
371 187 186 204 
372 193 201 217 
373 198 203 218 
374 202 199 219 
2 2 2 244
375 5 318 45 
376 54 318 5 
377 53 320 6 
378 6 320 72 
379 7 319 62 
380 63 319 7 
381 8 321 71 
382 80 321 8 
383 45 233 46 
384 45 318 233 
385 46 282 47 
386 233 282 46 
387 47 225 48 
388 47 282 225 
389 48 237 49 
390 225 237 48 
391 49 221 50 
392 49 237 221 
393 50 279 51 
394 221 279 50 
395 51 231 52 
396 51 279 231 
397 52 304 53 
398 231 304 52 
399 304 320 53 
400 55 301 54 
401 301 318 54 
402 56 229 55 
403 229 301 55 
404 57 285 56 
405 56 285 229 
406 58 223 57 
407 223 285 57 
408 59 280 58 
409 58 280 223 
410 60 226 59 
411 226 280 59 
412 61 283 60 
413 60 283 226 
414 62 234 61 
415 234 283 61 
416 62 319 234 
417 64 302 63 
418 302 319 63 
419 65 230 64 
420 230 302 64 
421 66 288 65 
422 65 288 230 
423 67 222 66 
424 222 288 66 
425 68 289 67 
426 67 289 222 
427 69 227 68 
428 227 289 68 
429 70 290 69 
430 69 290 227 
431 71 235 70 
432 235 290 70 
433 71 321 235 
434 72 236 73 
435 72 320 236 
436 73 317 74 
437 236 317 73 
438 74 228 75 
439 74 317 228 
440 75 309 76 
441 228 309 75 
442 76 224 77 
443 76 309 224 
444 77 291 78 
445 224 291 77 
446 78 232 79 
447 78 291 232 
448 79 303 80 
449 232 303 79 
450 303 321 80 
451 237 238 221 
452 238 239 221 
453 239 279 221 
454 222 310 288 
455 289 312 222 
456 222 312 310 
457 280 281 223 
458 281 316 223 
459 223 316 285 
460 224 273 271 
461 271 308 224 
462 224 309 273 
463 224 308 291 
464 225 286 237 
465 282 298 225 
466 225 298 286 
467 226 283 266 
468 266 307 226 
469 226 307 280 
470 227 313 289 
471 290 314 227 
472 227 314 313 
473 228 274 273 
474 273 309 228 
475 228 275 274 
476 228 317 275 
477 285 315 229 
478 292 301 229 
479 229 315 292 
480 288 311 230 
481 230 323 302 
482 311 323 230 
483 231 284 278 
484 278 304 231 
485 279 284 231 
486 232 291 269 
487 269 306 232 
488 232 306 303 
489 233 292 282 
490 233 301 292 
491 233 318 301 
492 234 305 283 
493 302 305 234 
494 234 319 302 
495 235 322 290 
496 303 306 235 
497 235 321 303 
498 306 322 235 
499 236 278 275 
500 275 317 236 
501 236 304 278 
502 236 320 304 
503 237 286 238 
504 238 240 239 
505 238 241 240 
506 238 286 241 
507 240 300 239 
508 239 284 279 
509 239 300 284 
510 241 242 240 
511 242 243 240 
512 243 300 240 
513 241 293 242 
514 286 296 241 
515 241 296 293 
516 242 244 243 
517 242 245 244 
518 242 293 245 
519 244 287 243 
520 243 287 277 
521 277 300 243 
522 245 246 244 
523 246 248 244 
524 248 287 244 
525 245 247 246 
526 245 251 247 
527 245 293 251 
528 247 294 246 
529 246 249 248 
530 246 294 249 
531 251 252 247 
532 252 253 247 
533 253 294 247 
534 249 250 248 
535 250 254 248 
536 254 287 248 
537 249 255 250 
538 249 257 255 
539 249 294 257 
540 250 268 254 
541 255 256 250 
542 256 268 250 
543 251 259 252 
544 251 260 259 
545 251 293 260 
546 252 261 253 
547 259 281 252 
548 252 281 261 
549 261 262 253 
550 262 299 253 
551 253 299 294 
552 268 271 254 
553 271 272 254 
554 272 287 254 
555 255 295 256 
556 257 258 255 
557 258 295 255 
558 256 269 268 
559 256 270 269 
560 256 295 270 
561 257 265 258 
562 257 299 265 
563 294 299 257 
564 265 312 258 
565 258 313 295 
566 312 313 258 
567 260 263 259 
568 263 316 259 
569 259 316 281 
570 260 264 263 
571 260 296 264 
572 293 296 260 
573 261 266 262 
574 261 307 266 
575 281 307 261 
576 266 267 262 
577 267 297 262 
578 297 299 262 
579 264 315 263 
580 263 315 285 
581 285 316 263 
582 264 298 292 
583 292 315 264 
584 296 298 264 
585 265 299 297 
586 297 310 265 
587 310 312 265 
588 266 305 267 
589 283 305 266 
590 267 311 297 
591 305 323 267 
592 267 323 311 
593 269 308 268 
594 268 308 271 
595 270 306 269 
596 291 308 269 
597 295 314 270 
598 270 322 306 
599 314 322 270 
600 271 273 272 
601 273 274 272 
602 274 277 272 
603 277 287 272 
604 275 276 274 
605 276 277 274 
606 275 278 276 
607 276 300 277 
608 278 284 276 
609 284 300 276 
610 280 307 281 
611 292 298 282 
612 286 298 296 
613 310 311 288 
614 289 313 312 
615 290 322 314 
616 313 314 295 
617 297 311 310 
618 302 323 305 
2 3 2 244
619 9 1 421 
620 1 81 421 
621 2 17 422 
622 90 2 422 
623 5 45 423 
624 89 5 423 
625 53 6 424 
626 6 98 424 
627 10 9 407 
628 407 9 421 
629 11 10 332 
630 332 10 407 
631 12 11 387 
632 11 332 387 
633 13 12 324 
634 324 12 387 
635 14 13 340 
636 13 324 340 
637 15 14 328 
638 328 14 340 
639 16 15 386 
640 15 328 386 
641 17 16 336 
642 336 16 386 
643 17 336 422 
644 45 46 337 
645 45 337 423 
646 46 47 390 
647 337 46 390 
648 47 48 330 
649 47 330 390 
650 48 49 391 
651 330 48 391 
652 49 50 326 
653 49 326 391 
654 50 51 392 
655 326 50 392 
656 51 52 334 
657 51 334 392 
658 52 53 405 
659 334 52 405 
660 405 53 424 
661 81 82 338 
662 81 338 421 
663 82 83 420 
664 338 82 420 
665 83 84 329 
666 83 329 420 
667 84 85 413 
668 329 84 413 
669 85 86 325 
670 85 325 413 
671 86 87 389 
672 325 86 389 
673 87 88 335 
674 87 335 389 
675 88 89 406 
676 335 88 406 
677 406 89 423 
678 91 90 404 
679 404 90 422 
680 92 91 333 
681 333 91 404 
682 93 92 393 
683 92 333 393 
684 94 93 327 
685 327 93 393 
686 95 94 394 
687 94 327 394 
688 96 95 331 
689 331 95 394 
690 97 96 395 
691 96 331 395 
692 98 97 339 
693 339 97 395 
694 98 339 424 
695 340 324 341 
696 341 324 342 
697 342 324 387 
698 325 378 380 
699 378 325 410 
700 325 380 413 
701 325 389 410 
702 391 326 415 
703 326 392 414 
704 326 414 415 
705 327 371 394 
706 371 327 412 
707 327 393 412 
708 328 340 388 
709 386 328 402 
710 328 388 402 
711 329 380 381 
712 380 329 413 
713 329 381 382 
714 329 382 420 
715 390 330 418 
716 330 391 417 
717 330 417 418 
718 331 369 395 
719 369 331 411 
720 331 394 411 
721 332 385 396 
722 385 332 407 
723 387 332 396 
724 393 333 419 
725 400 333 404 
726 333 400 419 
727 392 334 416 
728 334 405 426 
729 416 334 426 
730 335 376 389 
731 376 335 409 
732 335 406 409 
733 336 386 400 
734 336 400 404 
735 336 404 422 
736 337 390 425 
737 406 337 409 
738 337 406 423 
739 409 337 425 
740 338 382 385 
741 382 338 420 
742 338 385 407 
743 338 407 421 
744 339 395 408 
745 405 339 408 
746 339 405 424 
747 340 341 388 
748 341 342 343 
749 341 343 344 
750 341 344 388 
751 343 342 403 
752 342 387 396 
753 342 396 403 
754 344 343 345 
755 345 343 346 
756 346 343 403 
757 344 345 399 
758 388 344 401 
759 344 399 401 
760 345 346 347 
761 345 347 348 
762 345 348 399 
763 347 346 397 
764 346 384 397 
765 384 346 403 
766 348 347 349 
767 349 347 351 
768 351 347 397 
769 348 349 350 
770 348 350 354 
771 348 354 399 
772 350 349 372 
773 349 351 352 
774 349 352 372 
775 354 350 355 
776 355 350 356 
777 356 350 372 
778 352 351 353 
779 353 351 357 
780 357 351 397 
781 352 353 358 
782 352 358 360 
783 352 360 372 
784 353 357 375 
785 358 353 359 
786 359 353 375 
787 354 355 362 
788 354 362 363 
789 354 363 399 
790 355 356 364 
791 362 355 371 
792 355 364 371 
793 364 356 365 
794 365 356 373 
795 356 372 373 
796 375 357 378 
797 378 357 379 
798 379 357 397 
799 358 359 398 
800 360 358 361 
801 361 358 398 
802 359 375 376 
803 359 376 377 
804 359 377 398 
805 360 361 368 
806 360 368 373 
807 372 360 373 
808 368 361 415 
809 361 398 417 
810 415 361 417 
811 363 362 366 
812 366 362 412 
813 362 371 412 
814 363 366 367 
815 363 367 401 
816 399 363 401 
817 364 365 369 
818 364 369 411 
819 371 364 411 
820 369 365 370 
821 370 365 374 
822 365 373 374 
823 367 366 419 
824 393 366 412 
825 366 393 419 
826 367 400 402 
827 400 367 419 
828 401 367 402 
829 373 368 374 
830 374 368 414 
831 414 368 415 
832 369 370 408 
833 395 369 408 
834 370 374 416 
835 408 370 426 
836 370 416 426 
837 394 371 411 
838 374 414 416 
839 376 375 410 
840 375 378 410 
841 377 376 409 
842 389 376 410 
843 398 377 418 
844 377 409 425 
845 418 377 425 
846 378 379 380 
847 380 379 381 
848 381 379 384 
849 384 379 397 
850 382 381 383 
851 383 381 384 
852 382 383 385 
853 383 384 403 
854 385 383 396 
855 396 383 403 
856 400 386 402 
857 388 401 402 
858 390 418 425 
859 391 415 417 
860 414 392 416 
861 417 398 418 
862 405 408 426 
2 4 2 246
863 27 525 3 
864 3 525 99 
865 4 526 35 
866 108 526 4 
867 7 527 63 
868 107 527 7 
869 71 528 8 
870 8 528 116 
871 28 493 27 
872 493 525 27 
873 29 435 28 
874 435 493 28 
875 30 489 29 
876 29 489 435 
877 31 428 30 
878 428 489 30 
879 32 442 31 
880 31 442 428 
881 33 431 32 
882 431 442 32 
883 34 506 33 
884 33 506 431 
885 35 440 34 
886 440 506 34 
887 35 526 440 
888 63 507 64 
889 63 527 507 
890 64 436 65 
891 64 507 436 
892 65 494 66 
893 436 494 65 
894 66 427 67 
895 66 494 427 
896 67 495 68 
897 427 495 67 
898 68 433 69 
899 68 495 433 
900 69 496 70 
901 433 496 69 
902 70 439 71 
903 70 496 439 
904 439 528 71 
905 99 508 100 
906 99 525 508 
907 100 438 101 
908 100 508 438 
909 101 487 102 
910 438 487 101 
911 102 430 103 
912 102 487 430 
913 103 490 104 
914 430 490 103 
915 104 432 105 
916 104 490 432 
917 105 491 106 
918 432 491 105 
919 106 441 107 
920 106 491 441 
921 441 527 107 
922 109 509 108 
923 509 526 108 
924 110 437 109 
925 437 509 109 
926 111 497 110 
927 110 497 437 
928 112 429 111 
929 429 497 111 
930 113 498 112 
931 112 498 429 
932 114 434 113 
933 434 498 113 
934 115 514 114 
935 114 514 434 
936 116 510 115 
937 510 514 115 
938 116 528 510 
939 494 521 427 
940 427 520 495 
941 427 521 520 
942 442 443 428 
943 443 444 428 
944 444 489 428 
945 429 498 488 
946 488 515 429 
947 429 515 497 
948 474 490 430 
949 430 516 474 
950 487 516 430 
951 431 503 442 
952 486 503 431 
953 431 506 486 
954 470 491 432 
955 432 513 470 
956 490 513 432 
957 495 518 433 
958 433 519 496 
959 518 519 433 
960 434 512 498 
961 434 530 512 
962 514 530 434 
963 489 500 435 
964 435 501 493 
965 500 501 435 
966 436 522 494 
967 507 529 436 
968 436 529 522 
969 497 524 437 
970 505 509 437 
971 437 524 505 
972 438 523 487 
973 438 508 501 
974 501 523 438 
975 496 517 439 
976 439 517 510 
977 510 528 439 
978 505 506 440 
979 440 509 505 
980 440 526 509 
981 491 511 441 
982 441 511 507 
983 507 527 441 
984 442 503 443 
985 443 445 444 
986 443 446 445 
987 443 503 446 
988 445 499 444 
989 444 500 489 
990 499 500 444 
991 446 447 445 
992 447 448 445 
993 448 499 445 
994 446 492 447 
995 485 492 446 
996 446 503 485 
997 447 449 448 
998 447 450 449 
999 447 492 450 
1000 449 476 448 
1001 476 477 448 
1002 477 499 448 
1003 450 451 449 
1004 451 452 449 
1005 452 476 449 
1006 450 453 451 
1007 450 455 453 
1008 450 492 455 
1009 451 504 452 
1010 453 454 451 
1011 454 504 451 
1012 472 473 452 
1013 452 504 472 
1014 473 476 452 
1015 453 456 454 
1016 455 480 453 
1017 453 480 456 
1018 456 457 454 
1019 457 458 454 
1020 458 504 454 
1021 455 481 480 
1022 455 482 481 
1023 455 492 482 
1024 456 459 457 
1025 456 460 459 
1026 456 480 460 
1027 457 461 458 
1028 459 502 457 
1029 457 502 461 
1030 461 462 458 
1031 462 463 458 
1032 463 504 458 
1033 460 467 459 
1034 467 468 459 
1035 468 502 459 
1036 460 512 467 
1037 480 488 460 
1038 488 512 460 
1039 461 520 462 
1040 502 518 461 
1041 518 520 461 
1042 462 464 463 
1043 462 521 464 
1044 520 521 462 
1045 464 465 463 
1046 465 472 463 
1047 472 504 463 
1048 464 466 465 
1049 464 522 466 
1050 521 522 464 
1051 466 470 465 
1052 470 471 465 
1053 471 472 465 
1054 466 511 470 
1055 466 529 511 
1056 522 529 466 
1057 467 469 468 
1058 467 530 469 
1059 512 530 467 
1060 469 517 468 
1061 468 519 502 
1062 517 519 468 
1063 469 514 510 
1064 510 517 469 
1065 469 530 514 
1066 470 513 471 
1067 470 511 491 
1068 471 473 472 
1069 471 474 473 
1070 471 513 474 
1071 474 475 473 
1072 475 476 473 
1073 474 516 475 
1074 474 513 490 
1075 475 477 476 
1076 475 478 477 
1077 475 516 478 
1078 478 479 477 
1079 479 499 477 
1080 478 523 479 
1081 478 516 487 
1082 487 523 478 
1083 479 500 499 
1084 479 501 500 
1085 479 523 501 
1086 481 488 480 
1087 482 483 481 
1088 483 515 481 
1089 481 515 488 
1090 482 484 483 
1091 482 485 484 
1092 482 492 485 
1093 484 524 483 
1094 497 515 483 
1095 483 524 497 
1096 485 486 484 
1097 486 505 484 
1098 505 524 484 
1099 485 503 486 
1100 486 506 505 
1101 498 512 488 
1102 501 508 493 
1103 508 525 493 
1104 494 522 521 
1105 495 520 518 
1106 496 519 517 
1107 502 519 518 
1108 511 529 507 
2 5 2 246
1109 1 18 627 
1110 81 1 627 
1111 26 3 628 
1112 3 99 628 
1113 54 5 629 
1114 5 89 629 
1115 7 62 630 
1116 107 7 630 
1117 18 19 544 
1118 18 544 627 
1119 19 20 580 
1120 544 19 580 
1121 20 21 535 
1122 20 535 580 
1123 21 22 546 
1124 535 21 546 
1125 22 23 532 
1126 22 532 546 
1127 23 24 576 
1128 532 23 576 
1129 24 25 539 
1130 24 539 576 
1131 25 26 592 
1132 539 25 592 
1133 592 26 628 
1134 55 54 611 
1135 611 54 629 
1136 56 55 596 
1137 596 55 611 
1138 57 56 537 
1139 537 56 596 
1140 58 57 597 
1141 57 537 597 
1142 59 58 531 
1143 531 58 597 
1144 60 59 598 
1145 59 531 598 
1146 61 60 540 
1147 540 60 598 
1148 62 61 612 
1149 61 540 612 
1150 62 612 630 
1151 82 81 613 
1152 613 81 627 
1153 83 82 541 
1154 541 82 613 
1155 84 83 593 
1156 83 541 593 
1157 85 84 533 
1158 533 84 593 
1159 86 85 577 
1160 85 533 577 
1161 87 86 536 
1162 536 86 577 
1163 88 87 584 
1164 87 536 584 
1165 89 88 543 
1166 543 88 584 
1167 89 543 629 
1168 99 100 610 
1169 99 610 628 
1170 100 101 542 
1171 100 542 610 
1172 101 102 599 
1173 542 101 599 
1174 102 103 534 
1175 102 534 599 
1176 103 104 600 
1177 534 103 600 
1178 104 105 538 
1179 104 538 600 
1180 105 106 602 
1181 538 105 602 
1182 106 107 545 
1183 106 545 602 
1184 545 107 630 
1185 531 597 623 
1186 598 531 624 
1187 531 623 624 
1188 546 532 547 
1189 547 532 548 
1190 548 532 576 
1191 577 533 578 
1192 578 533 579 
1193 579 533 593 
1194 599 534 626 
1195 534 600 601 
1196 534 601 626 
1197 535 546 594 
1198 580 535 581 
1199 581 535 594 
1200 536 571 584 
1201 571 536 619 
1202 536 577 619 
1203 537 596 622 
1204 597 537 620 
1205 620 537 622 
1206 573 538 602 
1207 538 573 618 
1208 600 538 618 
1209 576 539 585 
1210 585 539 586 
1211 586 539 592 
1212 540 598 621 
1213 612 540 633 
1214 540 621 633 
1215 593 541 614 
1216 541 613 634 
1217 614 541 634 
1218 542 586 610 
1219 586 542 625 
1220 542 599 625 
1221 543 584 617 
1222 611 543 617 
1223 543 611 629 
1224 544 580 582 
1225 544 582 613 
1226 544 613 627 
1227 602 545 616 
1228 545 612 616 
1229 612 545 630 
1230 546 547 594 
1231 547 548 549 
1232 547 549 550 
1233 547 550 594 
1234 549 548 588 
1235 548 576 585 
1236 548 585 588 
1237 550 549 551 
1238 551 549 552 
1239 552 549 588 
1240 550 551 604 
1241 594 550 595 
1242 595 550 604 
1243 551 552 553 
1244 551 553 554 
1245 551 554 604 
1246 553 552 606 
1247 552 588 589 
1248 552 589 606 
1249 554 553 555 
1250 555 553 556 
1251 556 553 606 
1252 554 555 557 
1253 554 557 559 
1254 554 559 604 
1255 555 556 603 
1256 557 555 558 
1257 558 555 603 
1258 603 556 609 
1259 556 606 608 
1260 556 608 609 
1261 557 558 560 
1262 559 557 605 
1263 557 560 605 
1264 560 558 561 
1265 561 558 562 
1266 562 558 603 
1267 604 559 607 
1268 559 605 615 
1269 607 559 615 
1270 560 561 563 
1271 560 563 564 
1272 560 564 605 
1273 561 562 565 
1274 563 561 575 
1275 561 565 575 
1276 565 562 566 
1277 566 562 567 
1278 567 562 603 
1279 564 563 571 
1280 571 563 572 
1281 572 563 575 
1282 564 571 619 
1283 564 578 605 
1284 578 564 619 
1285 565 566 623 
1286 575 565 620 
1287 620 565 623 
1288 566 567 568 
1289 566 568 624 
1290 623 566 624 
1291 568 567 569 
1292 569 567 609 
1293 567 603 609 
1294 568 569 570 
1295 568 570 621 
1296 568 621 624 
1297 570 569 573 
1298 573 569 574 
1299 574 569 609 
1300 570 573 616 
1301 570 616 633 
1302 621 570 633 
1303 571 572 617 
1304 584 571 617 
1305 572 575 622 
1306 617 572 632 
1307 572 622 632 
1308 573 574 618 
1309 573 602 616 
1310 601 574 608 
1311 574 601 618 
1312 608 574 609 
1313 575 620 622 
1314 577 578 619 
1315 578 579 615 
1316 605 578 615 
1317 579 593 614 
1318 579 614 631 
1319 615 579 631 
1320 580 581 582 
1321 582 581 583 
1322 583 581 595 
1323 581 594 595 
1324 582 583 634 
1325 613 582 634 
1326 583 595 607 
1327 583 607 631 
1328 614 583 631 
1329 583 614 634 
1330 585 586 587 
1331 585 587 588 
1332 587 586 625 
1333 586 592 610 
1334 588 587 589 
1335 589 587 590 
1336 590 587 625 
1337 589 590 591 
1338 589 591 606 
1339 591 590 626 
1340 599 590 625 
1341 590 599 626 
1342 591 601 608 
1343 601 591 626 
1344 606 591 608 
1345 610 592 628 
1346 595 604 607 
1347 596 611 632 
1348 622 596 632 
1349 597 620 623 
1350 621 598 624 
1351 601 600 618 
1352 607 615 631 
1353 611 617 632 
1354 616 612 633 
2 6 2 244
1355 2 732 36 
1356 90 732 2 
1357 44 734 4 
1358 4 734 108 
1359 72 733 6 
1360 6 733 98 
1361 8 735 80 
1362 116 735 8 
1363 36 647 37 
1364 36 732 647 
1365 37 696 38 
1366 647 696 37 
1367 38 639 39 
1368 38 696 639 
1369 39 651 40 
1370 639 651 39 
1371 40 635 41 
1372 40 651 635 
1373 41 693 42 
1374 635 693 41 
1375 42 645 43 
1376 42 693 645 
1377 43 718 44 
1378 645 718 43 
1379 718 734 44 
1380 73 715 72 
1381 715 733 72 
1382 74 643 73 
1383 643 715 73 
1384 75 702 74 
1385 74 702 643 
1386 76 636 75 
1387 636 702 75 
1388 77 703 76 
1389 76 703 636 
1390 78 641 77 
1391 641 703 77 
1392 79 704 78 
1393 78 704 641 
1394 80 648 79 
1395 648 704 79 
1396 80 735 648 
1397 91 716 90 
1398 716 732 90 
1399 92 644 91 
1400 644 716 91 
1401 93 699 92 
1402 92 699 644 
1403 94 637 93 
1404 637 699 93 
1405 95 694 94 
1406 94 694 637 
1407 96 640 95 
1408 640 694 95 
1409 97 697 96 
1410 96 697 640 
1411 98 649 97 
1412 649 697 97 
1413 98 733 649 
1414 108 650 109 
1415 108 734 650 
1416 109 731 110 
1417 650 731 109 
1418 110 642 111 
1419 110 731 642 
1420 111 723 112 
1421 642 723 111 
1422 112 638 113 
1423 112 723 638 
1424 113 705 114 
1425 638 705 113 
1426 114 646 115 
1427 114 705 646 
1428 115 717 116 
1429 646 717 115 
1430 717 735 116 
1431 651 652 635 
1432 652 653 635 
1433 653 693 635 
1434 636 724 702 
1435 703 726 636 
1436 636 726 724 
1437 694 695 637 
1438 695 730 637 
1439 637 730 699 
1440 638 687 685 
1441 685 722 638 
1442 638 723 687 
1443 638 722 705 
1444 639 700 651 
1445 696 712 639 
1446 639 712 700 
1447 640 697 680 
1448 680 721 640 
1449 640 721 694 
1450 641 727 703 
1451 704 728 641 
1452 641 728 727 
1453 642 688 687 
1454 687 723 642 
1455 642 689 688 
1456 642 731 689 
1457 702 725 643 
1458 643 737 715 
1459 725 737 643 
1460 699 729 644 
1461 706 716 644 
1462 644 729 706 
1463 645 698 692 
1464 692 718 645 
1465 693 698 645 
1466 646 705 683 
1467 683 720 646 
1468 646 720 717 
1469 647 706 696 
1470 647 716 706 
1471 647 732 716 
1472 648 736 704 
1473 717 720 648 
1474 648 735 717 
1475 720 736 648 
1476 649 719 697 
1477 715 719 649 
1478 649 733 715 
1479 650 692 689 
1480 689 731 650 
1481 650 718 692 
1482 650 734 718 
1483 651 700 652 
1484 652 654 653 
1485 652 655 654 
1486 652 700 655 
1487 654 714 653 
1488 653 698 693 
1489 653 714 698 
1490 655 656 654 
1491 656 657 654 
1492 657 714 654 
1493 655 707 656 
1494 700 710 655 
1495 655 710 707 
1496 656 658 657 
1497 656 659 658 
1498 656 707 659 
1499 658 701 657 
1500 657 701 691 
1501 691 714 657 
1502 659 660 658 
1503 660 662 658 
1504 662 701 658 
1505 659 661 660 
1506 659 665 661 
1507 659 707 665 
1508 661 708 660 
1509 660 663 662 
1510 660 708 663 
1511 665 666 661 
1512 666 667 661 
1513 667 708 661 
1514 663 664 662 
1515 664 668 662 
1516 668 701 662 
1517 663 669 664 
1518 663 671 669 
1519 663 708 671 
1520 664 682 668 
1521 669 670 664 
1522 670 682 664 
1523 665 673 666 
1524 665 674 673 
1525 665 707 674 
1526 666 675 667 
1527 673 695 666 
1528 666 695 675 
1529 675 676 667 
1530 676 713 667 
1531 667 713 708 
1532 682 685 668 
1533 685 686 668 
1534 686 701 668 
1535 669 709 670 
1536 671 672 669 
1537 672 709 669 
1538 670 683 682 
1539 670 684 683 
1540 670 709 684 
1541 671 679 672 
1542 671 713 679 
1543 708 713 671 
1544 679 726 672 
1545 672 727 709 
1546 726 727 672 
1547 674 677 673 
1548 677 730 673 
1549 673 730 695 
1550 674 678 677 
1551 674 710 678 
1552 707 710 674 
1553 675 680 676 
1554 675 721 680 
1555 695 721 675 
1556 680 681 676 
1557 681 711 676 
1558 711 713 676 
1559 678 729 677 
1560 677 729 699 
1561 699 730 677 
1562 678 712 706 
1563 706 729 678 
1564 710 712 678 
1565 679 713 711 
1566 711 724 679 
1567 724 726 679 
1568 680 719 681 
1569 697 719 680 
1570 681 725 711 
1571 719 737 681 
1572 681 737 725 
1573 683 722 682 
1574 682 722 685 
1575 684 720 683 
1576 705 722 683 
1577 709 728 684 
1578 684 736 720 
1579 728 736 684 
1580 685 687 686 
1581 687 688 686 
1582 688 691 686 
1583 691 701 686 
1584 689 690 688 
1585 690 691 688 
1586 689 692 690 
1587 690 714 691 
1588 692 698 690 
1589 698 714 690 
1590 694 721 695 
1591 706 712 696 
1592 700 712 710 
1593 724 725 702 
1594 703 727 726 
1595 704 736 728 
1596 727 728 709 
1597 711 725 724 
1598 715 737 719 
3 1 4 4941
1599 748 813 1105 1116 
1600 750 786 891 1006 
1601 682 861 807 1120 
1602 853 1036 938 1055 
1603 743 821 839 860 
1604 748 813 905 1105 
1605 810 880 205 885 
1606 752 792 895 1073 
1607 595 999 1031 1039 
1608 150 880 810 977 
1609 748 936 813 1116 
1610 851 891 786 1006 
1611 853 938 823 1055 
1612 866 1007 880 1121 
1613 713 879 808 888 
1614 823 938 160 1055 
1615 910 1031 999 1039 
1616 880 977 150 1093 
1617 750 909 865 939 
1618 922 975 949 1008 
1619 652 893 870 953 
1620 721 914 793 931 
1621 199 899 873 993 
1622 728 811 709 1120 
1623 811 895 766 970 
1624 693 823 124 899 
1625 865 909 791 939 
1626 750 791 909 939 
1627 811 766 917 970 
1628 295 985 846 1028 
1629 277 874 779 1139 
1630 748 905 813 936 
1631 874 943 779 1139 
1632 775 949 922 975 
1633 897 1011 774 1127 
1634 751 904 790 1075 
1635 938 1036 160 1055 
1636 713 667 808 879 
1637 466 824 856 1013 
1638 277 943 874 1139 
1639 555 911 871 1057 
1640 554 836 911 1039 
1641 573 856 794 912 
1642 693 124 823 1106 
1643 728 896 811 1120 
1644 783 476 919 965 
1645 555 871 603 1057 
1646 783 919 476 1201 
1647 748 1105 924 1116 
1648 751 858 808 1005 
1649 924 1007 866 1116 
1650 171 854 805 945 
1651 827 863 161 869 
1652 754 806 872 996 
1653 411 793 913 931 
1654 811 861 709 1120 
1655 208 161 863 869 
1656 811 895 792 1073 
1657 729 1011 897 1127 
1658 753 819 1060 1148 
1659 824 466 856 1128 
1660 216 734 131 993 
1661 609 1057 912 1090 
1662 786 1006 750 1101 
1663 819 783 1060 1148 
1664 131 899 199 993 
1665 811 917 895 970 
1666 782 1007 924 1062 
1667 738 884 915 936 
1668 806 996 754 1058 
1669 721 931 793 1170 
1670 750 786 865 1046 
1671 718 131 734 993 
1672 277 243 943 1139 
1673 476 965 783 1201 
1674 134 805 171 854 
1675 808 858 751 962 
1676 618 794 573 1104 
1677 753 919 819 1148 
1678 779 874 277 951 
1679 839 969 860 1126 
1680 551 815 554 911 
1681 752 895 811 1073 
1682 387 820 121 1032 
1683 750 865 814 1046 
1684 740 866 1007 1116 
1685 824 1033 466 1128 
1686 557 554 836 911 
1687 652 953 870 1106 
1688 754 996 890 1058 
1689 793 931 411 1170 
1690 316 872 1082 1130 
1691 164 885 880 960 
1692 791 909 865 1024 
1693 832 1007 782 1062 
1694 554 559 836 1039 
1695 794 850 745 912 
1696 554 551 604 815 
1697 811 861 766 895 
1698 740 1007 866 1121 
1699 779 864 768 894 
1700 915 936 884 1070 
1701 809 849 374 1142 
1702 792 752 881 1073 
1703 652 654 893 953 
1704 411 913 793 1083 
1705 595 1031 607 1039 
1706 356 913 814 1191 
1707 809 374 1091 1142 
1708 356 814 350 1191 
1709 548 885 810 1163 
1710 754 872 806 1097 
1711 757 786 865 964 
1712 557 554 559 836 
1713 794 618 1090 1104 
1714 783 877 819 1060 
1715 131 199 216 993 
1716 871 1057 911 1110 
1717 839 860 821 1126 
1718 865 939 791 1024 
1719 551 859 815 911 
1720 759 1008 949 1148 
1721 641 291 811 896 
1722 594 999 885 1199 
1723 285 537 882 1082 
1724 374 849 809 983 
1725 342 820 387 1032 
1726 754 834 890 996 
1727 1047 1051 850 1128 
1728 285 882 797 1082 
1729 652 653 953 1106 
1730 949 1008 975 1148 
1731 747 831 806 852 
1732 806 831 765 852 
1733 738 1166 884 1190 
1734 162 854 171 945 
1735 748 924 1105 1110 
1736 526 216 440 993 
1737 785 866 880 1121 
1738 593 614 901 1159 
1739 659 804 707 868 
1740 880 885 761 960 
1741 767 830 809 1119 
1742 749 922 785 986 
1743 738 936 915 1070 
1744 794 856 573 1104 
1745 620 797 622 882 
1746 779 951 277 1139 
1747 919 1147 476 1201 
1748 819 919 783 1148 
1749 753 972 919 1148 
1750 303 923 896 1118 
1751 652 654 655 893 
1752 556 555 603 1057 
1753 884 936 738 1190 
1754 786 757 865 1066 
1755 753 816 855 972 
1756 740 866 1019 1121 
1757 745 912 850 1089 
1758 832 859 782 1007 
1759 173 805 174 1000 
1760 620 622 537 882 
1761 121 820 387 973 
1762 799 878 579 1193 
1763 800 919 819 959 
1764 582 925 901 1031 
1765 430 908 1107 1145 
1766 743 839 821 1026 
1767 859 924 782 1007 
1768 718 899 131 993 
1769 851 1046 352 1081 
1770 751 858 1005 1122 
1771 880 1021 977 1093 
1772 641 811 728 896 
1773 680 793 879 1022 
1774 173 907 805 1000 
1775 854 945 162 1143 
1776 566 834 890 918 
1777 604 815 551 999 
1778 450 972 919 1027 
1779 162 134 171 854 
1780 786 932 851 1006 
1781 860 1126 969 1192 
1782 815 859 551 999 
1783 779 894 768 1168 
1784 809 830 767 1034 
1785 351 352 851 1046 
1786 884 1166 939 1190 
1787 800 919 959 1192 
1788 798 909 764 1191 
1789 821 1126 860 1192 
1790 810 977 880 1021 
1791 760 860 839 969 
1792 449 476 919 1147 
1793 641 811 291 1017 
1794 466 856 511 1013 
1795 603 1057 871 1123 
1796 749 785 876 986 
1797 752 895 864 1129 
1798 547 885 594 999 
1799 778 884 936 1070 
1800 742 1097 1020 1131 
1801 707 868 804 893 
1802 778 915 884 1070 
1803 593 901 1108 1159 
1804 752 864 788 1129 
1805 742 930 1097 1131 
1806 377 425 409 886 
1807 683 682 807 1120 
1808 786 932 1006 1101 
1809 708 713 667 808 
1810 272 951 843 1073 
1811 707 804 674 1132 
1812 574 912 794 1090 
1813 797 918 575 921 
1814 768 864 779 1018 
1815 701 790 657 989 
1816 440 216 199 993 
1817 209 152 151 979 
1818 754 797 918 1082 
1819 574 794 618 1090 
1820 734 216 526 993 
1821 743 839 1026 1140 
1822 867 963 363 1176 
1823 374 983 809 1167 
1824 163 885 532 1163 
1825 816 1008 759 1148 
1826 751 966 904 1075 
1827 680 984 793 1022 
1828 738 915 884 1166 
1829 575 918 797 1082 
1830 316 872 281 1082 
1831 707 659 665 804 
1832 397 803 851 961 
1833 440 199 873 993 
1834 746 865 814 909 
1835 397 851 803 1194 
1836 134 805 854 1009 
1837 753 855 816 975 
1838 476 1147 449 1201 
1839 321 923 303 1118 
1840 753 855 821 972 
1841 753 819 959 1060 
1842 674 804 707 1162 
1843 566 834 918 1082 
1844 757 829 789 1068 
1845 351 851 891 1046 
1846 452 819 919 965 
1847 806 831 747 1152 
1848 575 622 797 921 
1849 757 809 889 1142 
1850 798 764 963 1191 
1851 351 851 352 1081 
1852 738 939 1166 1190 
1853 809 849 757 920 
1854 557 836 871 911 
1855 674 1132 804 1162 
1856 808 879 667 914 
1857 174 805 134 1009 
1858 743 860 839 970 
1859 747 852 806 1152 
1860 680 793 675 879 
1861 659 665 804 1005 
1862 842 891 750 1004 
1863 324 342 387 1032 
1864 489 123 863 869 
1865 778 924 866 1116 
1866 749 837 796 976 
1867 790 868 657 953 
1868 576 163 532 1163 
1869 159 823 160 1055 
1870 622 882 797 921 
1871 789 829 757 1103 
1872 886 990 409 1137 
1873 757 786 964 1068 
1874 849 874 757 920 
1875 809 874 849 920 
1876 749 796 837 971 
1877 751 790 868 1075 
1878 657 868 790 1075 
1879 659 804 868 1005 
1880 865 964 786 1101 
1881 709 861 811 933 
1882 573 794 574 912 
1883 675 793 721 914 
1884 270 917 896 923 
1885 888 933 679 1017 
1886 762 832 941 1044 
1887 794 850 912 1089 
1888 901 925 772 1031 
1889 620 575 622 797 
1890 295 917 846 985 
1891 615 799 579 1193 
1892 741 816 838 855 
1893 452 919 476 965 
1894 788 751 904 934 
1895 767 809 874 1119 
1896 399 867 363 1176 
1897 548 810 885 1085 
1898 567 890 569 912 
1899 823 870 755 953 
1900 263 316 797 1130 
1901 984 1034 1022 1167 
1902 759 844 926 979 
1903 675 879 793 914 
1904 652 700 870 893 
1905 839 1112 1026 1140 
1906 809 757 889 1066 
1907 795 738 1010 1074 
1908 786 750 891 1046 
1909 895 968 864 1129 
1910 248 881 833 1139 
1911 164 205 880 885 
1912 571 921 825 1172 
1913 199 202 219 873 
1914 453 972 450 1027 
1915 764 909 798 1016 
1916 825 921 571 1117 
1917 728 641 727 811 
1918 763 942 855 972 
1919 324 121 132 1032 
1920 609 818 912 1057 
1921 763 942 972 1064 
1922 802 837 749 876 
1923 738 795 934 1074 
1924 870 893 700 1114 
1925 768 1012 864 1018 
1926 830 1022 767 1034 
1927 872 1078 806 1097 
1928 924 980 866 1007 
1929 554 911 815 1039 
1930 698 823 693 899 
1931 759 841 949 1121 
1932 871 1057 818 1123 
1933 816 972 753 1148 
1934 679 933 672 1017 
1935 833 881 248 1015 
1936 788 904 795 934 
1937 825 773 921 997 
1938 729 678 897 1011 
1939 881 951 779 1139 
1940 199 202 873 899 
1941 897 946 729 1127 
1942 604 999 595 1039 
1943 885 999 828 1199 
1944 865 757 964 1168 
1945 430 1107 944 1145 
1946 768 864 788 894 
1947 618 574 573 794 
1948 747 852 826 860 
1949 350 814 1004 1191 
1950 750 817 939 1101 
1951 593 579 614 1159 
1952 634 582 901 1031 
1953 872 996 806 1078 
1954 797 840 773 1086 
1955 877 959 819 1060 
1956 922 949 759 1008 
1957 797 918 781 930 
1958 760 846 985 1028 
1959 802 749 837 952 
1960 904 966 801 1075 
1961 754 918 834 1082 
1962 788 864 968 1129 
1963 324 387 121 1032 
1964 798 963 867 1176 
1965 721 793 680 1170 
1966 321 528 923 1118 
1967 657 916 790 953 
1968 890 996 771 1058 
1969 763 972 838 1064 
1970 471 1051 1047 1128 
1971 287 951 881 1139 
1972 749 986 976 1109 
1973 797 773 882 1086 
1974 1007 1021 880 1121 
1975 1020 1097 1012 1131 
1976 582 987 925 1031 
1977 790 904 751 954 
1978 803 961 397 1045 
1979 466 511 856 1128 
1980 609 567 569 912 
1981 579 799 615 1159 
1982 784 176 1000 1151 
1983 984 1083 1034 1167 
1984 322 846 270 923 
1985 749 785 866 876 
1986 323 900 824 1198 
1987 839 821 1026 1112 
1988 864 1012 833 1018 
1989 683 807 898 1120 
1990 667 808 914 1005 
1991 409 886 425 906 
1992 634 901 582 925 
1993 529 824 466 1013 
1994 792 895 811 917 
1995 579 878 799 1159 
1996 191 960 880 1056 
1997 757 789 892 981 
1998 757 849 809 1142 
1999 938 1092 796 1181 
2000 904 998 855 1026 
2001 804 751 868 1005 
2002 648 303 896 1118 
2003 855 904 795 998 
2004 740 877 1060 1116 
2005 843 888 679 1017 
2006 727 811 641 1017 
2007 607 1039 1031 1159 
2008 763 855 838 972 
2009 413 593 329 1108 
2010 324 132 118 1032 
2011 340 324 118 1032 
2012 752 811 933 1017 
2013 754 935 806 1058 
2014 783 1147 919 1201 
2015 321 303 735 1118 
2016 150 205 810 880 
2017 657 790 701 1075 
2018 686 989 950 1138 
2019 772 910 875 1072 
2020 193 875 802 1157 
2021 754 781 918 930 
2022 721 675 680 793 
2023 811 1017 752 1073 
2024 751 788 904 1129 
2025 409 886 906 990 
2026 1034 1083 809 1167 
2027 652 655 700 893 
2028 768 788 864 956 
2029 749 785 922 1019 
2030 150 810 205 1163 
2031 826 1010 738 1074 
2032 723 883 429 950 
2033 556 911 555 1057 
2034 750 814 1004 1046 
2035 772 847 799 1072 
2036 749 976 796 1092 
2037 721 695 914 931 
2038 437 883 731 993 
2039 340 118 854 1032 
2040 751 1025 788 1129 
2041 738 1074 934 1115 
2042 932 997 835 1043 
2043 493 863 198 902 
2044 263 797 882 1130 
2045 468 846 923 1059 
2046 751 1005 804 1122 
2047 941 949 841 1121 
2048 588 832 1067 1085 
2049 749 922 986 1109 
2050 857 945 774 1141 
2051 167 181 820 875 
2052 247 1078 1048 1100 
2053 180 820 181 928 
2054 1031 1039 910 1159 
2055 773 921 997 1037 
2056 751 868 790 1065 
2057 759 785 922 979 
2058 567 890 818 1123 
2059 700 1114 893 1132 
2060 145 802 960 1056 
2061 784 1000 907 1151 
2062 554 815 604 1039 
2063 749 866 785 1019 
2064 450 919 451 1027 
2065 926 979 844 1169 
2066 740 877 941 949 
2067 820 875 181 928 
2068 667 708 808 1005 
2069 819 919 800 1051 
2070 755 870 823 938 
2071 746 814 865 1066 
2072 748 936 1116 1180 
2073 748 815 836 862 
2074 746 865 909 1024 
2075 740 1019 866 1116 
2076 743 821 860 998 
2077 741 838 816 1096 
2078 747 860 826 968 
2079 609 912 574 1090 
2080 384 397 961 1045 
2081 752 933 843 1017 
2082 741 975 922 1008 
2083 828 960 885 1199 
2084 972 1147 919 1148 
2085 773 840 797 1037 
2086 751 962 858 1122 
2087 149 150 977 1093 
2088 754 781 930 1069 
2089 593 1108 579 1159 
2090 851 932 835 1043 
2091 766 895 861 1140 
2092 482 838 972 1064 
2093 267 824 323 1179 
2094 907 1000 176 1151 
2095 955 1078 247 1100 
2096 795 904 788 1074 
2097 430 908 487 1107 
2098 756 997 932 1043 
2099 751 790 954 1065 
2100 755 870 784 893 
2101 749 976 1092 1109 
2102 925 987 772 1031 
2103 462 848 461 969 
2104 784 176 991 1000 
2105 155 160 1036 1055 
2106 865 1066 757 1168 
2107 729 897 677 946 
2108 748 815 862 1180 
2109 909 913 764 1191 
2110 755 784 870 991 
2111 281 872 834 1082 
2112 576 122 163 1163 
2113 823 853 769 988 
2114 270 896 306 923 
2115 750 909 798 1004 
2116 190 875 193 1157 
2117 800 860 969 1192 
2118 976 1146 796 1181 
2119 748 836 815 911 
2120 171 174 173 805 
2121 775 949 1060 1116 
2122 753 959 919 1192 
2123 782 859 832 1136 
2124 636 843 309 1186 
2125 750 939 865 1101 
2126 910 875 1072 1113 
2127 342 974 820 1032 
2128 377 886 409 1137 
2129 856 912 573 1125 
2130 171 805 173 907 
2131 827 869 161 979 
2132 750 1004 891 1046 
2133 750 817 884 939 
2134 750 1006 817 1101 
2135 741 922 975 1061 
2136 848 969 462 994 
2137 759 827 841 1121 
2138 653 823 714 953 
2139 682 722 807 1138 
2140 167 181 180 820 
2141 748 1116 924 1180 
2142 207 1124 1055 1169 
2143 764 798 963 1016 
2144 796 938 991 1092 
2145 604 595 607 1039 
2146 731 883 689 993 
2147 814 913 356 1091 
2148 781 748 871 1077 
2149 846 917 270 923 
2150 799 910 1039 1159 
2151 190 928 875 1157 
2152 808 966 751 1005 
2153 765 831 806 1160 
2154 745 978 912 1089 
2155 145 802 193 960 
2156 287 277 951 1139 
2157 750 865 786 1101 
2158 702 636 309 1186 
2159 938 796 991 1181 
2160 493 501 863 902 
2161 821 456 942 1126 
2162 759 1002 926 1008 
2163 159 124 823 899 
2164 753 821 855 998 
2165 336 178 857 945 
2166 1048 1078 776 1100 
2167 828 885 761 999 
2168 748 1105 905 1110 
2169 776 1078 955 1100 
2170 749 866 802 876 
2171 397 351 851 1194 
2172 285 797 316 1082 
2173 411 913 371 931 
2174 645 693 188 899 
2175 762 941 832 1062 
2176 816 975 1008 1148 
2177 766 970 895 1140 
2178 495 427 289 848 
2179 222 289 427 848 
2180 781 797 930 1037 
2181 465 850 1051 1128 
2182 750 814 909 1004 
2183 958 1009 1000 1146 
2184 823 916 714 953 
2185 759 947 816 1148 
2186 780 926 1002 1008 
2187 134 174 171 805 
2188 456 1112 942 1126 
2189 750 814 865 909 
2190 806 852 765 978 
2191 756 932 851 1043 
2192 656 868 893 953 
2193 785 1019 866 1121 
2194 722 683 807 1052 
2195 619 967 825 1117 
2196 351 891 851 1194 
2197 123 182 489 863 
2198 450 919 972 1147 
2199 411 364 913 1083 
2200 433 290 496 846 
2201 728 727 709 811 
2202 461 969 848 1028 
2203 784 893 1114 1132 
2204 665 804 1005 1162 
2205 855 942 763 1026 
2206 789 757 892 1103 
2207 453 450 451 1027 
2208 701 657 691 989 
2209 740 877 949 1060 
2210 462 520 461 848 
2211 707 893 804 1132 
2212 291 811 308 1017 
2213 751 804 1065 1122 
2214 825 921 773 1172 
2215 683 898 807 1052 
2216 751 804 868 1065 
2217 193 802 145 1157 
2218 290 433 227 846 
2219 647 857 128 1151 
2220 594 999 828 1031 
2221 487 908 430 1145 
2222 799 847 1054 1072 
2223 708 966 808 1005 
2224 504 800 458 1027 
2225 567 818 609 1123 
2226 311 824 937 948 
2227 745 959 877 1063 
2228 794 745 887 912 
2229 758 805 854 982 
2230 857 774 1127 1141 
2231 804 1132 897 1162 
2232 866 924 778 980 
2233 738 956 826 1074 
2234 674 897 1132 1162 
2235 784 991 755 1076 
2236 823 769 916 988 
2237 771 996 806 1058 
2238 845 790 904 1075 
2239 760 1028 985 1173 
2240 272 881 951 1073 
2241 749 971 837 1171 
2242 772 799 910 1072 
2243 793 984 680 1170 
2244 832 762 995 1044 
2245 761 885 828 960 
2246 384 961 847 1045 
2247 759 922 785 1121 
2248 816 1147 972 1148 
2249 750 1023 798 1053 
2250 482 972 481 1064 
2251 781 871 748 1069 
2252 458 800 504 1051 
2253 247 251 1048 1078 
2254 533 593 413 1108 
2255 137 928 837 1009 
2256 813 745 877 1063 
2257 775 1019 949 1116 
2258 791 746 858 909 
2259 615 1039 799 1193 
2260 786 757 889 981 
2261 757 981 786 1068 
2262 757 789 981 1068 
2263 727 709 811 933 
2264 689 993 883 1150 
2265 429 950 883 1064 
2266 400 945 857 1141 
2267 870 953 823 1106 
2268 762 941 908 1044 
2269 813 877 959 1063 
2270 487 908 599 1107 
2271 193 802 875 960 
2272 823 899 698 916 
2273 781 754 918 1069 
2274 656 868 707 893 
2275 807 1079 861 1155 
2276 533 878 593 1108 
2277 803 1045 397 1194 
2278 929 1065 804 1122 
2279 809 983 874 1119 
2280 137 136 928 1009 
2281 752 888 843 933 
2282 786 889 757 1066 
2283 738 956 1074 1115 
2284 687 883 950 989 
2285 852 860 747 1042 
2286 805 982 758 1161 
2287 748 777 905 936 
2288 701 790 989 1075 
2289 482 455 481 972 
2290 741 816 1008 1096 
2291 662 663 966 1155 
2292 793 1034 984 1083 
2293 524 883 437 1080 
2294 188 693 124 899 
2295 752 888 933 1025 
2296 296 829 1048 1144 
2297 933 1025 888 1088 
2298 777 748 927 936 
2299 735 303 648 1118 
2300 793 411 1083 1170 
2301 836 871 748 1077 
2302 263 797 285 882 
2303 654 652 653 953 
2304 964 1068 786 1101 
2305 807 1138 1079 1155 
2306 784 991 176 1114 
2307 780 926 844 1169 
2308 788 1025 752 1129 
2309 326 392 221 849 
2310 205 885 163 1163 
2311 800 1027 919 1192 
2312 779 768 1018 1168 
2313 653 823 953 1106 
2314 781 748 927 1069 
2315 167 875 820 973 
2316 528 439 321 923 
2317 750 884 817 1006 
2318 763 883 838 957 
2319 350 356 372 814 
2320 579 1108 878 1159 
2321 864 881 833 1015 
2322 799 1072 1054 1183 
2323 740 941 877 1062 
2324 444 841 499 1174 
2325 751 801 904 966 
2326 871 818 1057 1110 
2327 774 805 867 945 
2328 722 683 682 807 
2329 356 355 913 1191 
2330 749 876 837 976 
2331 472 1047 471 1051 
2332 769 853 823 1055 
2333 707 804 665 1162 
2334 748 905 777 927 
2335 854 805 945 1143 
2336 748 781 927 1077 
2337 321 735 528 1118 
2338 788 768 894 1115 
2339 533 413 878 1108 
2340 843 752 1017 1073 
2341 372 814 356 1091 
2342 815 911 836 1039 
2343 826 959 813 1010 
2344 976 986 787 1109 
2345 534 944 430 1107 
2346 759 926 869 979 
2347 220 168 987 1153 
2348 123 208 863 869 
2349 811 896 269 917 
2350 809 1091 889 1142 
2351 752 792 864 895 
2352 248 287 881 1139 
2353 565 918 575 1082 
2354 754 872 834 996 
2355 263 316 285 797 
2356 247 1048 251 1100 
2357 296 1103 829 1144 
2358 667 661 708 1005 
2359 524 437 993 1080 
2360 781 871 836 1077 
2361 504 800 1027 1051 
2362 749 802 866 952 
2363 594 828 999 1199 
2364 534 430 487 1107 
2365 615 799 1039 1159 
2366 192 1146 976 1181 
2367 417 1041 981 1094 
2368 481 972 942 1064 
2369 799 910 1072 1183 
2370 761 880 810 885 
2371 755 893 784 1076 
2372 1054 1072 744 1183 
2373 773 990 886 1137 
2374 374 416 849 983 
2375 836 1077 967 1117 
2376 727 933 811 1017 
2377 779 943 920 1168 
2378 833 864 747 1012 
2379 883 993 437 1080 
2380 830 983 809 1119 
2381 781 918 797 921 
2382 967 1077 997 1117 
2383 799 847 772 901 
2384 771 806 978 1058 
2385 392 279 221 849 
2386 752 895 801 933 
2387 839 860 760 970 
2388 746 909 791 1024 
2389 904 1026 855 1087 
2390 973 987 168 1153 
2391 356 350 355 1191 
2392 814 372 1046 1091 
2393 296 829 293 1048 
2394 547 885 999 1085 
2395 750 909 791 1053 
2396 416 983 374 1167 
2397 756 803 851 1006 
2398 823 204 938 1106 
2399 792 917 811 1178 
2400 813 1010 959 1060 
2401 919 1027 800 1051 
2402 495 848 289 1028 
2403 372 350 814 1046 
2404 810 885 205 1163 
2405 835 1081 1043 1137 
2406 662 966 1075 1155 
2407 579 615 631 1159 
2408 593 878 579 1108 
2409 328 854 162 1143 
2410 341 854 974 1032 
2411 620 575 797 1082 
2412 753 975 816 1148 
2413 845 904 801 1075 
2414 400 857 1127 1141 
2415 853 988 938 1038 
2416 745 813 877 1105 
2417 852 860 800 959 
2418 1055 1124 780 1169 
2419 817 884 939 1190 
2420 779 1018 943 1168 
2421 774 907 805 945 
2422 746 791 858 962 
2423 375 1043 1081 1137 
2424 837 952 749 1171 
2425 164 880 191 960 
2426 841 947 499 1174 
2427 121 167 820 973 
2428 767 874 809 1034 
2429 663 1088 966 1155 
2430 754 890 834 918 
2431 246 955 247 1100 
2432 444 869 841 1174 
2433 795 904 855 1087 
2434 904 934 751 954 
2435 838 957 883 1080 
2436 749 876 976 986 
2437 759 922 844 979 
2438 439 923 528 1118 
2439 322 314 270 846 
2440 750 1001 842 1023 
2441 794 745 850 1111 
2442 977 1021 827 1093 
2443 779 920 894 1168 
2444 759 841 827 869 
2445 499 947 841 1201 
2446 267 323 305 1179 
2447 759 949 947 1148 
2448 863 902 501 1098 
2449 417 981 892 1094 
2450 796 971 749 1092 
2451 792 881 864 1015 
2452 547 594 885 1199 
2453 797 1082 872 1130 
2454 281 834 872 996 
2455 750 939 884 1166 
2456 257 831 955 1015 
2457 747 864 833 1015 
2458 343 345 842 982 
2459 740 1060 949 1116 
2460 737 940 830 1022 
2461 121 167 180 820 
2462 746 791 962 1024 
2463 855 972 942 1026 
2464 813 959 826 1063 
2465 328 162 945 1143 
2466 783 941 877 949 
2467 363 1176 963 1191 
2468 656 893 654 953 
2469 752 864 792 881 
2470 841 941 783 949 
2471 269 811 291 896 
2472 853 938 787 1038 
2473 594 595 999 1031 
2474 846 917 760 985 
2475 698 916 899 1150 
2476 121 820 180 1032 
2477 511 529 466 1013 
2478 207 1055 154 1169 
2479 788 934 795 1074 
2480 293 829 296 1103 
2481 144 979 986 1196 
2482 670 861 682 1120 
2483 566 918 565 1082 
2484 384 847 961 1108 
2485 557 871 836 1177 
2486 795 934 904 954 
2487 160 823 204 938 
2488 465 1051 471 1128 
2489 561 575 918 921 
2490 176 784 1114 1151 
2491 781 1077 836 1117 
2492 342 387 820 1175 
2493 776 1012 1097 1131 
2494 687 950 686 989 
2495 399 982 867 1176 
2496 895 917 792 970 
2497 305 900 323 1198 
2498 417 361 892 981 
2499 795 1010 738 1182 
2500 911 1057 553 1136 
2501 788 864 752 894 
2502 751 966 868 1005 
2503 826 860 852 959 
2504 792 811 1073 1178 
2505 766 861 811 1120 
2506 207 873 1055 1124 
2507 248 1015 881 1178 
2508 804 893 868 1065 
2509 737 719 830 1165 
2510 804 929 893 1065 
2511 534 487 599 1107 
2512 343 842 974 982 
2513 830 983 304 1165 
2514 757 874 849 943 
2515 781 997 1077 1117 
2516 805 907 171 945 
2517 374 809 1091 1167 
2518 838 883 763 1064 
2519 221 326 849 892 
2520 818 887 745 912 
2521 656 655 654 893 
2522 825 967 619 1134 
2523 500 863 841 869 
2524 788 751 962 1025 
2525 757 964 829 1068 
2526 290 496 846 923 
2527 702 309 228 1186 
2528 745 818 912 1058 
2529 801 1025 933 1088 
2530 745 850 978 1089 
2531 139 876 1146 1157 
2532 800 969 458 1027 
2533 770 841 827 1021 
2534 843 881 752 1073 
2535 784 893 870 1114 
2536 775 975 922 1061 
2537 750 798 909 1053 
2538 759 949 922 1121 
2539 981 1041 789 1094 
2540 427 222 848 948 
2541 825 773 990 1172 
2542 781 921 797 1037 
2543 958 1000 796 1146 
2544 139 876 976 1146 
2545 757 920 943 1168 
2546 300 849 874 1149 
2547 800 969 860 1050 
2548 860 969 760 1050 
2549 560 836 1117 1177 
2550 636 309 843 1017 
2551 174 138 1000 1009 
2552 316 1082 797 1130 
2553 760 917 846 970 
2554 774 946 897 1127 
2555 311 937 297 948 
2556 503 1002 1029 1124 
2557 912 1057 887 1090 
2558 1000 1009 138 1146 
2559 521 948 848 994 
2560 754 918 797 930 
2561 769 823 899 1055 
2562 649 339 395 1165 
2563 723 687 883 950 
2564 756 851 803 961 
2565 619 825 571 1117 
2566 740 1062 877 1116 
2567 867 945 367 1141 
2568 744 1072 910 1183 
2569 759 785 979 1121 
2570 218 902 863 977 
2571 883 957 769 1080 
2572 341 974 324 1032 
2573 752 788 894 1025 
2574 832 1085 588 1136 
2575 769 899 823 916 
2576 884 952 778 980 
2577 208 206 161 869 
2578 468 923 517 1059 
2579 815 859 761 980 
2580 752 933 801 1025 
2581 747 826 956 968 
2582 765 1035 831 1160 
2583 145 802 1056 1157 
2584 199 131 202 899 
2585 744 952 884 980 
2586 180 820 928 1032 
2587 817 936 884 1190 
2588 788 751 934 962 
2589 810 1067 832 1085 
2590 745 850 819 959 
2591 750 791 939 1166 
2592 367 945 867 1143 
2593 773 906 886 990 
2594 343 974 842 1045 
2595 741 816 855 975 
2596 765 806 937 1160 
2597 757 981 892 1142 
2598 768 788 956 1115 
2599 844 922 785 979 
2600 874 920 767 1156 
2601 763 950 883 989 
2602 770 941 841 1021 
2603 961 1054 799 1108 
2604 284 874 849 983 
2605 571 825 990 1172 
2606 150 164 205 880 
2607 780 1055 873 1124 
2608 1060 1070 775 1116 
2609 461 848 520 1028 
2610 536 825 389 990 
2611 219 873 202 1055 
2612 560 557 836 1177 
2613 588 832 587 1067 
2614 909 1016 764 1164 
2615 290 846 322 923 
2616 889 1046 372 1091 
2617 500 489 863 869 
2618 714 823 698 916 
2619 384 961 379 1108 
2620 829 840 789 1135 
2621 278 830 940 1119 
2622 771 890 834 996 
2623 761 866 980 1007 
2624 793 1022 984 1034 
2625 561 921 918 1177 
2626 798 1016 909 1053 
2627 927 930 781 1069 
2628 766 811 896 1120 
2629 829 789 1068 1135 
2630 311 824 267 937 
2631 300 239 849 1149 
2632 291 269 308 811 
2633 927 777 1020 1097 
2634 805 907 774 1133 
2635 557 871 555 911 
2636 315 882 1086 1130 
2637 796 1092 976 1181 
2638 825 773 997 1137 
2639 752 881 843 1156 
2640 786 1046 851 1081 
2641 879 888 713 1099 
2642 714 653 698 823 
2643 768 956 864 1012 
2644 796 958 837 971 
2645 847 1054 961 1108 
2646 829 1068 1131 1135 
2647 843 951 881 1073 
2648 976 1092 787 1181 
2649 257 955 294 1015 
2650 797 882 773 921 
2651 833 955 246 1100 
2652 824 856 1089 1128 
2653 196 128 647 857 
2654 874 920 809 1034 
2655 758 854 805 1009 
2656 773 797 921 1037 
2657 467 898 530 1112 
2658 206 161 869 979 
2659 144 1093 979 1196 
2660 657 868 656 953 
2661 849 757 943 1149 
2662 324 974 342 1032 
2663 154 1055 1036 1169 
2664 875 928 802 1157 
2665 745 887 818 905 
2666 762 941 877 965 
2667 877 941 783 965 
2668 634 1031 901 1159 
2669 870 893 755 953 
2670 799 961 878 1193 
2671 192 991 1000 1146 
2672 525 493 215 902 
2673 587 832 1044 1067 
2674 538 856 432 1104 
2675 763 845 1026 1138 
2676 843 933 888 1017 
2677 740 1007 832 1062 
2678 754 806 935 1097 
2679 152 844 979 1169 
2680 909 1053 1016 1164 
2681 377 1041 886 1137 
2682 821 942 1112 1126 
2683 764 1162 858 1164 
2684 772 987 973 1153 
2685 290 314 322 846 
2686 847 799 1054 1108 
2687 745 1063 813 1105 
2688 800 959 860 1192 
2689 751 801 966 1025 
2690 531 834 280 992 
2691 802 952 837 1171 
2692 398 981 417 1041 
2693 799 1054 961 1193 
2694 343 1045 842 1194 
2695 480 821 456 942 
2696 921 825 997 1117 
2697 432 1104 856 1128 
2698 719 737 830 1022 
2699 738 934 795 1182 
2700 726 679 672 1017 
2701 686 950 687 1138 
2702 766 896 811 917 
2703 162 328 118 854 
2704 340 118 328 854 
2705 401 867 399 982 
2706 910 999 815 1039 
2707 808 962 894 1188 
2708 783 919 819 965 
2709 849 874 809 983 
2710 410 825 1043 1137 
2711 752 811 895 933 
2712 745 887 905 1105 
2713 832 995 762 1062 
2714 790 845 904 1087 
2715 157 150 205 1163 
2716 824 1089 1033 1128 
2717 552 588 1085 1136 
2718 866 880 761 1056 
2719 859 924 761 980 
2720 458 994 800 1051 
2721 748 871 836 911 
2722 1012 1018 964 1131 
2723 831 852 747 1042 
2724 787 1092 938 1181 
2725 748 911 815 924 
2726 780 1029 1002 1124 
2727 343 344 345 982 
2728 829 1131 840 1135 
2729 843 1017 273 1073 
2730 808 894 1030 1188 
2731 166 121 387 973 
2732 750 1053 791 1166 
2733 755 991 938 1092 
2734 363 354 1176 1191 
2735 957 989 883 1150 
2736 866 1019 778 1116 
2737 797 1086 882 1130 
2738 765 852 831 1050 
2739 809 1066 889 1091 
2740 397 851 357 961 
2741 604 815 999 1039 
2742 473 819 452 965 
2743 761 810 880 1007 
2744 202 873 899 1055 
2745 741 855 838 957 
2746 866 761 960 1056 
2747 568 890 992 1125 
2748 315 263 882 1130 
2749 958 837 1009 1146 
2750 818 905 887 1105 
2751 751 966 808 1025 
2752 815 924 859 980 
2753 839 846 766 970 
2754 1036 1055 853 1169 
2755 742 997 927 1037 
2756 709 669 861 933 
2757 708 808 966 1088 
2758 780 873 1055 1096 
2759 702 940 1099 1186 
2760 813 1070 1060 1116 
2761 835 997 773 1137 
2762 840 1086 797 1130 
2763 780 853 1055 1169 
2764 774 867 805 1161 
2765 849 943 874 1149 
2766 257 955 831 1160 
2767 726 843 679 1017 
2768 241 242 829 943 
2769 774 805 1133 1161 
2770 838 769 957 1080 
2771 800 969 1126 1192 
2772 848 969 760 1028 
2773 750 891 842 1001 
2774 731 497 642 883 
2775 792 1073 881 1178 
2776 902 1049 501 1098 
2777 311 323 267 824 
2778 497 723 642 883 
2779 181 875 190 928 
2780 772 1072 820 1175 
2781 969 1028 461 1189 
2782 743 998 904 1026 
2783 297 948 937 1035 
2784 137 135 136 1009 
2785 845 1079 1026 1138 
2786 504 1027 919 1051 
2787 782 1105 924 1110 
2788 500 841 444 869 
2789 860 959 826 1192 
2790 878 756 1043 1134 
2791 837 971 958 1171 
2792 819 919 753 959 
2793 765 937 1035 1160 
2794 566 918 890 1123 
2795 360 889 981 1046 
2796 767 920 874 1034 
2797 769 1055 873 1096 
2798 830 984 408 1165 
2799 645 698 693 899 
2800 336 125 178 945 
2801 343 842 345 1194 
2802 745 794 887 1111 
2803 878 1108 799 1159 
2804 465 472 471 1051 
2805 751 934 812 954 
2806 702 940 725 1099 
2807 174 1000 805 1009 
2808 750 803 891 1001 
2809 281 872 261 996 
2810 757 943 1018 1168 
2811 525 215 628 902 
2812 779 920 874 1156 
2813 525 628 610 902 
2814 521 848 462 994 
2815 772 820 1071 1175 
2816 837 876 802 1157 
2817 807 1026 1112 1140 
2818 741 1008 922 1154 
2819 813 1060 877 1116 
2820 158 863 827 977 
2821 122 205 163 1163 
2822 300 849 284 874 
2823 819 850 745 1111 
2824 814 1046 889 1091 
2825 799 901 772 1159 
2826 903 1054 847 1072 
2827 308 1017 811 1073 
2828 429 723 497 883 
2829 719 984 830 1165 
2830 740 949 1019 1116 
2831 702 1099 724 1186 
2832 748 862 817 1180 
2833 875 973 169 1153 
2834 833 864 779 881 
2835 829 241 943 1103 
2836 763 1026 807 1138 
2837 218 203 902 977 
2838 321 439 235 923 
2839 504 919 452 1051 
2840 501 902 508 1049 
2841 744 980 884 1180 
2842 785 922 844 986 
2843 878 961 799 1108 
2844 878 967 756 1134 
2845 842 891 803 1001 
2846 749 1019 922 1195 
2847 519 846 496 923 
2848 405 304 983 1165 
2849 236 940 830 1165 
2850 757 829 943 1103 
2851 862 1006 884 1054 
2852 1001 1023 750 1053 
2853 844 979 785 986 
2854 273 843 272 951 
2855 804 1005 858 1122 
2856 776 1018 1012 1131 
2857 803 1006 756 1054 
2858 813 959 877 1060 
2859 785 986 979 1196 
2860 480 453 821 972 
2861 218 198 863 902 
2862 435 489 182 863 
2863 257 294 955 1160 
2864 964 1020 1012 1131 
2865 160 159 204 823 
2866 452 919 819 1051 
2867 764 914 858 1162 
2868 693 823 698 1106 
2869 452 819 472 1051 
2870 746 909 814 1014 
2871 927 997 781 1037 
2872 615 1039 631 1159 
2873 884 952 915 1195 
2874 675 721 695 914 
2875 760 917 970 985 
2876 847 961 803 1045 
2877 747 826 852 1187 
2878 647 128 696 1151 
2879 731 437 497 883 
2880 748 817 936 1180 
2881 556 553 911 1057 
2882 304 830 278 983 
2883 859 911 551 1136 
2884 832 770 941 1044 
2885 1021 1093 880 1121 
2886 303 321 235 923 
2887 212 176 991 1114 
2888 801 966 1088 1155 
2889 245 247 251 1100 
2890 817 862 748 1077 
2891 757 1103 943 1149 
2892 874 983 284 1119 
2893 896 917 766 923 
2894 786 891 851 1046 
2895 805 758 958 1161 
2896 761 980 924 1007 
2897 327 946 931 1185 
2898 428 183 489 869 
2899 489 183 123 869 
2900 797 872 754 930 
2901 531 280 598 992 
2902 864 956 747 1012 
2903 482 972 838 1200 
2904 338 901 925 1071 
2905 755 938 988 1038 
2906 820 758 903 928 
2907 933 1088 669 1155 
2908 761 859 815 999 
2909 637 931 946 1102 
2910 803 750 891 1006 
2911 916 989 957 1150 
2912 350 1004 814 1046 
2913 261 872 252 996 
2914 755 938 1038 1092 
2915 387 332 166 973 
2916 751 812 934 1122 
2917 399 363 354 1176 
2918 878 1043 378 1134 
2919 233 337 886 906 
2920 619 564 967 1117 
2921 744 862 884 1054 
2922 302 1013 900 1198 
2923 560 836 605 1117 
2924 343 346 1045 1194 
2925 787 1038 938 1092 
2926 157 149 150 977 
2927 399 401 363 867 
2928 821 942 480 972 
2929 745 912 978 1058 
2930 884 778 952 1195 
2931 812 751 954 1065 
2932 239 284 300 849 
2933 553 551 911 1136 
2934 963 1176 798 1191 
2935 744 1001 903 1054 
2936 610 508 525 902 
2937 303 306 896 923 
2938 837 928 137 1157 
2939 884 980 778 1180 
2940 505 993 873 1080 
2941 566 623 834 1082 
2942 356 913 364 1091 
2943 668 845 701 989 
2944 930 1069 927 1097 
2945 844 853 780 1169 
2946 908 941 770 1044 
2947 761 924 859 1007 
2948 613 338 901 925 
2949 926 1002 503 1124 
2950 258 295 313 1173 
2951 480 942 481 972 
2952 458 969 800 994 
2953 319 630 234 1013 
2954 159 204 823 1106 
2955 215 493 198 902 
2956 808 962 751 1025 
2957 747 968 864 1042 
2958 760 1028 969 1189 
2959 374 1091 370 1167 
2960 742 932 927 997 
2961 748 924 815 1180 
2962 493 508 501 902 
2963 942 972 821 1026 
2964 823 159 899 1055 
2965 172 857 178 945 
2966 278 830 236 940 
2967 758 903 928 1095 
2968 252 996 872 1078 
2969 745 850 959 1184 
2970 827 841 770 863 
2971 860 1042 852 1050 
2972 903 1001 803 1054 
2973 880 960 761 1056 
2974 757 920 874 943 
2975 536 389 825 1134 
2976 168 169 973 1153 
2977 624 890 834 992 
2978 453 821 972 1027 
2979 884 915 778 1195 
2980 789 840 829 1144 
2981 257 985 831 1015 
2982 453 456 821 1126 
2983 234 900 302 1013 
2984 769 957 883 1150 
2985 893 953 868 1065 
2986 637 946 730 1102 
2987 669 861 933 1155 
2988 914 931 764 1084 
2989 744 1001 952 1095 
2990 136 928 1009 1032 
2991 571 825 536 990 
2992 550 999 859 1085 
2993 316 259 872 1130 
2994 743 904 998 1074 
2995 741 975 855 1061 
2996 480 453 456 821 
2997 841 869 759 1174 
2998 550 859 549 1085 
2999 395 984 697 1165 
3000 792 864 968 1042 
3001 658 868 657 1075 
3002 822 1001 750 1053 
3003 768 1024 894 1115 
3004 637 931 327 946 
3005 877 959 745 1111 
3006 273 843 309 1017 
3007 754 818 890 1123 
3008 855 975 795 1061 
3009 790 904 954 1087 
3010 820 928 903 1095 
3011 881 951 843 1156 
3012 270 269 896 917 
3013 852 1042 831 1050 
3014 529 824 522 1033 
3015 550 547 999 1085 
3016 508 493 525 902 
3017 760 970 846 1189 
3018 795 998 904 1074 
3019 772 973 875 1153 
3020 995 1044 762 1107 
3021 819 959 850 1184 
3022 1026 1079 807 1138 
3023 538 602 432 856 
3024 837 1146 876 1157 
3025 581 594 828 1031 
3026 806 955 831 1152 
3027 841 759 947 1174 
3028 746 894 962 1188 
3029 787 986 922 1109 
3030 343 345 346 1194 
3031 750 803 1001 1006 
3032 844 1036 853 1169 
3033 873 993 769 1080 
3034 834 890 771 992 
3035 746 894 920 1168 
3036 796 976 837 1146 
3037 786 981 1046 1081 
3038 342 396 387 1175 
3039 620 565 575 1082 
3040 780 853 844 1154 
3041 746 1024 894 1168 
3042 793 931 914 1084 
3043 468 846 1059 1189 
3044 817 884 936 1180 
3045 747 860 968 1042 
3046 772 820 973 1071 
3047 169 875 167 973 
3048 144 979 148 986 
3049 805 1000 958 1009 
3050 817 748 927 1077 
3051 155 159 160 1055 
3052 763 838 855 957 
3053 809 920 757 1066 
3054 950 989 763 1138 
3055 322 270 306 923 
3056 136 1009 133 1032 
3057 913 1083 364 1091 
3058 552 1085 859 1136 
3059 375 1081 359 1137 
3060 612 900 234 1013 
3061 724 1099 843 1186 
3062 837 976 876 1146 
3063 751 868 966 1075 
3064 1008 1096 816 1200 
3065 838 816 1096 1200 
3066 796 1000 958 1133 
3067 822 1023 1001 1053 
3068 846 970 839 1189 
3069 505 873 1029 1080 
3070 287 243 277 1139 
3071 144 147 979 1093 
3072 192 991 175 1000 
3073 807 722 1052 1138 
3074 785 979 1093 1196 
3075 927 997 932 1077 
3076 783 949 877 1060 
3077 653 698 823 1106 
3078 198 182 218 863 
3079 499 947 445 1174 
3080 820 875 772 973 
3081 257 294 249 1015 
3082 738 826 956 1158 
3083 792 970 917 985 
3084 738 1115 934 1166 
3085 772 875 820 1072 
3086 807 942 763 950 
3087 137 1009 837 1146 
3088 472 819 1047 1051 
3089 566 565 623 1082 
3090 469 1059 923 1118 
3091 796 958 1076 1133 
3092 852 935 806 1152 
3093 806 937 771 978 
3094 765 937 806 978 
3095 949 1019 922 1121 
3096 310 848 222 948 
3097 521 427 848 948 
3098 137 138 1009 1146 
3099 635 870 120 1106 
3100 367 402 945 1143 
3101 659 868 966 1005 
3102 771 937 806 996 
3103 734 526 509 993 
3104 942 1026 821 1112 
3105 817 927 748 936 
3106 651 120 635 870 
3107 774 945 867 1141 
3108 395 697 649 1165 
3109 891 1004 842 1176 
3110 168 973 925 987 
3111 826 956 968 1074 
3112 428 183 869 926 
3113 139 140 876 1157 
3114 288 436 230 948 
3115 159 823 124 1106 
3116 766 846 839 1059 
3117 491 432 602 856 
3118 831 955 747 1152 
3119 164 191 201 960 
3120 206 209 151 869 
3121 767 951 874 1156 
3122 353 1043 851 1081 
3123 656 659 707 868 
3124 773 997 835 1037 
3125 487 599 908 1049 
3126 849 892 326 1142 
3127 756 961 803 1054 
3128 810 761 885 1085 
3129 782 1062 924 1116 
3130 934 1115 791 1166 
3131 754 890 818 1058 
3132 630 612 234 1013 
3133 468 519 846 1189 
3134 947 949 783 1148 
3135 763 807 950 1138 
3136 605 560 557 836 
3137 513 1047 1104 1128 
3138 715 940 236 1165 
3139 436 230 948 1198 
3140 753 826 959 1192 
3141 543 406 906 990 
3142 323 824 311 1198 
3143 787 1092 976 1109 
3144 460 942 456 1112 
3145 522 824 529 1198 
3146 494 436 288 948 
3147 728 709 684 1120 
3148 934 1074 788 1115 
3149 866 980 952 1113 
3150 834 992 771 996 
3151 531 280 834 1082 
3152 781 930 927 1037 
3153 826 753 998 1192 
3154 667 879 675 914 
3155 535 179 987 1199 
3156 824 937 765 1089 
3157 796 1000 991 1146 
3158 566 834 624 890 
3159 201 960 191 1056 
3160 803 847 903 1054 
3161 833 881 779 1139 
3162 745 905 818 1058 
3163 754 1069 930 1097 
3164 447 1002 1147 1200 
3165 512 1052 942 1112 
3166 779 864 833 1018 
3167 866 960 761 1113 
3168 817 862 884 1180 
3169 874 276 951 1119 
3170 588 1067 585 1085 
3171 846 766 917 923 
3172 763 942 807 1026 
3173 426 408 830 1167 
3174 754 1069 818 1123 
3175 530 898 512 1112 
3176 905 1058 935 1069 
3177 476 449 448 1201 
3178 858 1162 804 1164 
3179 887 912 818 1057 
3180 783 819 877 965 
3181 782 1057 911 1136 
3182 841 863 827 869 
3183 467 530 512 1112 
3184 686 668 701 989 
3185 836 967 605 1117 
3186 616 856 900 1013 
3187 634 613 901 925 
3188 452 473 472 819 
3189 463 1033 994 1051 
3190 864 895 792 968 
3191 740 941 832 1021 
3192 905 927 748 1069 
3193 251 872 1048 1078 
3194 130 166 407 973 
3195 776 1078 872 1097 
3196 866 1019 749 1195 
3197 553 1057 606 1136 
3198 819 959 877 1111 
3199 466 824 529 1033 
3200 883 1064 838 1080 
3201 819 745 959 1111 
3202 740 1021 1007 1121 
3203 742 817 927 932 
3204 855 821 972 1026 
3205 426 830 983 1167 
3206 397 351 357 851 
3207 619 536 825 1134 
3208 903 758 1001 1171 
3209 165 960 828 1199 
3210 777 936 927 1190 
3211 803 891 851 1006 
3212 189 986 844 1036 
3213 755 938 823 988 
3214 970 985 792 1042 
3215 762 1090 944 1111 
3216 761 828 910 1113 
3217 802 960 866 1113 
3218 812 934 1122 1197 
3219 758 805 958 1009 
3220 823 938 870 1106 
3221 152 844 148 979 
3222 159 188 124 899 
3223 803 891 842 1194 
3224 761 999 885 1085 
3225 267 937 824 1179 
3226 704 291 641 896 
3227 126 535 179 987 
3228 123 206 208 869 
3229 360 981 358 1081 
3230 740 832 941 1062 
3231 137 138 135 1009 
3232 245 246 247 1100 
3233 200 987 179 1199 
3234 352 360 358 1081 
3235 821 998 753 1192 
3236 737 715 719 1165 
3237 588 589 587 832 
3238 774 857 907 945 
3239 130 407 925 973 
3240 384 397 379 961 
3241 192 194 991 1181 
3242 897 1162 764 1164 
3243 802 866 960 1056 
3244 759 869 827 979 
3245 756 961 1054 1193 
3246 840 1048 829 1144 
3247 914 931 695 1102 
3248 433 496 519 846 
3249 258 985 295 1173 
3250 755 823 953 988 
3251 400 367 945 1141 
3252 450 1147 972 1200 
3253 241 240 242 943 
3254 851 891 803 1194 
3255 814 913 909 1191 
3256 858 909 764 1164 
3257 329 593 901 1108 
3258 801 895 861 933 
3259 743 970 839 1140 
3260 809 983 830 1167 
3261 272 881 287 951 
3262 742 927 930 1037 
3263 791 1053 909 1164 
3264 780 1055 853 1096 
3265 791 909 858 1164 
3266 810 1007 761 1085 
3267 892 981 789 1094 
3268 642 689 731 883 
3269 433 227 846 1028 
3270 969 994 848 1050 
3271 206 869 151 979 
3272 814 909 1004 1191 
3273 522 948 824 1198 
3274 311 824 948 1198 
3275 878 961 378 1043 
3276 193 145 190 1157 
3277 800 860 852 1050 
3278 427 288 222 948 
3279 288 427 494 948 
3280 410 825 389 1134 
3281 704 648 303 896 
3282 386 125 336 945 
3283 587 832 589 1044 
3284 279 849 392 983 
3285 952 1095 1001 1171 
3286 746 1030 894 1188 
3287 948 994 521 1033 
3288 764 931 913 1084 
3289 568 890 624 992 
3290 754 935 1058 1069 
3291 786 851 932 1081 
3292 826 968 860 1074 
3293 444 500 499 841 
3294 253 996 1078 1160 
3295 464 521 994 1033 
3296 741 954 855 1087 
3297 786 932 835 1081 
3298 473 452 476 965 
3299 1002 1096 1008 1200 
3300 189 844 153 1036 
3301 351 353 851 1081 
3302 281 307 834 996 
3303 241 293 296 1103 
3304 777 927 905 1069 
3305 835 932 851 1081 
3306 704 303 232 896 
3307 605 836 1039 1193 
3308 801 1075 966 1155 
3309 806 1097 1078 1152 
3310 766 846 917 970 
3311 760 839 970 1189 
3312 927 936 817 1190 
3313 794 944 1090 1111 
3314 449 1147 448 1201 
3315 937 978 765 1089 
3316 908 762 1044 1107 
3317 836 862 815 1183 
3318 749 822 971 1171 
3319 767 920 1030 1156 
3320 769 957 916 988 
3321 605 967 836 1193 
3322 280 834 307 992 
3323 761 880 866 1007 
3324 701 989 845 1075 
3325 768 865 939 1020 
3326 756 862 1006 1077 
3327 749 1092 971 1109 
3328 272 254 881 1073 
3329 795 855 954 1087 
3330 753 959 1010 1060 
3331 432 856 470 1128 
3332 746 1014 814 1066 
3333 265 848 310 1035 
3334 1029 1096 1002 1200 
3335 241 829 293 1103 
3336 848 948 310 1035 
3337 190 181 193 875 
3338 703 641 291 1017 
3339 744 884 862 1180 
3340 746 920 894 1030 
3341 616 900 856 1125 
3342 838 855 816 972 
3343 227 314 290 846 
3344 749 922 1109 1195 
3345 508 902 610 1049 
3346 913 931 793 1084 
3347 702 725 724 1099 
3348 411 364 371 913 
3349 624 834 531 992 
3350 447 1002 947 1147 
3351 760 985 970 1042 
3352 338 382 901 1071 
3353 866 952 802 1113 
3354 874 951 779 1156 
3355 788 1074 904 1129 
3356 488 950 942 1052 
3357 305 302 900 1198 
3358 776 955 833 1100 
3359 827 979 161 1093 
3360 756 1006 932 1077 
3361 221 892 849 1149 
3362 455 972 482 1200 
3363 256 917 985 1178 
3364 935 1152 852 1187 
3365 281 252 261 872 
3366 389 825 376 990 
3367 755 953 893 1065 
3368 1016 1053 798 1161 
3369 529 824 1013 1198 
3370 276 277 874 951 
3371 750 884 1001 1166 
3372 526 440 509 993 
3373 713 676 879 1099 
3374 381 1071 847 1108 
3375 518 461 1028 1189 
3376 1002 1029 780 1096 
3377 752 843 888 1156 
3378 361 892 981 1142 
3379 186 635 120 1106 
3380 757 892 1103 1149 
3381 669 1088 663 1155 
3382 761 910 828 999 
3383 521 520 462 848 
3384 744 884 952 1001 
3385 823 938 853 988 
3386 778 952 866 980 
3387 414 849 326 1142 
3388 407 166 332 973 
3389 265 312 310 848 
3390 848 1035 831 1050 
3391 473 472 819 1047 
3392 571 619 536 825 
3393 764 913 909 1084 
3394 984 1022 830 1167 
3395 859 1085 832 1136 
3396 843 1030 888 1156 
3397 524 497 437 883 
3398 793 879 1022 1034 
3399 794 1104 1047 1128 
3400 495 520 427 848 
3401 289 222 312 848 
3402 159 124 204 1106 
3403 316 259 281 872 
3404 598 280 226 992 
3405 758 842 903 1001 
3406 784 1114 1011 1132 
3407 805 854 982 1143 
3408 373 1091 374 1142 
3409 559 554 604 1039 
3410 780 1002 926 1124 
3411 553 556 606 1057 
3412 742 927 817 1020 
3413 822 749 915 952 
3414 455 480 481 972 
3415 441 602 545 1013 
3416 747 955 831 1015 
3417 296 1048 840 1144 
3418 899 916 769 1150 
3419 690 916 698 1150 
3420 440 873 505 993 
3421 832 941 770 1021 
3422 155 1036 154 1055 
3423 123 208 182 863 
3424 820 758 928 1032 
3425 547 594 550 999 
3426 126 580 535 987 
3427 758 820 903 974 
3428 904 1026 845 1079 
3429 223 597 537 1082 
3430 709 669 670 861 
3431 685 686 687 1138 
3432 410 376 825 1137 
3433 777 1069 935 1097 
3434 845 1026 904 1087 
3435 678 897 1011 1132 
3436 187 938 204 1106 
3437 581 595 594 1031 
3438 741 922 1061 1154 
3439 835 997 825 1043 
3440 388 341 854 982 
3441 351 352 353 1081 
3442 1011 1114 712 1132 
3443 756 851 932 1006 
3444 187 870 938 1106 
3445 860 998 821 1192 
3446 390 330 225 886 
3447 798 867 982 1176 
3448 894 962 808 1025 
3449 683 670 682 1120 
3450 659 966 660 1005 
3451 757 943 829 1018 
3452 769 916 957 1150 
3453 453 821 1027 1126 
3454 659 868 660 966 
3455 306 270 269 896 
3456 862 817 1006 1077 
3457 736 1118 896 1120 
3458 903 1001 1095 1171 
3459 744 903 1001 1095 
3460 564 619 571 1117 
3461 189 986 1036 1181 
3462 682 861 670 1155 
3463 223 834 280 1082 
3464 816 947 759 1008 
3465 625 1044 908 1049 
3466 932 1006 817 1077 
3467 425 886 337 906 
3468 533 579 593 878 
3469 255 985 257 1015 
3470 744 1054 903 1072 
3471 512 898 530 1052 
3472 719 830 984 1022 
3473 761 815 980 999 
3474 519 496 517 923 
3475 465 850 1033 1051 
3476 909 1014 746 1084 
3477 117 183 442 926 
3478 428 442 183 926 
3479 909 913 814 1014 
3480 824 948 522 1033 
3481 758 1023 1001 1171 
3482 729 678 677 897 
3483 209 869 183 926 
3484 742 817 932 1101 
3485 325 878 378 1134 
3486 828 1113 960 1153 
3487 785 922 1019 1121 
3488 763 883 957 989 
3489 777 905 935 1069 
3490 826 998 753 1010 
3491 818 1058 905 1069 
3492 391 326 237 892 
3493 698 899 692 1150 
3494 859 911 782 924 
3495 451 919 504 1027 
3496 262 996 253 1160 
3497 172 907 857 945 
3498 568 992 621 1125 
3499 450 492 1147 1200 
3500 741 816 975 1008 
3501 256 985 255 1178 
3502 326 414 392 849 
3503 234 305 302 900 
3504 826 998 860 1192 
3505 221 237 326 892 
3506 336 857 400 945 
3507 233 886 292 906 
3508 738 934 915 1166 
3509 805 982 867 1143 
3510 758 842 1001 1023 
3511 785 880 1093 1121 
3512 199 127 506 873 
3513 805 867 982 1161 
3514 246 833 248 1015 
3515 820 974 758 1032 
3516 738 939 1115 1166 
3517 853 1036 844 1154 
3518 341 974 854 982 
3519 866 876 785 1196 
3520 542 599 438 1049 
3521 677 730 946 1102 
3522 808 879 914 1188 
3523 440 199 506 873 
3524 843 1099 1030 1156 
3525 794 912 856 1089 
3526 758 903 842 974 
3527 685 687 950 1138 
3528 741 855 957 1087 
3529 149 977 827 1093 
3530 278 830 304 1165 
3531 148 979 844 986 
3532 417 361 415 892 
3533 739 1053 1016 1161 
3534 510 439 528 1118 
3535 168 220 169 1153 
3536 757 829 964 1018 
3537 605 1039 615 1193 
3538 913 1014 909 1084 
3539 189 148 844 986 
3540 850 1047 819 1051 
3541 447 446 1002 1200 
3542 939 1020 865 1101 
3543 212 991 870 1114 
3544 713 676 667 879 
3545 755 1076 991 1092 
3546 408 984 830 1167 
3547 648 896 736 1118 
3548 754 1058 818 1069 
3549 255 257 249 1015 
3550 450 972 492 1200 
3551 1001 1006 803 1054 
3552 842 974 903 1045 
3553 765 1035 848 1050 
3554 742 1020 817 1101 
3555 374 416 414 849 
3556 687 688 883 989 
3557 551 859 550 999 
3558 750 822 1053 1166 
3559 139 876 141 976 
3560 857 907 172 1151 
3561 786 981 889 1046 
3562 660 868 658 966 
3563 767 1030 920 1034 
3564 413 533 878 1134 
3565 746 1066 1024 1168 
3566 822 915 884 952 
3567 853 1055 769 1096 
3568 934 954 795 1061 
3569 812 954 934 1061 
3570 136 135 133 1009 
3571 741 957 838 1096 
3572 822 915 749 971 
3573 658 656 657 868 
3574 776 833 1012 1018 
3575 819 800 959 1051 
3576 873 769 1029 1080 
3577 874 920 779 943 
3578 746 865 1024 1066 
3579 605 615 967 1193 
3580 822 749 952 1171 
3581 795 975 998 1010 
3582 282 233 337 886 
3583 410 1043 825 1134 
3584 487 438 599 1049 
3585 700 893 655 1132 
3586 767 1099 843 1156 
3587 158 827 149 977 
3588 153 189 148 844 
3589 569 912 890 1125 
3590 173 176 907 1000 
3591 353 357 851 1043 
3592 759 844 922 1008 
3593 747 852 1152 1187 
3594 747 1015 831 1042 
3595 851 1043 835 1081 
3596 825 376 990 1137 
3597 206 151 161 979 
3598 801 1088 933 1155 
3599 469 517 923 1059 
3600 172 178 125 945 
3601 677 946 897 1102 
3602 337 390 282 886 
3603 1062 1105 877 1116 
3604 894 1030 920 1156 
3605 658 966 868 1075 
3606 218 863 158 977 
3607 807 1120 861 1140 
3608 761 960 828 1113 
3609 1024 1066 865 1168 
3610 307 992 834 996 
3611 378 1043 410 1134 
3612 791 1115 939 1166 
3613 756 997 967 1077 
3614 842 982 345 1176 
3615 128 857 172 1151 
3616 136 137 928 1157 
3617 753 959 826 1010 
3618 413 878 325 1134 
3619 767 1030 1099 1156 
3620 897 1003 774 1011 
3621 1086 1135 886 1144 
3622 861 895 801 1079 
3623 389 410 376 825 
3624 262 937 996 1160 
3625 741 988 957 1096 
3626 853 988 741 1096 
3627 776 1078 1097 1152 
3628 242 829 943 1100 
3629 770 832 1021 1067 
3630 810 1021 832 1067 
3631 659 658 660 868 
3632 718 734 650 993 
3633 918 921 781 1177 
3634 769 873 1029 1096 
3635 503 1002 485 1029 
3636 1003 1011 897 1132 
3637 488 942 512 1052 
3638 374 365 370 1091 
3639 765 937 824 948 
3640 566 562 918 1123 
3641 373 889 372 1091 
3642 569 573 912 1125 
3643 552 549 859 1085 
3644 746 920 1030 1034 
3645 872 1048 930 1130 
3646 866 1056 876 1196 
3647 739 958 822 1053 
3648 393 637 327 946 
3649 782 924 1105 1116 
3650 309 843 273 1186 
3651 861 895 811 933 
3652 223 281 834 1082 
3653 613 541 634 901 
3654 789 829 1103 1144 
3655 611 229 596 882 
3656 370 1091 365 1167 
3657 723 687 642 883 
3658 504 451 452 919 
3659 452 449 476 919 
3660 922 775 1109 1195 
3661 1014 1083 913 1091 
3662 548 588 585 1085 
3663 712 1114 700 1132 
3664 771 992 890 1125 
3665 256 255 250 1178 
3666 870 938 755 991 
3667 753 998 975 1010 
3668 551 549 550 859 
3669 657 714 916 953 
3670 274 951 1119 1186 
3671 380 878 413 1108 
3672 651 652 700 870 
3673 660 966 658 1075 
3674 775 1182 1109 1195 
3675 651 870 700 1114 
3676 739 822 958 971 
3677 816 1002 947 1008 
3678 814 1014 913 1091 
3679 947 1002 759 1008 
3680 384 379 381 1108 
3681 215 129 592 902 
3682 898 1112 1059 1140 
3683 416 374 370 1167 
3684 813 877 1105 1116 
3685 743 968 860 970 
3686 820 973 1071 1175 
3687 375 1043 353 1081 
3688 653 693 698 1106 
3689 792 985 917 1178 
3690 875 960 1113 1153 
3691 589 832 588 1136 
3692 747 956 864 968 
3693 709 861 670 1120 
3694 225 886 330 1094 
3695 843 951 273 1186 
3696 958 971 796 1076 
3697 573 856 538 1104 
3698 903 1072 847 1175 
3699 894 1025 808 1030 
3700 819 1051 959 1184 
3701 192 1000 175 1146 
3702 679 888 843 1099 
3703 1012 1020 777 1097 
3704 749 952 866 1195 
3705 837 958 796 1146 
3706 739 971 958 1076 
3707 820 875 928 1095 
3708 699 729 677 946 
3709 959 1051 800 1184 
3710 672 933 727 1017 
3711 361 415 892 1142 
3712 820 1072 875 1095 
3713 825 967 756 997 
3714 776 1048 872 1078 
3715 807 1112 898 1140 
3716 139 140 141 876 
3717 585 576 548 1163 
3718 383 847 381 1071 
3719 856 900 824 1089 
3720 260 840 296 1048 
3721 232 291 704 896 
3722 894 920 779 1156 
3723 187 938 870 991 
3724 568 569 890 1125 
3725 804 858 1005 1162 
3726 768 894 1024 1168 
3727 265 848 1035 1173 
3728 750 1001 822 1166 
3729 739 1076 958 1133 
3730 552 588 549 1085 
3731 386 328 162 945 
3732 760 969 848 1050 
3733 866 785 880 1196 
3734 860 970 968 1042 
3735 278 236 830 1165 
3736 820 974 342 1175 
3737 616 900 612 1013 
3738 914 1005 858 1162 
3739 888 1030 843 1099 
3740 220 168 925 987 
3741 1012 1020 956 1190 
3742 501 435 493 863 
3743 727 672 709 933 
3744 873 899 769 993 
3745 901 1071 382 1108 
3746 222 310 312 848 
3747 427 520 521 848 
3748 780 1029 873 1096 
3749 531 597 223 1082 
3750 764 909 858 1084 
3751 199 219 127 873 
3752 347 348 891 1176 
3753 637 393 699 946 
3754 839 1059 846 1189 
3755 161 149 158 827 
3756 776 930 872 1048 
3757 667 914 666 1005 
3758 807 898 1120 1140 
3759 268 917 256 1178 
3760 246 955 833 1015 
3761 293 241 242 829 
3762 718 645 131 899 
3763 699 729 946 1127 
3764 371 931 913 1185 
3765 517 469 923 1118 
3766 311 267 297 937 
3767 278 940 275 1119 
3768 274 951 276 1119 
3769 387 396 332 973 
3770 244 248 833 1139 
3771 926 1002 759 1174 
3772 747 833 955 1015 
3773 381 382 1071 1108 
3774 930 1048 840 1130 
3775 248 246 244 833 
3776 777 1012 956 1190 
3777 788 894 962 1115 
3778 756 825 997 1043 
3779 742 835 997 1037 
3780 773 886 1086 1135 
3781 828 910 772 1031 
3782 935 978 806 1058 
3783 378 878 380 961 
3784 265 312 848 1173 
3785 343 974 344 982 
3786 780 1008 1002 1096 
3787 754 890 918 1123 
3788 894 1024 962 1115 
3789 215 592 628 902 
3790 621 900 633 1125 
3791 758 982 1023 1161 
3792 822 952 1001 1171 
3793 347 1176 891 1194 
3794 903 1045 974 1175 
3795 273 309 224 1017 
3796 192 177 175 991 
3797 745 1105 877 1111 
3798 841 863 500 1098 
3799 602 491 856 1013 
3800 747 833 1012 1152 
3801 796 1076 1000 1133 
3802 463 465 1033 1051 
3803 519 1028 846 1189 
3804 756 878 961 1193 
3805 445 947 499 1201 
3806 223 537 285 1082 
3807 458 462 969 994 
3808 848 948 765 994 
3809 284 849 279 983 
3810 543 584 406 990 
3811 630 319 527 1013 
3812 611 596 632 882 
3813 799 847 901 1108 
3814 866 880 1056 1196 
3815 831 1035 848 1173 
3816 929 812 1122 1197 
3817 903 974 820 1175 
3818 467 1059 898 1112 
3819 782 911 859 1136 
3820 447 446 947 1002 
3821 992 996 307 1179 
3822 257 831 1035 1160 
3823 770 941 908 1040 
3824 925 973 772 987 
3825 598 624 531 992 
3826 958 1023 822 1053 
3827 422 214 732 857 
3828 817 1006 932 1101 
3829 742 835 1037 1135 
3830 669 670 861 1155 
3831 134 854 133 1009 
3832 676 1022 879 1099 
3833 764 931 914 1102 
3834 373 889 1091 1142 
3835 813 936 905 1158 
3836 743 821 998 1026 
3837 836 781 1117 1177 
3838 659 660 661 1005 
3839 374 849 414 1142 
3840 893 929 755 1065 
3841 827 863 770 977 
3842 866 952 778 1195 
3843 940 1022 725 1099 
3844 272 271 254 1073 
3845 311 948 230 1198 
3846 522 436 948 1198 
3847 898 1052 512 1112 
3848 500 444 489 869 
3849 454 504 458 1027 
3850 880 1007 810 1021 
3851 254 248 287 881 
3852 752 888 1030 1156 
3853 747 956 826 1187 
3854 836 871 781 1177 
3855 384 381 847 1108 
3856 761 980 910 999 
3857 867 798 982 1161 
3858 993 1080 883 1150 
3859 147 161 979 1093 
3860 956 1020 768 1190 
3861 417 418 1041 1094 
3862 315 263 285 882 
3863 516 487 430 1145 
3864 748 911 924 1110 
3865 148 144 147 979 
3866 151 152 148 979 
3867 636 843 726 1017 
3868 801 1079 895 1129 
3869 824 900 856 1013 
3870 596 285 537 882 
3871 803 961 847 1054 
3872 789 886 1135 1144 
3873 760 848 1028 1173 
3874 459 1112 456 1126 
3875 915 1109 1182 1195 
3876 804 1162 897 1164 
3877 206 183 209 869 
3878 739 822 971 1053 
3879 519 518 1028 1189 
3880 175 991 176 1000 
3881 850 1047 794 1111 
3882 278 983 830 1119 
3883 251 1048 872 1130 
3884 773 886 1041 1137 
3885 257 831 985 1173 
3886 774 1133 1016 1161 
3887 734 509 650 993 
3888 556 553 555 911 
3889 922 1019 775 1195 
3890 777 1020 1012 1190 
3891 641 728 704 896 
3892 738 1010 826 1158 
3893 759 979 827 1121 
3894 864 894 779 1156 
3895 581 828 594 1199 
3896 605 557 559 836 
3897 557 555 554 911 
3898 407 385 925 973 
3899 827 1093 1021 1121 
3900 239 221 279 849 
3901 599 625 908 1049 
3902 845 763 989 1138 
3903 776 1012 833 1152 
3904 557 558 555 871 
3905 922 949 775 1019 
3906 574 609 569 912 
3907 854 133 1009 1032 
3908 444 499 445 1174 
3909 777 927 1069 1097 
3910 518 461 520 1028 
3911 954 957 741 988 
3912 893 929 804 1003 
3913 812 1065 1038 1092 
3914 922 1109 1061 1154 
3915 599 908 625 1044 
3916 691 989 916 1150 
3917 798 1023 982 1161 
3918 231 304 278 983 
3919 905 936 777 1158 
3920 1053 1164 1122 1197 
3921 679 726 724 843 
3922 428 926 869 1174 
3923 794 1047 944 1111 
3924 398 361 417 981 
3925 909 798 1004 1191 
3926 765 1033 824 1089 
3927 602 856 616 1013 
3928 207 156 154 1055 
3929 561 563 921 1177 
3930 1019 775 1070 1116 
3931 956 1012 768 1020 
3932 855 975 753 998 
3933 207 873 219 1055 
3934 958 1000 805 1133 
3935 817 1020 939 1101 
3936 293 829 242 1100 
3937 766 923 846 1059 
3938 602 441 491 1013 
3939 848 1050 831 1173 
3940 795 975 855 998 
3941 915 1166 934 1197 
3942 756 1006 862 1054 
3943 739 1164 1053 1197 
3944 908 1044 599 1107 
3945 531 223 280 1082 
3946 739 1023 958 1053 
3947 929 1003 893 1076 
3948 417 418 398 1041 
3949 718 692 899 993 
3950 757 889 981 1142 
3951 710 700 655 1132 
3952 748 862 836 1077 
3953 543 906 617 990 
3954 860 760 970 1042 
3955 745 887 1105 1111 
3956 815 911 859 924 
3957 765 831 1035 1050 
3958 280 223 281 834 
3959 495 520 848 1028 
3960 289 848 312 1028 
3961 422 336 178 857 
3962 257 1035 831 1173 
3963 802 876 866 1056 
3964 819 1047 850 1111 
3965 770 841 941 1040 
3966 239 221 849 1149 
3967 768 865 1020 1101 
3968 392 849 416 983 
3969 590 589 995 1044 
3970 744 1180 862 1183 
3971 744 980 1180 1183 
3972 787 938 853 1036 
3973 845 763 1026 1087 
3974 351 891 349 1046 
3975 832 995 589 1044 
3976 755 929 893 1076 
3977 314 846 227 1028 
3978 256 917 295 985 
3979 422 178 214 857 
3980 637 699 730 946 
3981 786 835 932 1068 
3982 910 980 815 999 
3983 491 470 432 856 
3984 473 819 965 1047 
3985 869 926 759 1174 
3986 829 1068 964 1131 
3987 337 425 390 886 
3988 668 662 845 1155 
3989 864 956 788 968 
3990 503 926 443 1002 
3991 935 1069 754 1097 
3992 656 707 655 893 
3993 821 1112 839 1126 
3994 908 941 762 1040 
3995 690 698 692 1150 
3996 981 1041 835 1068 
3997 319 234 302 1013 
3998 752 888 1025 1030 
3999 651 635 652 870 
4000 881 1015 792 1178 
4001 816 1147 1002 1200 
4002 118 134 162 854 
4003 887 1090 762 1111 
4004 278 236 275 940 
4005 519 433 846 1028 
4006 559 605 836 1039 
4007 636 724 726 843 
4008 338 925 385 1071 
4009 223 316 281 1082 
4010 246 244 833 1100 
4011 841 1040 770 1098 
4012 796 991 1076 1092 
4013 261 996 252 1078 
4014 968 970 792 1042 
4015 546 532 163 885 
4016 806 935 852 978 
4017 528 735 717 1118 
4018 701 845 668 1075 
4019 742 835 932 997 
4020 172 171 907 945 
4021 547 885 546 1199 
4022 662 1075 845 1155 
4023 248 881 254 1178 
4024 621 992 900 1125 
4025 558 871 557 1177 
4026 300 874 943 1149 
4027 773 825 990 1137 
4028 681 725 1022 1099 
4029 776 833 955 1152 
4030 769 899 873 1055 
4031 900 1089 856 1125 
4032 530 514 434 898 
4033 463 994 458 1051 
4034 467 530 898 1059 
4035 165 164 201 960 
4036 281 261 307 996 
4037 676 680 879 1022 
4038 279 392 334 983 
4039 964 1012 768 1018 
4040 998 1010 826 1074 
4041 845 989 790 1075 
4042 373 372 356 1091 
4043 414 416 392 849 
4044 1061 1109 1038 1154 
4045 941 965 762 1040 
4046 268 269 256 917 
4047 758 1009 928 1032 
4048 781 918 871 1069 
4049 903 1095 758 1171 
4050 196 172 128 857 
4051 944 1047 794 1104 
4052 592 129 539 902 
4053 855 763 957 1087 
4054 460 480 456 942 
4055 470 856 511 1128 
4056 432 513 1104 1128 
4057 791 858 1122 1164 
4058 292 882 229 906 
4059 755 1038 1065 1092 
4060 820 1072 903 1175 
4061 680 675 676 879 
4062 291 224 703 1017 
4063 465 1033 850 1128 
4064 621 540 633 900 
4065 828 960 165 1153 
4066 803 903 847 1045 
4067 841 1040 499 1201 
4068 978 1058 912 1089 
4069 668 845 662 1075 
4070 590 599 1044 1107 
4071 840 930 797 1037 
4072 400 367 402 945 
4073 913 963 764 1191 
4074 223 285 316 1082 
4075 545 602 616 1013 
4076 883 950 763 1064 
4077 573 574 569 912 
4078 679 843 724 1099 
4079 754 918 1069 1123 
4080 292 882 906 1086 
4081 344 345 982 1176 
4082 762 995 887 1062 
4083 845 1075 801 1155 
4084 756 961 878 1043 
4085 358 981 1041 1081 
4086 647 732 196 857 
4087 442 117 926 1124 
4088 771 824 900 1089 
4089 745 935 905 1058 
4090 774 1016 867 1161 
4091 1001 1023 822 1171 
4092 781 997 927 1077 
4093 348 1004 891 1176 
4094 272 254 287 881 
4095 590 1044 995 1107 
4096 681 1022 676 1099 
4097 792 968 895 970 
4098 794 912 887 1090 
4099 691 657 714 916 
4100 196 732 214 857 
4101 791 1122 1053 1164 
4102 886 1041 418 1094 
4103 942 950 807 1052 
4104 539 1067 902 1163 
4105 589 588 552 1136 
4106 783 965 941 1040 
4107 808 888 879 1030 
4108 604 551 550 999 
4109 1010 1060 813 1070 
4110 749 971 915 1109 
4111 251 872 259 1130 
4112 188 131 645 899 
4113 744 952 980 1113 
4114 732 404 422 857 
4115 887 818 1105 1110 
4116 443 1002 926 1174 
4117 351 349 352 1046 
4118 822 1001 884 1166 
4119 581 828 987 1031 
4120 779 881 864 1156 
4121 226 280 307 992 
4122 250 1015 248 1178 
4123 826 1010 813 1158 
4124 660 662 663 966 
4125 565 561 575 918 
4126 566 623 624 834 
4127 220 925 197 987 
4128 466 529 522 1033 
4129 773 1041 886 1135 
4130 119 885 164 1199 
4131 761 859 999 1085 
4132 175 177 176 991 
4133 778 936 884 1180 
4134 1047 1111 965 1145 
4135 133 854 118 1032 
4136 942 1052 807 1112 
4137 927 932 817 1077 
4138 1010 1070 813 1158 
4139 607 631 1039 1159 
4140 616 633 900 1125 
4141 902 977 203 1163 
4142 380 961 878 1108 
4143 358 981 398 1041 
4144 688 989 691 1150 
4145 459 839 1112 1126 
4146 482 1029 838 1080 
4147 409 906 406 990 
4148 929 1065 812 1092 
4149 812 915 971 1109 
4150 769 1080 993 1150 
4151 706 1011 729 1127 
4152 514 646 434 898 
4153 242 1100 943 1139 
4154 340 328 388 854 
4155 750 1001 884 1006 
4156 775 1060 1010 1070 
4157 712 1114 1011 1151 
4158 1041 1081 835 1137 
4159 835 1043 825 1137 
4160 771 912 1058 1089 
4161 292 906 886 1086 
4162 149 827 161 1093 
4163 388 344 341 982 
4164 806 1078 996 1160 
4165 888 1025 808 1088 
4166 758 854 1009 1032 
4167 282 390 225 886 
4168 888 808 1025 1030 
4169 781 921 997 1117 
4170 776 930 1048 1131 
4171 882 921 622 1172 
4172 142 976 141 986 
4173 771 937 824 1089 
4174 314 227 313 1028 
4175 838 1064 482 1080 
4176 801 933 861 1155 
4177 787 1036 986 1181 
4178 949 975 775 1060 
4179 442 431 117 1124 
4180 184 117 431 1124 
4181 887 995 782 1062 
4182 942 950 488 1064 
4183 550 549 547 1085 
4184 393 699 946 1127 
4185 762 965 1111 1145 
4186 527 319 507 1013 
4187 633 612 616 900 
4188 773 1037 835 1135 
4189 218 158 203 977 
4190 768 964 865 1101 
4191 807 1026 942 1112 
4192 388 854 328 1143 
4193 778 1116 936 1180 
4194 702 228 940 1186 
4195 458 462 461 969 
4196 789 886 1041 1135 
4197 908 1040 523 1098 
4198 774 907 857 1011 
4199 407 332 385 973 
4200 771 1058 978 1089 
4201 846 1028 760 1189 
4202 788 1074 956 1115 
4203 782 1105 1062 1116 
4204 982 1023 798 1176 
4205 747 955 833 1152 
4206 800 1126 1027 1192 
4207 884 822 952 1001 
4208 189 142 141 986 
4209 519 518 433 1028 
4210 782 1057 887 1110 
4211 887 1057 818 1110 
4212 742 932 835 1068 
4213 802 837 928 1095 
4214 858 808 1005 1188 
4215 361 981 360 1142 
4216 766 898 1059 1140 
4217 544 197 925 987 
4218 757 1142 892 1149 
4219 789 1041 981 1068 
4220 460 512 942 1112 
4221 927 1020 777 1190 
4222 211 907 176 1151 
4223 257 1035 299 1160 
4224 282 292 233 886 
4225 897 946 774 1016 
4226 764 946 897 1016 
4227 813 905 1063 1158 
4228 833 1018 776 1100 
4229 561 563 575 921 
4230 825 997 835 1137 
4231 972 1147 816 1200 
4232 864 881 752 1156 
4233 212 187 870 991 
4234 842 1023 982 1176 
4235 937 948 765 1035 
4236 782 887 1105 1110 
4237 739 1016 1053 1164 
4238 975 1060 949 1148 
4239 956 768 1115 1190 
4240 742 1020 964 1131 
4241 403 974 1045 1175 
4242 404 732 716 857 
4243 563 1117 921 1177 
4244 365 1091 1083 1167 
4245 311 288 230 948 
4246 494 522 436 948 
4247 762 887 995 1090 
4248 765 850 1033 1089 
4249 738 1070 1010 1158 
4250 162 125 386 945 
4251 849 1142 757 1149 
4252 819 850 1051 1184 
4253 757 1018 964 1168 
4254 760 1050 848 1173 
4255 406 423 543 906 
4256 539 902 170 1163 
4257 840 1048 930 1131 
4258 544 580 197 987 
4259 832 1007 740 1021 
4260 355 1185 913 1191 
4261 810 832 1007 1085 
4262 403 974 343 1045 
4263 720 1118 736 1120 
4264 862 1183 836 1193 
4265 771 900 824 1179 
4266 684 736 728 896 
4267 841 947 783 1201 
4268 194 938 991 1181 
4269 706 857 1011 1127 
4270 327 412 946 1185 
4271 289 495 67 427 
4272 123 489 30 183 
4273 428 30 489 183 
4274 66 222 427 288 
4275 222 289 67 427 
4276 183 428 31 442 
4277 117 183 31 442 
4278 288 427 66 494 
4279 391 326 49 237 
4280 838 1029 482 1200 
4281 774 1011 1003 1133 
4282 836 815 1039 1183 
4283 677 730 699 946 
4284 766 896 923 1118 
4285 771 824 937 1179 
4286 967 997 825 1117 
4287 687 686 688 989 
4288 580 581 535 987 
4289 420 338 382 901 
4290 380 413 329 1108 
4291 1061 1109 775 1182 
4292 635 652 870 1106 
4293 334 231 279 983 
4294 674 707 665 1162 
4295 382 383 381 1071 
4296 466 470 511 1128 
4297 132 12 121 324 
4298 50 221 326 392 
4299 118 324 13 132 
4300 324 118 13 340 
4301 326 221 49 237 
4302 921 781 997 1037 
4303 758 837 928 1009 
4304 499 841 500 1098 
4305 741 957 954 1087 
4306 817 1020 927 1190 
4307 913 764 963 1185 
4308 634 583 1031 1159 
4309 923 1059 766 1118 
4310 335 406 584 990 
4311 547 546 594 1199 
4312 409 425 337 906 
4313 771 978 937 1089 
4314 193 960 875 1153 
4315 260 264 296 840 
4316 792 1015 985 1178 
4317 768 1012 964 1020 
4318 776 1097 930 1131 
4319 802 837 1095 1171 
4320 360 981 889 1142 
4321 910 1039 815 1183 
4322 207 219 156 1055 
4323 276 274 277 951 
4324 799 1039 910 1183 
4325 934 1166 791 1197 
4326 839 1126 459 1189 
4327 540 900 621 992 
4328 758 974 842 982 
4329 325 380 378 878 
4330 760 831 1050 1173 
4331 925 973 385 1071 
4332 338 385 382 1071 
4333 790 957 954 988 
4334 808 1025 966 1088 
4335 858 909 746 1084 
4336 565 566 562 918 
4337 353 375 357 1043 
4338 325 378 410 1134 
4339 528 717 510 1118 
4340 856 1104 794 1128 
4341 954 988 741 1038 
4342 765 978 850 1089 
4343 359 1081 1041 1137 
4344 913 931 764 1185 
4345 872 930 776 1097 
4346 767 874 951 1119 
4347 478 523 908 1040 
4348 736 896 684 1120 
4349 767 940 830 1119 
4350 767 830 940 1022 
4351 469 898 1059 1118 
4352 194 938 187 991 
4353 794 1089 856 1128 
4354 767 843 951 1156 
4355 220 168 197 925 
4356 947 1002 816 1147 
4357 392 50 221 279 
4358 12 387 121 324 
4359 170 539 129 902 
4360 840 1131 1037 1135 
4361 368 361 360 1142 
4362 264 296 840 1144 
4363 634 582 613 925 
4364 475 1047 965 1145 
4365 582 544 925 987 
4366 126 197 580 987 
4367 770 902 863 1098 
4368 442 32 117 431 
4369 184 117 32 431 
4370 326 892 415 1142 
4371 328 14 162 118 
4372 118 328 14 340 
4373 770 1040 908 1098 
4374 743 895 968 970 
4375 368 373 374 1142 
4376 896 1118 766 1120 
4377 139 1146 137 1157 
4378 357 961 851 1043 
4379 802 928 837 1157 
4380 994 1033 850 1051 
4381 457 459 1126 1189 
4382 545 630 441 1013 
4383 812 915 1109 1182 
4384 854 388 982 1143 
4385 778 915 1070 1195 
4386 489 435 500 863 
4387 743 904 1074 1129 
4388 741 988 853 1038 
4389 386 336 400 945 
4390 553 551 554 911 
4391 795 954 904 1087 
4392 603 555 558 871 
4393 566 624 568 890 
4394 868 953 790 1065 
4395 966 1025 801 1088 
4396 239 279 284 849 
4397 842 903 803 1045 
4398 617 990 906 1172 
4399 211 173 176 907 
4400 852 959 800 1184 
4401 939 1115 768 1190 
4402 740 949 941 1121 
4403 251 252 872 1078 
4404 121 387 11 166 
4405 302 507 319 1013 
4406 930 1037 840 1131 
4407 806 996 937 1160 
4408 858 1005 914 1188 
4409 1011 1114 784 1151 
4410 766 1120 898 1140 
4411 934 788 962 1115 
4412 283 900 540 992 
4413 503 442 926 1124 
4414 908 523 1049 1098 
4415 754 930 872 1097 
4416 581 594 535 1199 
4417 688 883 989 1150 
4418 748 871 911 1110 
4419 348 349 891 1004 
4420 765 848 994 1050 
4421 771 1089 900 1125 
4422 770 1044 832 1067 
4423 193 217 960 1153 
4424 782 924 911 1110 
4425 459 1059 839 1189 
4426 793 1014 1034 1083 
4427 743 1079 895 1140 
4428 803 903 842 1001 
4429 911 1057 782 1110 
4430 344 974 341 982 
4431 1083 1091 809 1167 
4432 616 612 545 1013 
4433 505 1029 484 1080 
4434 543 423 629 906 
4435 715 737 643 940 
4436 785 1093 979 1121 
4437 795 1010 998 1074 
4438 826 860 998 1074 
4439 704 736 648 896 
4440 669 663 664 1155 
4441 858 962 808 1188 
4442 264 1086 840 1130 
4443 123 183 206 869 
4444 861 895 1079 1140 
4445 291 308 224 1017 
4446 477 965 476 1201 
4447 745 978 850 1184 
4448 675 667 676 879 
4449 217 165 960 1153 
4450 758 1023 958 1161 
4451 200 126 179 987 
4452 752 894 864 1156 
4453 355 362 1185 1191 
4454 900 1013 824 1198 
4455 148 152 153 844 
4456 884 915 822 1166 
4457 167 169 181 875 
4458 728 684 896 1120 
4459 141 986 876 1196 
4460 610 628 592 902 
4461 749 915 952 1195 
4462 755 1065 929 1092 
4463 524 497 883 1080 
4464 138 175 174 1000 
4465 590 589 591 995 
4466 828 999 910 1031 
4467 979 1093 827 1121 
4468 772 901 847 1071 
4469 168 169 167 973 
4470 121 180 132 1032 
4471 596 229 285 882 
4472 794 850 1089 1128 
4473 789 835 1041 1068 
4474 971 1053 822 1197 
4475 835 1041 981 1081 
4476 499 500 479 1098 
4477 827 977 770 1021 
4478 447 492 446 1200 
4479 741 1061 1038 1154 
4480 934 1061 795 1182 
4481 1053 1122 791 1197 
4482 762 965 877 1111 
4483 324 341 342 974 
4484 812 1061 934 1182 
4485 404 857 716 1127 
4486 468 1059 459 1189 
4487 831 955 806 1160 
4488 877 965 819 1111 
4489 950 1052 722 1138 
4490 447 1147 492 1200 
4491 800 994 969 1050 
4492 786 1068 932 1101 
4493 589 995 832 1136 
4494 770 863 841 1098 
4495 463 458 504 1051 
4496 866 761 980 1113 
4497 293 1048 829 1100 
4498 651 120 870 1114 
4499 630 527 441 1013 
4500 174 135 138 1009 
4501 824 765 948 1033 
4502 606 1057 995 1136 
4503 531 834 623 1082 
4504 483 1064 883 1080 
4505 129 215 198 902 
4506 443 926 428 1174 
4507 140 1056 876 1157 
4508 177 192 194 991 
4509 739 1053 971 1197 
4510 742 1037 1131 1135 
4511 899 993 692 1150 
4512 654 657 656 953 
4513 768 865 964 1168 
4514 767 1119 951 1186 
4515 333 644 92 1127 
4516 170 902 203 1163 
4517 844 922 787 986 
4518 847 1071 901 1108 
4519 844 986 787 1036 
4520 623 531 624 834 
4521 312 1028 848 1173 
4522 768 1020 964 1101 
4523 1002 1008 816 1200 
4524 292 229 301 906 
4525 743 1026 904 1079 
4526 877 941 762 1062 
4527 396 385 973 1071 
4528 141 976 876 986 
4529 278 284 983 1119 
4530 817 884 862 1006 
4531 644 699 92 1127 
4532 667 666 661 1005 
4533 801 904 845 1079 
4534 630 545 612 1013 
4535 313 1028 312 1173 
4536 540 598 226 992 
4537 840 797 930 1130 
4538 684 709 670 1120 
4539 332 11 387 166 
4540 838 1096 1029 1200 
4541 563 571 921 1117 
4542 363 963 867 1141 
4543 681 676 711 1099 
4544 772 828 987 1153 
4545 835 1041 773 1135 
4546 218 203 198 902 
4547 738 915 934 1182 
4548 607 1031 583 1159 
4549 813 1063 826 1158 
4550 859 1007 832 1085 
4551 798 1053 1023 1161 
4552 538 573 602 856 
4553 590 599 625 1044 
4554 447 446 445 947 
4555 745 852 978 1184 
4556 780 844 1008 1154 
4557 854 758 974 1032 
4558 835 773 1041 1137 
4559 463 464 994 1033 
4560 446 947 1002 1174 
4561 634 583 582 1031 
4562 286 237 892 1094 
4563 401 367 867 1143 
4564 165 119 164 1199 
4565 257 265 1035 1173 
4566 571 572 921 1172 
4567 168 130 925 973 
4568 586 1044 1049 1067 
4569 784 1003 1011 1133 
4570 833 1100 244 1139 
4571 858 914 764 1084 
4572 458 969 457 1126 
4573 820 903 1072 1095 
4574 347 348 349 891 
4575 344 401 399 982 
4576 783 941 841 1040 
4577 818 905 1105 1110 
4578 789 835 1068 1135 
4579 867 945 805 1143 
4580 143 876 140 1056 
4581 915 934 812 1197 
4582 572 622 921 1172 
4583 237 238 286 892 
4584 417 415 391 892 
4585 428 489 444 869 
4586 770 1049 902 1098 
4587 379 961 380 1108 
4588 590 995 591 1107 
4589 497 883 483 1064 
4590 988 1038 954 1065 
4591 566 890 567 1123 
4592 794 1047 850 1128 
4593 791 934 962 1115 
4594 446 445 947 1174 
4595 189 1036 195 1181 
4596 844 922 1008 1154 
4597 497 483 515 1064 
4598 836 1077 862 1193 
4599 298 886 1094 1144 
4600 450 455 492 972 
4601 746 920 1066 1168 
4602 369 984 1083 1170 
4603 789 1041 835 1135 
4604 774 1011 857 1127 
4605 133 134 118 854 
4606 505 524 993 1080 
4607 857 1011 907 1151 
4608 761 910 980 1113 
4609 981 1068 835 1081 
4610 847 1045 903 1175 
4611 298 886 225 1094 
4612 138 175 1000 1146 
4613 403 342 974 1175 
4614 534 599 626 1107 
4615 810 1007 832 1021 
4616 391 417 892 1094 
4617 419 1127 946 1141 
4618 809 1014 920 1066 
4619 913 1185 963 1191 
4620 546 163 119 885 
4621 603 567 609 1123 
4622 255 249 250 1015 
4623 454 458 457 1126 
4624 743 895 1079 1129 
4625 774 1016 946 1141 
4626 765 948 848 1035 
4627 357 351 353 851 
4628 141 144 986 1196 
4629 260 264 840 1130 
4630 794 1090 887 1111 
4631 744 1095 952 1113 
4632 746 920 1014 1066 
4633 253 996 261 1078 
4634 836 1183 1039 1193 
4635 764 1016 897 1164 
4636 898 766 1059 1118 
4637 397 357 379 961 
4638 514 898 469 1118 
4639 764 1102 914 1162 
4640 871 918 781 1177 
4641 745 959 852 1184 
4642 152 153 844 1169 
4643 615 607 631 1039 
4644 678 674 897 1132 
4645 802 1095 952 1171 
4646 809 1034 1014 1083 
4647 774 907 1011 1133 
4648 276 874 284 1119 
4649 812 934 915 1182 
4650 286 892 238 1103 
4651 862 1077 756 1193 
4652 867 963 798 1016 
4653 867 1016 798 1161 
4654 755 1038 988 1065 
4655 286 1094 892 1103 
4656 758 958 837 1009 
4657 946 1016 963 1141 
4658 444 428 869 1174 
4659 742 1037 930 1131 
4660 591 995 1090 1107 
4661 369 1083 411 1170 
4662 875 802 1095 1113 
4663 388 341 340 854 
4664 273 951 272 1186 
4665 609 556 603 1057 
4666 262 1035 937 1160 
4667 332 396 385 973 
4668 121 166 167 973 
4669 384 1045 847 1175 
4670 531 59 598 280 
4671 486 503 1029 1124 
4672 310 948 297 1035 
4673 654 653 714 953 
4674 807 1079 1026 1140 
4675 355 364 356 913 
4676 423 318 629 906 
4677 758 928 837 1171 
4678 511 856 491 1013 
4679 260 296 293 1048 
4680 939 768 1020 1190 
4681 793 1034 1084 1188 
4682 477 1040 965 1201 
4683 772 987 828 1031 
4684 769 883 1080 1150 
4685 921 1117 781 1177 
4686 488 460 512 942 
4687 769 838 957 1096 
4688 371 913 355 1185 
4689 432 470 513 1128 
4690 769 1029 838 1096 
4691 804 1003 897 1132 
4692 256 295 255 985 
4693 423 233 318 906 
4694 212 176 177 991 
4695 133 118 132 1032 
4696 360 372 889 1046 
4697 262 261 253 996 
4698 875 802 928 1095 
4699 413 380 325 878 
4700 145 1056 140 1157 
4701 782 995 832 1062 
4702 530 469 514 898 
4703 485 1029 1002 1200 
4704 871 1069 918 1123 
4705 849 892 1142 1149 
4706 772 925 901 1071 
4707 739 1133 958 1161 
4708 745 852 935 978 
4709 768 939 865 1024 
4710 784 893 1003 1076 
4711 450 449 451 919 
4712 703 727 641 1017 
4713 920 1014 809 1034 
4714 769 838 1029 1080 
4715 646 705 434 898 
4716 266 307 996 1179 
4717 765 994 948 1033 
4718 875 1095 1072 1113 
4719 396 1071 973 1175 
4720 746 1014 920 1034 
4721 710 707 674 1132 
4722 513 474 490 1104 
4723 459 460 456 1112 
4724 232 303 306 896 
4725 552 859 551 1136 
4726 762 1090 995 1107 
4727 440 506 505 873 
4728 137 1146 837 1157 
4729 474 944 490 1104 
4730 905 777 1063 1158 
4731 136 928 190 1157 
4732 136 180 181 928 
4733 501 500 863 1098 
4734 192 976 142 1181 
4735 449 919 450 1147 
4736 379 378 380 961 
4737 969 1027 800 1126 
4738 1019 1116 1070 1195 
4739 764 963 946 1016 
4740 363 867 367 1141 
4741 70 439 496 290 
4742 863 902 770 977 
4743 530 898 434 1052 
4744 165 1153 200 1199 
4745 294 955 253 1078 
4746 180 928 136 1032 
4747 583 607 595 1031 
4748 469 898 530 1059 
4749 532 22 546 163 
4750 163 532 23 576 
4751 498 950 488 1052 
4752 756 1054 862 1193 
4753 775 1061 922 1109 
4754 201 145 193 960 
4755 506 873 127 1124 
4756 218 208 158 863 
4757 891 1176 842 1194 
4758 184 431 127 1124 
4759 593 614 541 901 
4760 839 1059 459 1112 
4761 954 1038 812 1065 
4762 297 937 262 1035 
4763 839 760 969 1189 
4764 426 405 334 983 
4765 1070 1116 778 1195 
4766 1019 778 1116 1195 
4767 393 946 419 1127 
4768 257 265 299 1035 
4769 660 662 966 1075 
4770 344 982 399 1176 
4771 262 299 1035 1160 
4772 671 888 713 1088 
4773 549 551 552 859 
4774 266 992 307 1179 
4775 511 470 491 856 
4776 453 1027 454 1126 
4777 212 870 120 1114 
4778 793 914 879 1188 
4779 841 783 1040 1201 
4780 290 433 69 227 
4781 249 246 248 1015 
4782 135 134 133 1009 
4783 414 326 415 1142 
4784 69 496 433 290 
4785 584 571 536 990 
4786 932 1068 742 1101 
4787 739 929 971 1076 
4788 901 1031 772 1159 
4789 253 1078 955 1160 
4790 746 962 858 1188 
4791 739 1016 1133 1161 
4792 774 1003 1016 1133 
4793 713 711 676 1099 
4794 760 1042 860 1050 
4795 762 944 1090 1107 
4796 401 367 363 867 
4797 558 603 871 1123 
4798 755 988 953 1065 
4799 840 1135 1086 1144 
4800 788 968 956 1074 
4801 230 288 65 436 
4802 964 1018 829 1131 
4803 791 962 934 1122 
4804 155 154 156 1055 
4805 790 988 954 1065 
4806 743 860 968 1074 
4807 357 378 961 1043 
4808 480 455 453 972 
4809 401 867 982 1143 
4810 713 888 679 1099 
4811 758 854 974 982 
4812 484 1029 482 1080 
4813 882 773 906 1086 
4814 383 384 847 1175 
4815 658 657 701 1075 
4816 547 548 532 885 
4817 327 412 393 946 
4818 671 933 888 1088 
4819 330 886 418 1094 
4820 483 482 1064 1080 
4821 483 883 497 1080 
4822 202 899 159 1055 
4823 838 972 816 1200 
4824 407 130 10 166 
4825 294 253 955 1160 
4826 890 912 771 1125 
4827 934 962 751 1122 
4828 150 191 164 880 
4829 213 627 544 925 
4830 743 1026 1079 1140 
4831 879 1030 888 1099 
4832 799 1108 901 1159 
4833 523 501 1049 1098 
4834 474 1047 475 1145 
4835 862 1180 815 1183 
4836 345 1176 347 1194 
4837 953 988 790 1065 
4838 303 235 306 923 
4839 499 1040 477 1201 
4840 400 857 404 1127 
4841 347 891 351 1194 
4842 716 857 706 1127 
4843 494 65 288 436 
4844 182 489 29 123 
4845 486 505 873 1029 
4846 916 953 823 988 
4847 826 959 852 1063 
4848 790 989 845 1087 
4849 845 989 763 1087 
4850 479 523 1040 1098 
4851 310 222 288 948 
4852 521 494 427 948 
4853 179 126 20 535 
4854 900 992 283 1179 
4855 210 926 117 1124 
4856 758 837 958 1171 
4857 542 508 610 1049 
4858 262 996 937 1179 
4859 297 262 299 1035 
4860 831 760 985 1173 
4861 843 767 951 1186 
4862 474 944 1047 1145 
4863 793 879 1034 1188 
4864 160 1036 938 1181 
4865 752 1025 894 1030 
4866 740 941 1021 1121 
4867 952 1095 802 1113 
4868 793 1034 1014 1084 
4869 247 955 294 1078 
4870 548 885 547 1085 
4871 535 126 20 580 
4872 311 297 310 948 
4873 908 1040 762 1145 
4874 763 950 942 1064 
4875 47 225 390 330 
4876 853 780 1096 1154 
4877 358 1041 359 1081 
4878 308 224 1017 1073 
4879 418 425 377 886 
4880 859 761 1007 1085 
4881 244 287 248 1139 
4882 61 234 612 540 
4883 870 991 784 1114 
4884 915 971 822 1197 
4885 485 482 1029 1200 
4886 739 1016 1003 1133 
4887 946 1102 931 1185 
4888 455 492 972 1200 
4889 599 101 542 438 
4890 587 1044 586 1067 
4891 793 913 1014 1083 
4892 145 143 140 1056 
4893 812 1109 1061 1182 
4894 228 309 273 1186 
4895 493 28 198 182 
4896 545 441 106 602 
4897 553 552 551 1136 
4898 446 503 443 1002 
4899 259 251 252 872 
4900 401 982 388 1143 
4901 745 905 1063 1105 
4902 401 344 388 982 
4903 844 787 922 1154 
4904 478 479 523 1040 
4905 213 130 421 925 
4906 613 627 421 925 
4907 840 789 1135 1144 
4908 403 342 343 974 
4909 629 318 301 906 
4910 130 407 421 925 
4911 177 194 187 991 
4912 691 916 690 1150 
4913 745 935 852 1063 
4914 856 1089 912 1125 
4915 207 127 873 1124 
4916 272 287 277 951 
4917 97 339 395 649 
4918 171 173 172 907 
4919 233 423 337 906 
4920 165 828 1153 1199 
4921 851 961 756 1043 
4922 886 906 773 1086 
4923 279 392 51 334 
4924 769 993 899 1150 
4925 300 276 277 874 
4926 162 386 15 328 
4927 131 718 43 645 
4928 853 1038 787 1154 
4929 741 1038 853 1154 
4930 567 568 569 890 
4931 546 885 119 1199 
4932 349 1004 350 1046 
4933 789 1041 886 1094 
4934 381 383 384 847 
4935 666 914 695 1102 
4936 722 685 950 1138 
4937 257 985 255 1173 
4938 127 219 207 873 
4939 101 599 487 438 
4940 368 360 889 1142 
4941 872 930 797 1130 
4942 777 956 1158 1190 
4943 368 889 373 1142 
4944 173 175 176 1000 
4945 773 840 1037 1135 
4946 197 544 19 580 
4947 332 407 10 166 
4948 543 617 584 990 
4949 309 636 76 703 
4950 126 197 19 580 
4951 770 1021 977 1067 
4952 810 977 1021 1067 
4953 1059 1112 839 1140 
4954 600 490 430 944 
4955 210 209 926 1169 
4956 300 284 276 874 
4957 358 398 359 1041 
4958 760 831 1042 1050 
4959 269 291 232 896 
4960 831 985 760 1042 
4961 790 957 916 989 
4962 499 479 477 1040 
4963 145 960 201 1056 
4964 887 1057 995 1090 
4965 749 1109 915 1195 
4966 395 331 640 984 
4967 513 471 1047 1128 
4968 315 882 292 1086 
4969 307 280 281 834 
4970 804 893 1003 1132 
4971 832 995 782 1136 
4972 120 635 40 651 
4973 783 919 1147 1148 
4974 503 446 485 1002 
4975 758 982 842 1023 
4976 701 668 662 1075 
4977 127 184 33 431 
4978 803 842 1045 1194 
4979 663 662 664 1155 
4980 586 902 539 1067 
4981 246 245 244 1100 
4982 468 459 502 1189 
4983 443 442 428 926 
4984 329 901 382 1108 
4985 671 713 708 1088 
4986 802 875 960 1113 
4987 136 181 190 928 
4988 582 581 987 1031 
4989 786 835 1068 1081 
4990 536 577 389 1134 
4991 708 966 660 1088 
4992 334 52 231 304 
4993 258 255 295 985 
4994 283 540 226 992 
4995 390 418 330 886 
4996 914 1005 808 1188 
4997 622 596 537 882 
4998 645 42 188 693 
4999 791 962 1024 1115 
5000 800 1050 852 1184 
5001 237 391 892 1094 
5002 915 822 1166 1197 
5003 639 1114 712 1151 
5004 782 995 887 1057 
5005 197 213 544 925 
5006 278 304 236 1165 
5007 718 650 692 993 
5008 743 895 970 1140 
5009 586 1044 625 1049 
5010 745 852 959 1063 
5011 743 998 860 1074 
5012 463 465 464 1033 
5013 766 1059 839 1140 
5014 575 572 622 921 
5015 716 732 647 857 
5016 1054 1183 862 1193 
5017 829 1018 943 1100 
5018 196 214 178 857 
5019 776 955 1078 1152 
5020 784 1000 991 1076 
5021 756 967 878 1193 
5022 404 336 422 857 
5023 542 438 508 1049 
5024 804 1003 929 1164 
5025 929 1003 739 1164 
5026 774 867 1016 1141 
5027 238 892 221 1149 
5028 23 163 576 122 
5029 887 1062 782 1105 
5030 669 664 670 1155 
5031 742 1131 1068 1135 
5032 586 1049 902 1067 
5033 571 572 563 921 
5034 431 506 127 1124 
5035 507 1013 302 1198 
5036 839 970 766 1140 
5037 705 434 898 1052 
5038 371 355 362 1185 
5039 347 351 397 1194 
5040 608 995 1057 1090 
5041 954 957 790 1087 
5042 231 279 51 334 
5043 597 58 531 223 
5044 429 638 723 950 
5045 617 611 632 1172 
5046 765 850 978 1184 
5047 223 597 57 537 
5048 430 102 534 487 
5049 462 464 521 994 
5050 719 984 680 1022 
5051 305 323 302 1198 
5052 790 916 957 988 
5053 373 360 372 889 
5054 247 294 253 1078 
5055 346 397 1045 1194 
5056 669 933 671 1088 
5057 971 1076 929 1092 
5058 702 74 643 317 
5059 573 616 856 1125 
5060 212 177 187 991 
5061 774 1003 897 1016 
5062 59 226 598 280 
5063 139 976 192 1146 
5064 633 540 612 900 
5065 278 284 231 983 
5066 327 694 394 931 
5067 313 312 258 1173 
5068 187 160 204 938 
5069 477 475 965 1040 
5070 975 1010 795 1061 
5071 666 667 675 914 
5072 207 210 1124 1169 
5073 213 421 627 925 
5074 487 102 534 599 
5075 28 493 435 182 
5076 610 902 586 1049 
5077 891 1004 349 1046 
5078 611 629 301 906 
5079 341 344 343 974 
5080 994 1033 765 1184 
5081 439 70 235 290 
5082 773 1086 840 1135 
5083 926 1124 210 1169 
5084 234 61 283 540 
5085 681 711 725 1099 
5086 746 1084 1034 1188 
5087 663 660 966 1088 
5088 1014 1034 746 1084 
5089 481 942 488 1064 
5090 600 430 534 944 
5091 958 1133 805 1161 
5092 373 368 360 889 
5093 666 914 1102 1162 
5094 419 400 1127 1141 
5095 568 621 570 1125 
5096 236 317 275 940 
5097 784 1011 907 1133 
5098 850 1033 994 1184 
5099 613 421 338 925 
5100 897 1016 1003 1164 
5101 476 477 475 965 
5102 298 292 886 1086 
5103 668 845 1138 1155 
5104 582 580 544 987 
5105 617 906 611 1172 
5106 378 379 357 961 
5107 850 765 1033 1184 
5108 1008 1096 780 1154 
5109 331 640 984 1170 
5110 566 567 562 1123 
5111 807 1052 898 1112 
5112 83 593 541 420 
5113 793 1083 984 1170 
5114 129 539 25 592 
5115 168 166 130 973 
5116 928 1095 837 1171 
5117 251 260 1048 1130 
5118 182 208 218 863 
5119 453 454 456 1126 
5120 336 16 178 125 
5121 963 1016 867 1141 
5122 329 420 382 901 
5123 936 1070 813 1116 
5124 778 1070 936 1116 
5125 801 904 1079 1129 
5126 93 637 327 393 
5127 345 348 347 1176 
5128 711 713 679 1099 
5129 762 1040 965 1145 
5130 162 171 125 945 
5131 393 93 637 699 
5132 264 840 1086 1144 
5133 746 962 894 1024 
5134 537 596 56 285 
5135 503 442 443 926 
5136 500 435 501 863 
5137 678 674 677 897 
5138 739 971 929 1197 
5139 790 953 916 988 
5140 473 965 475 1047 
5141 778 1019 866 1195 
5142 735 648 717 1118 
5143 450 453 455 972 
5144 274 272 951 1186 
5145 250 249 248 1015 
5146 375 353 359 1081 
5147 956 1115 738 1190 
5148 153 154 1036 1169 
5149 646 898 514 1118 
5150 640 697 395 984 
5151 172 125 171 945 
5152 52 334 405 304 
5153 174 134 135 1009 
5154 861 1079 807 1140 
5155 577 325 389 1134 
5156 688 689 883 1150 
5157 40 186 635 120 
5158 192 139 142 976 
5159 419 946 366 1141 
5160 648 79 704 303 
5161 117 209 183 926 
5162 149 161 147 1093 
5163 42 124 188 693 
5164 262 266 996 1179 
5165 943 1100 1018 1139 
5166 656 658 659 868 
5167 232 704 79 303 
5168 897 1102 764 1162 
5169 160 195 1036 1181 
5170 384 346 397 1045 
5171 559 615 605 1039 
5172 608 995 606 1057 
5173 1053 1166 822 1197 
5174 897 1003 804 1164 
5175 377 418 886 1041 
5176 514 434 646 114 
5177 366 963 946 1185 
5178 786 1068 981 1081 
5179 391 415 326 892 
5180 897 946 764 1102 
5181 337 406 409 906 
5182 547 532 546 885 
5183 882 906 773 1172 
5184 706 678 729 1011 
5185 588 587 585 1067 
5186 855 998 821 1026 
5187 438 501 508 1049 
5188 788 962 894 1025 
5189 688 691 690 1150 
5190 675 695 666 914 
5191 776 1048 1100 1131 
5192 227 433 68 1028 
5193 833 779 1018 1139 
5194 694 931 721 1170 
5195 143 141 876 1196 
5196 562 918 1123 1177 
5197 739 958 1023 1161 
5198 498 638 429 950 
5199 300 943 240 1149 
5200 188 131 43 645 
5201 958 971 822 1171 
5202 995 1057 782 1136 
5203 759 1002 947 1174 
5204 829 1100 1048 1131 
5205 136 190 137 1157 
5206 540 60 226 598 
5207 787 986 976 1181 
5208 636 75 702 309 
5209 632 882 622 1172 
5210 229 292 315 882 
5211 345 842 1176 1194 
5212 257 255 258 1173 
5213 207 154 210 1169 
5214 210 152 209 1169 
5215 411 931 394 1170 
5216 260 840 1048 1130 
5217 217 165 201 960 
5218 140 139 137 1157 
5219 231 284 279 983 
5220 466 1033 465 1128 
5221 586 587 625 1044 
5222 503 431 442 1124 
5223 775 1010 975 1061 
5224 879 1022 767 1099 
5225 815 1180 980 1183 
5226 599 542 625 1049 
5227 637 694 327 931 
5228 562 1123 558 1177 
5229 771 912 890 1058 
5230 956 738 1158 1190 
5231 784 1011 1003 1132 
5232 401 402 367 1143 
5233 294 247 246 955 
5234 641 77 703 291 
5235 1012 1152 1097 1187 
5236 570 621 633 1125 
5237 543 584 88 406 
5238 890 912 818 1058 
5239 790 957 989 1087 
5240 763 989 957 1087 
5241 333 404 716 1127 
5242 742 964 1068 1131 
5243 705 898 683 1052 
5244 939 1020 817 1190 
5245 779 951 881 1156 
5246 523 501 438 1049 
5247 175 173 174 1000 
5248 238 237 221 892 
5249 212 187 120 870 
5250 758 1095 928 1171 
5251 524 483 497 1080 
5252 295 256 270 917 
5253 789 1094 886 1144 
5254 517 510 469 1118 
5255 621 568 624 992 
5256 742 1068 835 1135 
5257 704 78 641 291 
5258 119 546 22 163 
5259 441 106 602 491 
5260 402 328 945 1143 
5261 680 984 640 1170 
5262 280 531 58 223 
5263 907 1000 784 1133 
5264 533 578 878 1134 
5265 947 1147 783 1201 
5266 601 944 1090 1104 
5267 768 939 1024 1115 
5268 591 995 608 1090 
5269 642 688 689 883 
5270 777 935 905 1063 
5271 994 1051 850 1184 
5272 457 1126 969 1189 
5273 813 1070 936 1158 
5274 871 818 1069 1123 
5275 709 672 669 933 
5276 281 259 252 872 
5277 935 1097 1152 1187 
5278 767 843 1099 1186 
5279 325 410 389 1134 
5280 34 127 506 199 
5281 344 399 345 1176 
5282 946 963 366 1141 
5283 138 192 175 1146 
5284 331 984 369 1170 
5285 571 990 617 1172 
5286 550 594 595 999 
5287 638 722 950 1052 
5288 666 1005 914 1162 
5289 766 1118 898 1120 
5290 227 68 289 1028 
5291 495 68 433 1028 
5292 773 921 882 1172 
5293 146 880 150 1093 
5294 455 482 492 1200 
5295 308 271 224 1073 
5296 189 144 148 986 
5297 812 971 929 1092 
5298 74 702 228 317 
5299 765 978 852 1184 
5300 159 202 188 899 
5301 900 992 771 1125 
5302 879 767 1030 1099 
5303 591 1090 601 1107 
5304 902 1067 977 1163 
5305 617 543 611 906 
5306 275 274 1119 1186 
5307 677 897 673 1102 
5308 1012 1097 777 1187 
5309 193 217 201 960 
5310 763 855 1026 1087 
5311 739 1003 929 1076 
5312 266 283 992 1179 
5313 589 606 995 1136 
5314 29 435 489 182 
5315 172 907 211 1151 
5316 720 898 1118 1120 
5317 745 905 935 1063 
5318 125 386 15 162 
5319 722 705 683 1052 
5320 242 943 243 1139 
5321 448 1147 947 1201 
5322 743 1074 968 1129 
5323 746 1034 1030 1188 
5324 601 1090 618 1104 
5325 444 443 428 1174 
5326 457 502 459 1189 
5327 447 947 448 1147 
5328 335 409 406 990 
5329 228 702 75 309 
5330 153 1036 844 1169 
5331 360 352 372 1046 
5332 767 1022 879 1034 
5333 743 968 895 1129 
5334 409 990 376 1137 
5335 578 967 878 1134 
5336 335 389 376 990 
5337 626 944 534 1107 
5338 170 129 203 902 
5339 225 282 47 390 
5340 504 452 472 1051 
5341 593 83 329 420 
5342 372 349 350 1046 
5343 871 558 1123 1177 
5344 111 642 497 723 
5345 935 1097 806 1152 
5346 446 1002 443 1174 
5347 492 447 450 1147 
5348 1000 1076 784 1133 
5349 105 538 602 432 
5350 902 1049 770 1067 
5351 146 191 880 1196 
5352 147 144 146 1093 
5353 647 706 716 857 
5354 336 404 400 857 
5355 514 717 646 1118 
5356 495 289 68 1028 
5357 618 573 538 1104 
5358 738 1010 1070 1182 
5359 398 358 361 981 
5360 431 33 127 506 
5361 178 172 196 857 
5362 255 985 258 1173 
5363 170 539 25 129 
5364 510 717 514 1118 
5365 687 688 642 883 
5366 858 962 791 1122 
5367 144 146 1093 1196 
5368 567 566 568 890 
5369 809 1014 1066 1091 
5370 157 158 149 977 
5371 298 1094 286 1144 
5372 484 485 482 1029 
5373 97 395 697 649 
5374 254 881 1073 1178 
5375 831 1015 985 1042 
5376 537 597 620 1082 
5377 57 223 537 285 
5378 224 309 76 703 
5379 690 714 698 916 
5380 813 1063 905 1105 
5381 826 1063 852 1187 
5382 796 991 1000 1076 
5383 965 1040 475 1145 
5384 929 971 812 1197 
5385 199 506 34 440 
5386 635 653 652 1106 
5387 294 257 299 1160 
5388 975 1010 775 1060 
5389 364 355 371 913 
5390 743 1079 904 1129 
5391 370 365 1083 1167 
5392 677 674 673 897 
5393 703 636 726 1017 
5394 24 122 576 1163 
5395 716 644 333 1127 
5396 461 457 969 1189 
5397 408 369 984 1167 
5398 663 708 660 1088 
5399 251 259 260 1130 
5400 143 141 140 876 
5401 767 1022 940 1099 
5402 676 681 680 1022 
5403 784 1003 893 1132 
5404 770 1049 1044 1067 
5405 840 829 1048 1131 
5406 235 290 322 923 
5407 146 880 1093 1196 
5408 531 623 597 1082 
5409 188 202 131 899 
5410 395 96 640 331 
5411 739 1023 1053 1161 
5412 787 938 1036 1181 
5413 956 1012 777 1187 
5414 486 1029 873 1124 
5415 432 602 105 491 
5416 692 698 645 899 
5417 517 496 439 923 
5418 600 490 944 1104 
5419 448 447 445 947 
5420 791 1024 939 1115 
5421 671 679 713 888 
5422 778 924 1116 1180 
5423 1033 1089 850 1128 
5424 485 1002 446 1200 
5425 801 1079 845 1155 
5426 282 225 298 886 
5427 755 929 1076 1092 
5428 744 1072 1095 1113 
5429 467 459 1059 1112 
5430 1019 1070 775 1195 
5431 475 1040 478 1145 
5432 151 147 161 979 
5433 189 153 195 1036 
5434 700 710 712 1132 
5435 539 24 576 1163 
5436 329 413 84 593 
5437 793 1084 914 1188 
5438 110 642 731 497 
5439 796 1076 971 1092 
5440 362 363 963 1191 
5441 274 273 272 1186 
5442 638 722 685 950 
5443 250 248 254 1178 
5444 16 336 386 125 
5445 561 918 562 1177 
5446 692 645 718 899 
5447 744 910 1072 1113 
5448 578 605 615 967 
5449 305 900 283 1179 
5450 613 582 544 925 
5451 238 241 1103 1149 
5452 270 256 269 917 
5453 486 484 505 1029 
5454 461 502 457 1189 
5455 536 87 584 389 
5456 275 1119 940 1186 
5457 861 1079 801 1155 
5458 643 725 702 940 
5459 659 661 665 1005 
5460 498 429 488 950 
5461 795 1061 1010 1182 
5462 584 335 88 406 
5463 362 354 363 1191 
5464 426 983 416 1167 
5465 586 592 539 902 
5466 164 163 205 885 
5467 602 573 616 856 
5468 467 469 530 1059 
5469 490 430 103 600 
5470 406 337 423 906 
5471 818 871 1069 1110 
5472 812 971 915 1197 
5473 704 728 736 896 
5474 261 262 266 996 
5475 783 1147 947 1148 
5476 720 683 898 1120 
5477 770 908 1049 1098 
5478 349 351 347 891 
5479 37 196 128 647 
5480 298 292 282 886 
5481 468 502 519 1189 
5482 772 973 925 1071 
5483 193 875 169 1153 
5484 230 323 311 1198 
5485 924 980 815 1180 
5486 695 721 694 931 
5487 522 529 436 1198 
5488 638 950 498 1052 
5489 77 224 703 291 
5490 228 275 317 940 
5491 229 596 55 611 
5492 411 371 394 931 
5493 821 1027 1126 1192 
5494 673 897 674 1162 
5495 595 604 550 999 
5496 764 1102 946 1185 
5497 568 570 569 1125 
5498 582 581 580 987 
5499 366 946 412 1185 
5500 240 300 243 943 
5501 143 144 141 1196 
5502 87 335 584 389 
5503 669 672 671 933 
5504 285 596 56 229 
5505 745 978 935 1058 
5506 639 38 185 1151 
5507 861 1120 766 1140 
5508 393 366 419 946 
5509 275 940 228 1186 
5510 485 486 503 1029 
5511 744 910 980 1183 
5512 184 210 117 1124 
5513 668 1138 682 1155 
5514 787 844 1036 1154 
5515 876 986 785 1196 
5516 730 695 637 1102 
5517 770 977 902 1067 
5518 78 704 232 291 
5519 720 648 736 1118 
5520 964 1018 768 1168 
5521 168 130 197 925 
5522 775 1010 1061 1182 
5523 243 242 240 943 
5524 668 664 662 1155 
5525 181 169 193 875 
5526 156 219 202 1055 
5527 668 686 685 1138 
5528 267 262 937 1179 
5529 767 940 1119 1186 
5530 695 931 637 1102 
5531 815 980 910 1183 
5532 807 1052 950 1138 
5533 497 429 111 723 
5534 354 1004 1176 1191 
5535 478 1040 908 1145 
5536 935 777 1097 1187 
5537 689 692 993 1150 
5538 694 94 327 394 
5539 738 936 1070 1158 
5540 719 681 737 1022 
5541 818 1069 905 1110 
5542 965 1040 783 1201 
5543 165 200 179 1199 
5544 261 266 307 996 
5545 744 980 910 1113 
5546 298 225 286 1094 
5547 889 1066 814 1091 
5548 176 1114 185 1151 
5549 852 1063 935 1187 
5550 971 1092 812 1109 
5551 601 1090 944 1107 
5552 73 715 643 317 
5553 448 947 445 1201 
5554 657 654 714 953 
5555 876 1056 802 1157 
5556 712 639 700 1114 
5557 767 1099 940 1186 
5558 377 409 376 1137 
5559 542 508 100 610 
5560 238 240 241 1149 
5561 752 1030 894 1156 
5562 640 697 96 395 
5563 117 210 209 926 
5564 639 696 38 1151 
5565 534 103 430 600 
5566 610 592 586 902 
5567 486 873 506 1124 
5568 650 437 731 993 
5569 543 629 611 906 
5570 906 990 773 1172 
5571 498 488 512 1052 
5572 203 977 157 1163 
5573 1094 1103 286 1144 
5574 91 716 333 404 
5575 237 48 391 1094 
5576 871 748 1069 1110 
5577 571 584 617 990 
5578 753 1010 975 1060 
5579 474 473 475 1047 
5580 873 1029 780 1124 
5581 403 1045 384 1175 
5582 705 646 434 114 
5583 879 1030 767 1034 
5584 791 1122 934 1197 
5585 365 364 1083 1091 
5586 191 1056 880 1196 
5587 289 312 313 1028 
5588 369 1083 984 1167 
5589 495 518 520 1028 
5590 440 505 509 993 
5591 804 1122 858 1164 
5592 533 578 579 878 
5593 203 129 198 902 
5594 354 1004 348 1176 
5595 847 1071 383 1175 
5596 510 115 514 717 
5597 267 262 297 937 
5598 771 912 1089 1125 
5599 601 944 626 1107 
5600 554 555 553 911 
5601 283 60 226 540 
5602 365 356 364 1091 
5603 777 1158 956 1187 
5604 519 502 518 1189 
5605 693 635 41 1106 
5606 370 426 416 1167 
5607 946 963 764 1185 
5608 191 150 146 880 
5609 794 1090 944 1104 
5610 540 621 598 992 
5611 905 1069 748 1110 
5612 139 141 142 976 
5613 600 944 601 1104 
5614 572 632 622 1172 
5615 614 634 901 1159 
5616 808 1030 879 1188 
5617 665 1005 666 1162 
5618 452 451 449 919 
5619 375 359 376 1137 
5620 711 724 725 1099 
5621 932 997 756 1077 
5622 462 458 463 994 
5623 804 929 1122 1164 
5624 686 701 691 989 
5625 949 1060 783 1148 
5626 483 482 481 1064 
5627 605 967 564 1117 
5628 865 768 1024 1168 
5629 327 637 94 694 
5630 298 1086 886 1144 
5631 128 696 37 647 
5632 1038 1109 787 1154 
5633 235 322 306 923 
5634 721 680 640 1170 
5635 814 1066 1014 1091 
5636 787 1036 853 1154 
5637 541 614 634 901 
5638 128 172 211 1151 
5639 616 570 633 1125 
5640 275 274 276 1119 
5641 115 646 514 717 
5642 301 229 55 611 
5643 293 242 245 1100 
5644 511 491 441 1013 
5645 469 468 517 1059 
5646 792 985 1015 1042 
5647 402 328 386 945 
5648 968 1074 788 1129 
5649 907 1011 784 1151 
5650 488 481 480 942 
5651 331 369 411 1170 
5652 505 484 524 1080 
5653 180 136 133 1032 
5654 506 486 505 873 
5655 509 437 650 993 
5656 712 1011 696 1151 
5657 85 413 325 577 
5658 266 226 307 992 
5659 693 41 124 1106 
5660 477 478 475 1040 
5661 731 437 110 497 
5662 393 419 333 1127 
5663 508 542 100 438 
5664 673 1102 897 1162 
5665 417 330 418 1094 
5666 153 154 155 1036 
5667 614 579 631 1159 
5668 91 716 644 333 
5669 694 394 931 1170 
5670 242 244 1100 1139 
5671 541 613 82 420 
5672 381 329 382 1108 
5673 266 283 226 992 
5674 589 606 591 995 
5675 363 366 963 1141 
5676 510 514 469 1118 
5677 232 306 269 896 
5678 646 720 898 1118 
5679 212 185 176 1114 
5680 189 141 144 986 
5681 666 1102 673 1162 
5682 626 599 590 1107 
5683 48 330 391 1094 
5684 448 445 499 1201 
5685 771 996 992 1179 
5686 663 669 671 1088 
5687 771 937 996 1179 
5688 606 608 591 995 
5689 288 311 310 948 
5690 494 521 522 948 
5691 922 787 1109 1154 
5692 561 565 562 918 
5693 665 661 666 1005 
5694 793 1014 913 1084 
5695 24 170 122 1163 
5696 852 1050 765 1184 
5697 315 285 229 882 
5698 260 263 264 1130 
5699 764 931 1102 1185 
5700 780 1124 926 1169 
5701 413 85 533 577 
5702 234 283 305 900 
5703 389 536 86 577 
5704 361 368 415 1142 
5705 539 170 24 1163 
5706 413 533 84 593 
5707 465 463 472 1051 
5708 578 619 967 1134 
5709 368 374 414 1142 
5710 908 1044 770 1049 
5711 454 451 504 1027 
5712 523 487 478 908 
5713 822 1023 958 1171 
5714 716 706 644 1127 
5715 333 400 404 1127 
5716 715 73 236 317 
5717 239 238 221 1149 
5718 48 237 225 1094 
5719 453 451 454 1027 
5720 639 185 1114 1151 
5721 392 416 334 983 
5722 325 389 86 577 
5723 871 1123 918 1177 
5724 362 963 366 1185 
5725 524 437 505 993 
5726 699 644 729 1127 
5727 688 686 691 989 
5728 638 429 723 112 
5729 876 1056 143 1196 
5730 359 1041 377 1137 
5731 639 712 696 1151 
5732 858 1084 746 1188 
5733 733 715 320 1165 
5734 383 403 384 1175 
5735 327 931 371 1185 
5736 963 1185 362 1191 
5737 585 1067 539 1163 
5738 160 187 194 938 
5739 358 360 361 981 
5740 741 853 1096 1154 
5741 301 318 233 906 
5742 1030 1034 879 1188 
5743 301 233 292 906 
5744 936 777 1158 1190 
5745 805 1000 907 1133 
5746 163 164 119 885 
5747 207 184 127 1124 
5748 740 1019 949 1121 
5749 348 350 349 1004 
5750 395 408 369 984 
5751 600 601 618 1104 
5752 412 366 393 946 
5753 403 343 346 1045 
5754 799 1183 1054 1193 
5755 720 683 646 898 
5756 622 632 596 882 
5757 744 1072 903 1095 
5758 339 405 408 1165 
5759 354 350 348 1004 
5760 385 338 407 925 
5761 778 980 924 1180 
5762 664 682 670 1155 
5763 126 220 197 987 
5764 186 41 635 1106 
5765 473 471 472 1047 
5766 678 710 674 1132 
5767 965 1047 819 1111 
5768 680 719 697 984 
5769 613 544 627 925 
5770 238 1103 892 1149 
5771 48 225 330 1094 
5772 354 350 1004 1191 
5773 935 1063 777 1187 
5774 946 1127 774 1141 
5775 714 690 691 916 
5776 251 247 252 1078 
5777 816 947 1147 1148 
5778 738 1070 915 1182 
5779 626 601 534 944 
5780 900 771 992 1179 
5781 561 562 558 1177 
5782 650 731 689 993 
5783 193 169 217 1153 
5784 613 338 82 420 
5785 753 1060 975 1148 
5786 197 130 213 925 
5787 958 1023 758 1171 
5788 719 715 649 1165 
5789 994 1050 800 1184 
5790 765 1050 994 1184 
5791 395 369 331 984 
5792 490 474 430 944 
5793 744 862 1054 1183 
5794 806 1078 955 1152 
5795 39 651 639 1114 
5796 418 390 425 886 
5797 421 407 338 925 
5798 591 601 626 1107 
5799 742 964 1020 1101 
5800 400 402 386 945 
5801 679 724 711 1099 
5802 969 1126 839 1189 
5803 573 570 616 1125 
5804 38 128 185 1151 
5805 880 785 1093 1196 
5806 156 159 155 1055 
5807 775 1070 1182 1195 
5808 719 680 681 1022 
5809 696 128 38 1151 
5810 720 736 684 1120 
5811 638 429 112 498 
5812 678 1011 712 1132 
5813 518 502 461 1189 
5814 954 1038 741 1061 
5815 812 1038 954 1061 
5816 668 682 664 1155 
5817 41 186 124 1106 
5818 697 640 680 984 
5819 650 689 692 993 
5820 481 488 515 1064 
5821 582 583 581 1031 
5822 560 558 557 1177 
5823 576 585 539 1163 
5824 381 379 380 1108 
5825 560 605 564 1117 
5826 236 320 715 1165 
5827 914 1084 858 1188 
5828 791 1166 1053 1197 
5829 245 242 244 1100 
5830 569 570 573 1125 
5831 559 604 607 1039 
5832 747 1012 956 1187 
5833 305 283 266 1179 
5834 892 1094 789 1103 
5835 463 464 462 994 
5836 147 151 148 979 
5837 200 220 987 1153 
5838 39 120 651 1114 
5839 476 475 473 965 
5840 694 95 394 1170 
5841 660 658 662 1075 
5842 789 1103 1094 1144 
5843 203 158 157 977 
5844 723 638 687 950 
5845 650 437 109 731 
5846 470 466 465 1128 
5847 274 272 277 951 
5848 172 173 211 907 
5849 1079 1138 845 1155 
5850 457 458 461 969 
5851 1038 1092 787 1109 
5852 696 712 706 1011 
5853 126 200 220 987 
5854 943 1018 779 1139 
5855 739 1003 1076 1133 
5856 673 666 695 1102 
5857 533 577 578 1134 
5858 327 394 371 931 
5859 695 694 637 931 
5860 202 159 156 1055 
5861 296 286 1103 1144 
5862 741 1096 1008 1154 
5863 624 598 621 992 
5864 187 204 186 1106 
5865 939 738 1115 1190 
5866 142 189 195 1181 
5867 730 677 673 1102 
5868 512 530 434 1052 
5869 590 587 589 1044 
5870 619 564 578 967 
5871 575 563 572 921 
5872 908 762 1107 1145 
5873 362 366 412 1185 
5874 955 1078 806 1160 
5875 437 509 650 109 
5876 254 1073 268 1178 
5877 529 1013 507 1198 
5878 192 142 194 1181 
5879 477 476 448 1201 
5880 799 1039 1183 1193 
5881 419 400 333 1127 
5882 484 482 483 1080 
5883 362 363 366 963 
5884 638 685 687 950 
5885 376 409 335 990 
5886 431 486 506 1124 
5887 253 261 252 1078 
5888 800 1051 994 1184 
5889 319 507 63 527 
5890 296 286 241 1103 
5891 457 459 456 1126 
5892 558 562 603 1123 
5893 798 1176 1004 1191 
5894 775 1070 1010 1182 
5895 424 320 304 1165 
5896 527 507 441 1013 
5897 419 367 400 1141 
5898 944 1107 762 1145 
5899 343 342 341 974 
5900 747 1152 1012 1187 
5901 449 447 448 1147 
5902 424 304 405 1165 
5903 739 1003 1016 1164 
5904 646 683 705 898 
5905 490 600 104 1104 
5906 563 564 571 1117 
5907 468 467 459 1059 
5908 467 460 459 1112 
5909 542 610 586 1049 
5910 39 639 185 1114 
5911 365 374 373 1091 
5912 915 1182 1070 1195 
5913 431 503 486 1124 
5914 488 480 460 942 
5915 1038 1061 812 1109 
5916 920 757 1066 1168 
5917 331 394 95 1170 
5918 155 160 195 1036 
5919 589 552 606 1136 
5920 359 377 376 1137 
5921 160 938 194 1181 
5922 586 539 585 1067 
5923 267 266 262 1179 
5924 165 217 200 1153 
5925 370 1083 369 1167 
5926 369 364 411 1083 
5927 600 534 601 944 
5928 490 104 432 1104 
5929 549 588 548 1085 
5930 278 276 284 1119 
5931 167 166 168 973 
5932 726 672 727 1017 
5933 563 560 1117 1177 
5934 492 485 446 1200 
5935 300 240 239 1149 
5936 474 513 471 1047 
5937 498 113 638 1052 
5938 694 640 95 1170 
5939 139 138 137 1146 
5940 742 1068 964 1101 
5941 432 104 538 1104 
5942 184 207 210 1124 
5943 446 443 445 1174 
5944 507 319 63 302 
5945 327 371 412 1185 
5946 678 712 710 1132 
5947 608 606 556 1057 
5948 352 358 353 1081 
5949 254 271 268 1073 
5950 706 729 644 1127 
5951 244 242 243 1139 
5952 146 150 149 1093 
5953 977 1067 810 1163 
5954 507 529 511 1013 
5955 414 415 368 1142 
5956 363 367 366 1141 
5957 631 607 583 1159 
5958 595 581 583 1031 
5959 538 104 600 1104 
5960 145 201 191 1056 
5961 479 478 477 1040 
5962 737 725 643 940 
5963 776 1097 1012 1152 
5964 120 39 185 1114 
5965 809 1083 1014 1091 
5966 548 547 549 1085 
5967 383 1071 396 1175 
5968 406 89 543 423 
5969 113 498 434 1052 
5970 684 670 683 1120 
5971 170 203 157 1163 
5972 563 561 560 1177 
5973 299 262 253 1160 
5974 693 653 635 1106 
5975 421 213 9 130 
5976 545 630 107 441 
5977 9 421 130 407 
5978 372 352 349 1046 
5979 640 331 95 1170 
5980 601 591 608 1090 
5981 651 700 639 1114 
5982 113 705 638 1052 
5983 513 470 471 1128 
5984 190 145 140 1157 
5985 626 590 591 1107 
5986 585 587 586 1067 
5987 339 649 98 1165 
5988 143 1056 191 1196 
5989 354 348 399 1176 
5990 180 133 132 1032 
5991 606 552 553 1136 
5992 614 583 634 1159 
5993 244 243 287 1139 
5994 357 375 378 1043 
5995 265 297 299 1035 
5996 113 434 705 1052 
5997 131 44 718 734 
5998 734 131 44 216 
5999 630 527 107 441 
6000 629 543 89 423 
6001 738 936 1158 1190 
6002 258 265 257 1173 
6003 251 260 293 1048 
6004 956 1158 826 1187 
6005 528 116 717 735 
6006 286 225 237 1094 
6007 381 380 329 1108 
6008 178 422 17 336 
6009 706 712 678 1011 
6010 784 1076 1003 1133 
6011 472 463 504 1051 
6012 509 505 437 993 
6013 485 492 482 1200 
6014 396 383 385 1071 
6015 812 1092 1038 1109 
6016 619 577 536 1134 
6017 422 17 214 178 
6018 516 475 478 1145 
6019 369 370 365 1083 
6020 339 98 424 1165 
6021 294 299 253 1160 
6022 733 98 649 1165 
6023 265 310 297 1035 
6024 264 1086 298 1144 
6025 236 304 320 1165 
6026 1063 1158 777 1187 
6027 354 355 350 1191 
6028 305 266 267 1179 
6029 241 286 238 1103 
6030 176 185 211 1151 
6031 559 607 615 1039 
6032 474 475 516 1145 
6033 467 512 460 1112 
6034 464 466 522 1033 
6035 605 578 564 967 
6036 833 1018 1100 1139 
6037 116 717 510 528 
6038 609 608 556 1057 
6039 227 289 313 1028 
6040 495 433 518 1028 
6041 467 468 469 1059 
6042 18 213 544 197 
6043 18 213 627 544 
6044 465 471 470 1128 
6045 346 345 347 1194 
6046 377 398 418 1041 
6047 36 196 647 732 
6048 377 359 398 1041 
6049 733 424 98 1165 
6050 378 375 410 1043 
6051 465 466 464 1033 
6052 501 479 500 1098 
6053 732 404 90 422 
6054 732 36 196 214 
6055 525 99 610 628 
6056 35 199 440 216 
6057 198 215 27 493 
6058 648 720 717 1118 
6059 216 440 35 526 
6060 215 525 27 493 
6061 612 234 62 630 
6062 384 403 346 1045 
6063 735 321 80 303 
6064 507 302 64 1198 
6065 720 684 683 1120 
6066 630 234 62 319 
6067 424 53 304 320 
6068 152 154 153 1169 
6069 423 233 45 318 
6070 274 275 228 1186 
6071 416 426 334 983 
6072 337 233 45 423 
6073 304 405 53 424 
6074 21 179 535 1199 
6075 648 735 80 303 
6076 408 370 369 1167 
6077 701 662 658 1075 
6078 146 143 191 1196 
6079 673 674 665 1162 
6080 727 703 726 1017 
6081 445 443 444 1174 
6082 404 732 90 716 
6083 542 586 625 1049 
6084 342 403 396 1175 
6085 99 610 508 525 
6086 603 562 567 1123 
6087 671 708 663 1088 
6088 373 356 365 1091 
6089 457 456 454 1126 
6090 402 388 328 1143 
6091 571 617 572 1172 
6092 682 685 722 1138 
6093 160 194 195 1181 
6094 191 143 145 1056 
6095 382 385 383 1071 
6096 449 450 447 1147 
6097 358 359 353 1081 
6098 601 574 618 1090 
6099 298 264 292 1086 
6100 565 620 623 1082 
6101 650 734 108 509 
6102 263 259 316 1130 
6103 54 301 611 629 
6104 734 526 108 509 
6105 599 487 102 101 
6106 393 92 93 699 
6107 212 120 185 1114 
6108 230 436 64 1198 
6109 308 268 271 1073 
6110 474 471 473 1047 
6111 511 441 507 1013 
6112 54 301 629 318 
6113 448 499 477 1201 
6114 228 273 274 1186 
6115 495 67 68 289 
6116 30 29 489 123 
6117 66 65 288 494 
6118 117 31 32 442 
6119 428 31 30 183 
6120 67 66 222 427 
6121 14 13 118 340 
6122 49 48 391 237 
6123 68 69 433 227 
6124 21 535 546 1199 
6125 132 13 12 324 
6126 49 50 221 326 
6127 391 330 417 1094 
6128 594 546 535 1199 
6129 200 169 220 1153 
6130 638 705 722 1052 
6131 265 258 312 1173 
6132 346 347 397 1194 
6133 264 298 296 1144 
6134 523 479 501 1098 
6135 138 139 192 1146 
6136 321 528 71 439 
6137 235 321 71 439 
6138 162 15 14 328 
6139 47 48 225 330 
6140 11 12 387 121 
6141 51 50 392 279 
6142 278 275 276 1119 
6143 689 690 692 1150 
6144 507 63 64 302 
6145 432 513 490 1104 
6146 268 256 250 1178 
6147 682 668 685 1138 
6148 507 64 436 1198 
6149 230 64 302 1198 
6150 253 252 247 1078 
6151 515 483 481 1064 
6152 32 33 184 431 
6153 179 20 21 535 
6154 826 1158 1063 1187 
6155 122 157 205 1163 
6156 186 204 124 1106 
6157 484 486 485 1029 
6158 587 590 625 1044 
6159 426 370 408 1167 
6160 21 546 119 1199 
6161 332 10 11 166 
6162 315 292 264 1086 
6163 137 190 140 1157 
6164 365 364 369 1083 
6165 345 399 348 1176 
6166 296 298 286 1144 
6167 702 75 74 228 
6168 149 147 146 1093 
6169 576 24 23 122 
6170 362 355 354 1191 
6171 153 155 195 1036 
6172 144 143 146 1196 
6173 402 401 388 1143 
6174 537 56 57 285 
6175 646 717 720 1118 
6176 186 41 40 635 
6177 76 77 224 703 
6178 733 320 424 1165 
6179 665 666 673 1162 
6180 126 19 20 580 
6181 259 263 260 1130 
6182 412 371 362 1185 
6183 544 19 18 197 
6184 531 58 59 280 
6185 124 42 41 693 
6186 578 577 619 1134 
6187 226 60 59 598 
6188 329 84 83 593 
6189 185 39 38 639 
6190 608 574 601 1090 
6191 240 238 239 1149 
6192 236 72 73 715 
6193 694 721 640 1170 
6194 17 16 178 336 
6195 688 690 689 1150 
6196 199 34 35 440 
6197 198 27 28 493 
6198 82 81 338 613 
6199 110 642 497 111 
6200 107 545 441 106 
6201 25 26 129 592 
6202 62 61 234 612 
6203 233 45 46 337 
6204 331 411 394 1170 
6205 23 22 532 163 
6206 597 623 620 1082 
6207 98 339 97 649 
6208 130 10 9 407 
6209 546 22 21 119 
6210 484 483 524 1080 
6211 21 119 179 1199 
6212 673 695 730 1102 
6213 104 490 103 600 
6214 80 79 648 303 
6215 53 52 405 304 
6216 496 69 70 290 
6217 105 538 432 104 
6218 43 44 718 131 
6219 188 43 42 645 
6220 95 94 694 394 
6221 301 55 54 611 
6222 196 37 36 647 
6223 558 560 561 1177 
6224 403 383 396 1175 
6225 254 268 250 1178 
6226 563 560 564 1117 
6227 79 78 704 232 
6228 614 631 583 1159 
6229 498 512 434 1052 
6230 331 96 640 95 
6231 88 89 543 406 
6232 51 52 231 334 
6233 214 732 2 422 
6234 3 525 215 628 
6235 421 1 213 627 
6236 320 424 6 733 
6237 423 5 629 318 
6238 4 734 216 526 
6239 7 630 319 527 
6240 112 113 638 498 
6241 321 8 528 735 
6242 88 87 335 584 
6243 717 510 115 116 
6244 101 100 542 438 
6245 644 92 91 333 
6246 235 71 70 439 
6247 157 122 170 1163 
6248 86 85 325 577 
6249 108 650 509 109 
6250 106 105 602 491 
6251 716 91 90 404 
6252 610 508 100 99 
6253 230 302 323 1198 
6254 529 507 436 1198 
6255 367 419 366 1141 
6256 65 64 230 436 
6257 33 34 127 506 
6258 600 618 538 1104 
6259 120 40 39 651 
6260 539 25 24 170 
6261 697 96 395 97 
6262 641 78 77 291 
6263 195 194 142 1181 
6264 46 47 282 390 
6265 57 58 597 223 
6266 210 154 152 1169 
6267 185 128 211 1151 
6268 435 29 28 182 
6269 283 61 60 540 
6270 200 217 169 1153 
6271 596 55 56 229 
6272 15 16 386 125 
6273 696 37 38 128 
6274 103 102 534 430 
6275 572 617 632 1172 
6276 179 119 165 1199 
6277 327 637 93 94 
6278 114 646 514 115 
6279 86 87 536 389 
6280 405 339 424 1165 
6281 649 715 733 1165 
6282 636 76 75 309 
6283 734 44 4 216 
6284 732 90 2 422 
6285 3 99 525 628 
6286 215 26 3 628 
6287 733 424 6 98 
6288 214 2 17 422 
6289 7 630 527 107 
6290 89 5 629 423 
6291 213 9 1 421 
6292 732 2 36 214 
6293 528 8 116 735 
6294 526 4 734 108 
6295 705 434 113 114 
6296 27 3 525 215 
6297 424 6 53 320 
6298 320 6 72 733 
6299 319 63 7 527 
6300 216 35 4 526 
6301 5 54 629 318 
6302 62 7 630 319 
6303 80 8 321 735 
6304 423 45 5 318 
6305 213 1 18 627 
6306 81 1 421 627 
6307 528 71 8 321 
6308 429 111 723 112 
6309 541 82 83 420 
6310 84 85 533 413 
6311 110 109 437 731 
6312 643 74 73 317 
6313 882 1082 620 797 
6314 620 1082 882 537 
6315 532 1163 548 576 
6316 548 1163 532 885 
6317 912 567 818 609 
6318 912 818 567 890 
6319 943 277 300 243 
6320 943 300 277 874 
6321 1178 811 268 917 
6322 1178 268 811 1073 
6323 269 268 811 917 
6324 1173 295 1028 985 
6325 1173 1028 295 313 
6326 161 863 158 208 
6327 158 863 161 827 
6328 872 1082 754 834 
6329 754 1082 872 797 
6330 1097 742 927 930 
6331 1097 927 742 1020 
6332 989 657 916 790 
6333 989 916 657 691 
6334 949 947 841 759 
6335 949 841 947 783 
6336 579 1193 967 615 
6337 967 1193 579 878 
6338 967 578 579 615 
6339 579 578 967 878 
6340 979 209 869 151 
6341 979 869 209 926 
6342 1034 830 1167 809 
6343 1034 1167 830 1022 
6344 1008 926 844 780 
6345 1008 844 926 759 
6346 1090 609 608 574 
6347 1090 608 609 1057 
6348 1032 340 341 854 
6349 1032 341 340 324 
6350 1021 841 1121 941 
6351 1021 1121 841 827 
6352 1155 807 682 861 
6353 1155 682 807 1138 
6354 1042 864 1015 792 
6355 1042 1015 864 747 
6356 724 1186 636 702 
6357 636 1186 724 843 
6358 900 323 1179 305 
6359 900 1179 323 824 
6360 1146 991 1181 192 
6361 1146 1181 991 796 
6362 884 1054 1001 744 
6363 1001 1054 884 1006 
6364 1064 429 488 515 
6365 1064 488 429 950 
6366 1165 737 940 830 
6367 1165 940 737 715 
6368 1151 647 1011 696 
6369 1151 1011 647 857 
6370 706 1011 647 696 
6371 706 647 1011 857 
6372 295 1028 314 313 
6373 314 1028 295 846 
6374 1163 150 977 157 
6375 1163 977 150 810 
6376 855 1061 954 741 
6377 954 1061 855 795 
6378 923 519 468 517 
6379 923 468 519 846 
6380 1129 751 801 904 
6381 1129 801 751 1025 
6382 1046 889 1066 814 
6383 1066 889 1046 786 
6384 1066 865 1046 814 
6385 1046 865 1066 786 
6386 1153 772 910 875 
6387 910 772 1153 828 
6388 910 1113 1153 875 
6389 1153 1113 910 828 
6390 933 679 671 888 
6391 933 671 679 672 
6392 1007 1116 1062 740 
6393 1062 1116 1007 924 
6394 1165 395 408 339 
6395 1165 408 395 984 
6396 1134 756 825 967 
6397 1134 825 756 1043 
6398 846 270 295 314 
6399 846 295 270 917 
6400 1175 772 847 1071 
6401 1175 847 772 1072 
6402 1165 697 719 984 
6403 1165 719 697 649 
6404 1175 387 973 396 
6405 1175 973 387 820 
6406 1088 713 808 888 
6407 1088 808 713 708 
6408 1123 1057 609 603 
6409 1123 609 1057 818 
6410 1081 360 1046 352 
6411 1081 1046 360 981 
6412 585 1085 810 548 
6413 810 1085 585 1067 
6414 810 1163 585 548 
6415 585 1163 810 1067 
6416 1178 255 1015 985 
6417 1178 1015 255 250 
6418 989 668 1138 686 
6419 989 1138 668 845 
6420 1130 315 264 1086 
6421 1130 264 315 263 
6422 1159 910 772 799 
6423 1159 772 910 1031 
6424 1126 458 1027 454 
6425 1126 1027 458 969 
6426 1033 521 522 464 
6427 1033 522 521 948 
6428 906 229 611 882 
6429 906 611 229 301 
6430 1137 410 375 1043 
6431 1137 375 410 376 
6432 1073 273 272 271 
6433 1073 272 273 843 
6434 120 1106 187 186 
6435 187 1106 120 870 
6436 1165 408 426 405 
6437 426 408 1165 830 
6438 426 983 1165 405 
6439 1165 983 426 830 
6440 1129 752 801 1025 
6441 1129 801 752 895 
6442 251 1100 293 245 
6443 293 1100 251 1048 
6444 1111 1145 944 762 
6445 944 1145 1111 1047 
6446 1169 209 979 152 
6447 1169 979 209 926 
6448 1096 988 769 853 
6449 1096 769 988 957 
6450 164 1199 960 165 
6451 960 1199 164 885 
6452 1104 474 1047 513 
6453 1104 1047 474 944 
6454 1199 581 987 535 
6455 1199 987 581 828 
6456 1098 499 1040 479 
6457 1098 1040 499 841 
6458 1049 487 523 908 
6459 1049 523 487 438 
6460 613 420 901 338 
6461 901 420 613 541 
6462 1005 660 708 966 
6463 1005 708 660 661 
6464 1065 1122 812 751 
6465 812 1122 1065 929 
6466 1153 1199 987 200 
6467 987 1199 1153 828 
6468 439 290 923 496 
6469 923 290 439 235 
6470 1118 439 517 510 
6471 1118 517 439 923 
6472 986 142 1181 189 
6473 986 1181 142 976 
6474 1172 611 882 906 
6475 1172 882 611 632 
6476 725 1022 737 681 
6477 737 1022 725 940 
6478 1100 1131 1018 776 
6479 1018 1131 1100 829 
6480 1197 1164 929 739 
6481 1197 929 1164 1122 
6482 1149 241 943 240 
6483 1149 943 241 1103 
6484 1176 1023 1004 842 
6485 1176 1004 1023 798 
6486 750 1004 1023 842 
6487 750 1023 1004 798 
6488 1015 294 246 955 
6489 1015 246 294 249 
6490 1064 497 429 515 
6491 1064 429 497 883 
6492 92 1127 393 333 
6493 393 1127 92 699 
6494 1073 224 273 271 
6495 1073 273 224 1017 
6496 919 1192 821 753 
6497 821 1192 919 1027 
6498 821 972 919 753 
6499 919 972 821 1027 
6500 655 1132 707 710 
6501 707 1132 655 893 
6502 540 234 900 283 
6503 540 900 234 612 
6504 1111 762 1062 877 
6505 1062 762 1111 887 
6506 1062 1105 1111 877 
6507 1111 1105 1062 887 
6508 334 304 983 405 
6509 983 304 334 231 
6510 593 420 901 541 
6511 901 420 593 329 
6512 702 317 940 228 
6513 940 317 702 643 
6514 309 703 1017 636 
6515 1017 703 309 224 
6516 1145 487 478 516 
6517 1145 478 487 908 
6518 337 282 46 233 
6519 337 46 282 390 
6520 715 317 940 643 
6521 940 317 715 236 
6522 493 182 863 435 
6523 863 182 493 198 
6524 1145 430 474 944 
6525 1145 474 430 516 
6526 584 389 990 536 
6527 990 389 584 335 
6528 1193 1077 967 836 
6529 1193 967 1077 756 
6530 613 421 81 338 
6531 613 81 421 627 
6532 413 577 1134 325 
6533 1134 577 413 533 
6534 592 215 26 129 
6535 592 26 215 628 
6536 320 715 72 236 
6537 72 715 320 733 
6538 268 811 308 269 
6539 268 308 811 1073 
$EndElements
