solid Created by Gmsh
facet normal 1 0 0
  outer loop
    vertex 150 -12.46158765227784 12.77325921507204
    vertex 150 -15.47151376279603 7.959128095287006
    vertex 150 -10.02323506620401 8.475475032055765
  endloop
endfacet
facet normal 1 0 0
  outer loop
    vertex 150 11.95180058856376 21.7161524066701
    vertex 150 7.5 25.66987298107781
    vertex 150 7.415415956946823 20.70457806276266
  endloop
endfacet
facet normal 1 -0 0
  outer loop
    vertex 150 7.5 25.66987298107781
    vertex 150 11.95180058856376 21.7161524066701
    vertex 150 12.50000000000001 26.24498309001065
  endloop
endfacet
facet normal 1 0 0
  outer loop
    vertex 150 -2.499999999999996 25.66987298107781
    vertex 150 -7.500000000000037 21.65063509461093
    vertex 150 -2.50007766729361 20.68069574059525
  endloop
endfacet
facet normal 1 0 0
  outer loop
    vertex 150 -7.500000000000037 21.65063509461093
    vertex 150 -2.499999999999996 25.66987298107781
    vertex 150 -7.425754648291463 26.55625307427636
  endloop
endfacet
facet normal 1 0 0
  outer loop
    vertex 150 7.5 25.66987298107781
    vertex 150 2.499999999999975 21.65063509461096
    vertex 150 7.415415956946823 20.70457806276266
  endloop
endfacet
facet normal 1 0 0
  outer loop
    vertex 150 2.499999999999975 21.65063509461096
    vertex 150 7.5 25.66987298107781
    vertex 150 2.499999999999996 26.59807621135332
  endloop
endfacet
facet normal 1 -0 0
  outer loop
    vertex 150 -12.1287732414573 25.46075729569306
    vertex 150 -7.500000000000037 21.65063509461093
    vertex 150 -7.425754648291463 26.55625307427636
  endloop
endfacet
facet normal 1 0 0
  outer loop
    vertex 150 2.499999999999975 21.65063509461096
    vertex 150 -2.499999999999996 25.66987298107781
    vertex 150 -2.50007766729361 20.68069574059525
  endloop
endfacet
facet normal 1 -0 0
  outer loop
    vertex 150 -2.499999999999996 25.66987298107781
    vertex 150 2.499999999999975 21.65063509461096
    vertex 150 2.499999999999996 26.59807621135332
  endloop
endfacet
facet normal 1 0 0
  outer loop
    vertex 150 -7.500000000000037 21.65063509461093
    vertex 150 -12.1287732414573 25.46075729569306
    vertex 150 -12.13059064011604 20.82533142574551
  endloop
endfacet
facet normal 1 0 -0
  outer loop
    vertex 150 20 5
    vertex 150 20 10
    vertex 150 15.39404729687714 8.143863147678868
  endloop
endfacet
facet normal 1 0 -0
  outer loop
    vertex 150 -15.47151376279603 7.959128095287006
    vertex 150 -12.46158765227784 12.77325921507204
    vertex 150 -16.65063509461097 12.5
  endloop
endfacet
facet normal 1 0 0
  outer loop
    vertex 150 15.5572848964095 17.45399000491715
    vertex 150 10.12563149667198 17.25421257833533
    vertex 150 12.49999999999999 12.99038105676658
  endloop
endfacet
facet normal 1 0 0
  outer loop
    vertex 150 -9.908325246044704 17.22445334011169
    vertex 150 -15.23898098553384 17.32295538781481
    vertex 150 -12.46158765227784 12.77325921507204
  endloop
endfacet
facet normal 1 0 0
  outer loop
    vertex 150 20 5
    vertex 150 15.39404729687714 8.143863147678868
    vertex 150 16.33974596215561 3.660254037844371
  endloop
endfacet
facet normal 1 0 0
  outer loop
    vertex 150 10.12563149667198 17.25421257833533
    vertex 150 15.5572848964095 17.45399000491715
    vertex 150 11.95180058856376 21.7161524066701
  endloop
endfacet
facet normal 1 0 0
  outer loop
    vertex 150 -10.02323506620401 8.475475032055765
    vertex 150 -15.47151376279603 7.959128095287006
    vertex 150 -12.34585386130617 4.101660666401528
  endloop
endfacet
facet normal 1 -0 0
  outer loop
    vertex 150 -15.23898098553384 17.32295538781481
    vertex 150 -9.908325246044704 17.22445334011169
    vertex 150 -12.13059064011604 20.82533142574551
  endloop
endfacet
facet normal 1 0 0
  outer loop
    vertex 150 -12.46158765227784 12.77325921507204
    vertex 150 -15.23898098553384 17.32295538781481
    vertex 150 -16.65063509461097 12.5
  endloop
endfacet
facet normal 1 0 0
  outer loop
    vertex 150 15.5572848964095 17.45399000491715
    vertex 150 12.49999999999999 12.99038105676658
    vertex 150 16.66095145863802 12.55665525871318
  endloop
endfacet
facet normal 1 0 -0
  outer loop
    vertex 150 10.12563149667198 17.25421257833533
    vertex 150 11.95180058856376 21.7161524066701
    vertex 150 7.415415956946823 20.70457806276266
  endloop
endfacet
facet normal 1 0 0
  outer loop
    vertex 150 7.498930664359833 12.98976367554688
    vertex 150 4.994628453528502 8.657152774043105
    vertex 150 9.96132569434754 8.637925417065219
  endloop
endfacet
facet normal 1 0 0
  outer loop
    vertex 150 2.500000000000004 4.330127018922195
    vertex 150 5.000000000000004 0
    vertex 150 7.467770721170993 4.31151943611448
  endloop
endfacet
facet normal 1 0 0
  outer loop
    vertex 150 4.994628453528502 8.657152774043105
    vertex 150 7.467770721170993 4.31151943611448
    vertex 150 9.96132569434754 8.637925417065219
  endloop
endfacet
facet normal 1 0 0
  outer loop
    vertex 150 -4.99229377391592 8.652598701915746
    vertex 150 -7.500070824681458 12.97276442937437
    vertex 150 -10.02323506620401 8.475475032055765
  endloop
endfacet
facet normal 1 0 0
  outer loop
    vertex 150 5.000000000000004 0
    vertex 150 10 0
    vertex 150 7.467770721170993 4.31151943611448
  endloop
endfacet
facet normal 1 0 0
  outer loop
    vertex 150 12.49999999999999 12.99038105676658
    vertex 150 7.498930664359833 12.98976367554688
    vertex 150 9.96132569434754 8.637925417065219
  endloop
endfacet
facet normal 1 -0 0
  outer loop
    vertex 150 2.500000000000004 4.330127018922195
    vertex 150 7.467770721170993 4.31151943611448
    vertex 150 4.994628453528502 8.657152774043105
  endloop
endfacet
facet normal 1 0 -0
  outer loop
    vertex 150 -7.459134911936113 4.306533549328051
    vertex 150 -4.99229377391592 8.652598701915746
    vertex 150 -10.02323506620401 8.475475032055765
  endloop
endfacet
facet normal 1 0 -0
  outer loop
    vertex 150 2.498955532630532 12.98977803324966
    vertex 150 4.999647699498379 17.23201725311911
    vertex 150 -0.0002866758983834927 17.21734057120474
  endloop
endfacet
facet normal 1 0 0
  outer loop
    vertex 150 -0.0002866758983834927 17.21734057120474
    vertex 150 4.999647699498379 17.23201725311911
    vertex 150 2.499999999999975 21.65063509461096
  endloop
endfacet
facet normal 1 0 0
  outer loop
    vertex 150 12.49999999999999 12.99038105676658
    vertex 150 9.96132569434754 8.637925417065219
    vertex 150 15.39404729687714 8.143863147678868
  endloop
endfacet
facet normal 1 0 -0
  outer loop
    vertex 150 -0.0008952577452490118 8.659737160544168
    vertex 150 2.498955532630532 12.98977803324966
    vertex 150 -2.500323287519127 12.99019440663038
  endloop
endfacet
facet normal 1 0 -0
  outer loop
    vertex 150 -7.500070824681458 12.97276442937437
    vertex 150 -5.000101660569602 17.21499496147182
    vertex 150 -9.908325246044704 17.22445334011169
  endloop
endfacet
facet normal 1 0 0
  outer loop
    vertex 150 3.552713678800501e-15 0
    vertex 150 5.000000000000004 0
    vertex 150 2.500000000000004 4.330127018922195
  endloop
endfacet
facet normal 1 0 -0
  outer loop
    vertex 150 10 0
    vertex 150 12.30662432702594 4.218481522075887
    vertex 150 7.467770721170993 4.31151943611448
  endloop
endfacet
facet normal 1 0 0
  outer loop
    vertex 150 -9.999999999999993 30
    vertex 150 -14.99999999999999 30
    vertex 150 -12.1287732414573 25.46075729569306
  endloop
endfacet
facet normal 1 -0 0
  outer loop
    vertex 150 -2.500323287519127 12.99019440663038
    vertex 150 2.498955532630532 12.98977803324966
    vertex 150 -0.0002866758983834927 17.21734057120474
  endloop
endfacet
facet normal 1 0 0
  outer loop
    vertex 150 10.12563149667198 17.25421257833533
    vertex 150 7.498930664359833 12.98976367554688
    vertex 150 12.49999999999999 12.99038105676658
  endloop
endfacet
facet normal 1 0 -0
  outer loop
    vertex 150 2.500000000000004 4.330127018922195
    vertex 150 4.994628453528502 8.657152774043105
    vertex 150 -0.0008952577452490118 8.659737160544168
  endloop
endfacet
facet normal 1 0 0
  outer loop
    vertex 150 2.500000000000004 4.330127018922195
    vertex 150 -0.0008952577452490118 8.659737160544168
    vertex 150 -2.493338361613556 4.326108627773134
  endloop
endfacet
facet normal 1 0 0
  outer loop
    vertex 150 2.498955532630532 12.98977803324966
    vertex 150 4.994628453528502 8.657152774043105
    vertex 150 7.498930664359833 12.98976367554688
  endloop
endfacet
facet normal 1 0 0
  outer loop
    vertex 150 -2.500323287519127 12.99019440663038
    vertex 150 -5.000101660569602 17.21499496147182
    vertex 150 -7.500070824681458 12.97276442937437
  endloop
endfacet
facet normal 1 0 0
  outer loop
    vertex 150 10 0
    vertex 150 15 0
    vertex 150 12.30662432702594 4.218481522075887
  endloop
endfacet
facet normal 1 0 -0
  outer loop
    vertex 150 20 15
    vertex 150 20 20
    vertex 150 15.5572848964095 17.45399000491715
  endloop
endfacet
facet normal 1 0 0
  outer loop
    vertex 150 3.552713678800501e-15 30
    vertex 150 -4.999999999999995 30
    vertex 150 -2.499999999999996 25.66987298107781
  endloop
endfacet
facet normal 1 0 0
  outer loop
    vertex 150 10 30
    vertex 150 5.000000000000004 30
    vertex 150 7.5 25.66987298107781
  endloop
endfacet
facet normal 1 0 0
  outer loop
    vertex 150 -19.99999999999999 20
    vertex 150 -19.99999999999999 15
    vertex 150 -15.23898098553384 17.32295538781481
  endloop
endfacet
facet normal 1 0 0
  outer loop
    vertex 150 -19.99999999999999 10
    vertex 150 -19.99999999999999 5
    vertex 150 -15.47151376279603 7.959128095287006
  endloop
endfacet
facet normal 1 -0 0
  outer loop
    vertex 150 -9.908325246044704 17.22445334011169
    vertex 150 -5.000101660569602 17.21499496147182
    vertex 150 -7.500000000000037 21.65063509461093
  endloop
endfacet
facet normal 1 0 0
  outer loop
    vertex 150 -7.500070824681458 12.97276442937437
    vertex 150 -9.908325246044704 17.22445334011169
    vertex 150 -12.46158765227784 12.77325921507204
  endloop
endfacet
facet normal 1 0 0
  outer loop
    vertex 150 -9.999999999999993 0
    vertex 150 -4.999999999999995 0
    vertex 150 -7.459134911936113 4.306533549328051
  endloop
endfacet
facet normal 1 -0 0
  outer loop
    vertex 150 -7.459134911936113 4.306533549328051
    vertex 150 -4.999999999999995 0
    vertex 150 -2.493338361613556 4.326108627773134
  endloop
endfacet
facet normal 1 0 -0
  outer loop
    vertex 150 3.552713678800501e-15 0
    vertex 150 2.500000000000004 4.330127018922195
    vertex 150 -2.493338361613556 4.326108627773134
  endloop
endfacet
facet normal 1 0 0
  outer loop
    vertex 150 9.96132569434754 8.637925417065219
    vertex 150 12.30662432702594 4.218481522075887
    vertex 150 15.39404729687714 8.143863147678868
  endloop
endfacet
facet normal 1 -0 0
  outer loop
    vertex 150 -0.0008952577452490118 8.659737160544168
    vertex 150 4.994628453528502 8.657152774043105
    vertex 150 2.498955532630532 12.98977803324966
  endloop
endfacet
facet normal 1 0 -0
  outer loop
    vertex 150 -2.500323287519127 12.99019440663038
    vertex 150 -0.0002866758983834927 17.21734057120474
    vertex 150 -5.000101660569602 17.21499496147182
  endloop
endfacet
facet normal 1 0 0
  outer loop
    vertex 150 -4.999999999999995 0
    vertex 150 3.552713678800501e-15 0
    vertex 150 -2.493338361613556 4.326108627773134
  endloop
endfacet
facet normal 1 -0 0
  outer loop
    vertex 150 2.498955532630532 12.98977803324966
    vertex 150 7.498930664359833 12.98976367554688
    vertex 150 4.999647699498379 17.23201725311911
  endloop
endfacet
facet normal 1 -0 0
  outer loop
    vertex 150 4.999647699498379 17.23201725311911
    vertex 150 7.498930664359833 12.98976367554688
    vertex 150 10.12563149667198 17.25421257833533
  endloop
endfacet
facet normal 1 -0 0
  outer loop
    vertex 150 7.467770721170993 4.31151943611448
    vertex 150 12.30662432702594 4.218481522075887
    vertex 150 9.96132569434754 8.637925417065219
  endloop
endfacet
facet normal 1 0 0
  outer loop
    vertex 150 -7.459134911936113 4.306533549328051
    vertex 150 -2.493338361613556 4.326108627773134
    vertex 150 -4.99229377391592 8.652598701915746
  endloop
endfacet
facet normal 1 0 0
  outer loop
    vertex 150 -2.500323287519127 12.99019440663038
    vertex 150 -7.500070824681458 12.97276442937437
    vertex 150 -4.99229377391592 8.652598701915746
  endloop
endfacet
facet normal 1 0 0
  outer loop
    vertex 150 -7.500070824681458 12.97276442937437
    vertex 150 -12.46158765227784 12.77325921507204
    vertex 150 -10.02323506620401 8.475475032055765
  endloop
endfacet
facet normal 1 0 0
  outer loop
    vertex 150 -0.0008952577452490118 8.659737160544168
    vertex 150 -2.500323287519127 12.99019440663038
    vertex 150 -4.99229377391592 8.652598701915746
  endloop
endfacet
facet normal 1 0 -0
  outer loop
    vertex 150 -2.493338361613556 4.326108627773134
    vertex 150 -0.0008952577452490118 8.659737160544168
    vertex 150 -4.99229377391592 8.652598701915746
  endloop
endfacet
facet normal 1 0 0
  outer loop
    vertex 150 12.50000000000001 26.24498309001065
    vertex 150 11.95180058856376 21.7161524066701
    vertex 150 16.0639972025525 22.79833720532329
  endloop
endfacet
facet normal 1 0 0
  outer loop
    vertex 150 -19.99999999999999 25
    vertex 150 -19.99999999999999 20
    vertex 150 -15.87687372754433 22.46785601049706
  endloop
endfacet
facet normal 1 0 0
  outer loop
    vertex 150 -14.99999999999999 0
    vertex 150 -9.999999999999993 0
    vertex 150 -12.34585386130617 4.101660666401528
  endloop
endfacet
facet normal 1 0 0
  outer loop
    vertex 150 -7.459134911936113 4.306533549328051
    vertex 150 -10.02323506620401 8.475475032055765
    vertex 150 -12.34585386130617 4.101660666401528
  endloop
endfacet
facet normal 1 -0 0
  outer loop
    vertex 150 12.50000000000001 26.24498309001065
    vertex 150 16.0639972025525 22.79833720532329
    vertex 150 16.37489773034178 26.37489773034179
  endloop
endfacet
facet normal 1 0 0
  outer loop
    vertex 150 -15.87687372754433 22.46785601049706
    vertex 150 -15.23898098553384 17.32295538781481
    vertex 150 -12.13059064011604 20.82533142574551
  endloop
endfacet
facet normal 1 0 -0
  outer loop
    vertex 150 -0.0002866758983834927 17.21734057120474
    vertex 150 2.499999999999975 21.65063509461096
    vertex 150 -2.50007766729361 20.68069574059525
  endloop
endfacet
facet normal 1 0 0
  outer loop
    vertex 150 3.552713678800501e-15 30
    vertex 150 -2.499999999999996 25.66987298107781
    vertex 150 2.499999999999996 26.59807621135332
  endloop
endfacet
facet normal 1 0 0
  outer loop
    vertex 150 -9.999999999999993 30
    vertex 150 -12.1287732414573 25.46075729569306
    vertex 150 -7.425754648291463 26.55625307427636
  endloop
endfacet
facet normal 1 0 0
  outer loop
    vertex 150 -2.499999999999996 25.66987298107781
    vertex 150 -4.999999999999995 30
    vertex 150 -7.425754648291463 26.55625307427636
  endloop
endfacet
facet normal 1 0 0
  outer loop
    vertex 150 2.499999999999975 21.65063509461096
    vertex 150 4.999647699498379 17.23201725311911
    vertex 150 7.415415956946823 20.70457806276266
  endloop
endfacet
facet normal 1 0 0
  outer loop
    vertex 150 -7.500000000000037 21.65063509461093
    vertex 150 -5.000101660569602 17.21499496147182
    vertex 150 -2.50007766729361 20.68069574059525
  endloop
endfacet
facet normal 1 0 0
  outer loop
    vertex 150 7.5 25.66987298107781
    vertex 150 5.000000000000004 30
    vertex 150 2.499999999999996 26.59807621135332
  endloop
endfacet
facet normal 1 0 0
  outer loop
    vertex 150 10 30
    vertex 150 7.5 25.66987298107781
    vertex 150 12.50000000000001 26.24498309001065
  endloop
endfacet
facet normal 1 -0 0
  outer loop
    vertex 150 11.95180058856376 21.7161524066701
    vertex 150 15.5572848964095 17.45399000491715
    vertex 150 16.0639972025525 22.79833720532329
  endloop
endfacet
facet normal 1 -0 0
  outer loop
    vertex 150 -19.99999999999999 20
    vertex 150 -15.23898098553384 17.32295538781481
    vertex 150 -15.87687372754433 22.46785601049706
  endloop
endfacet
facet normal 1 0 -0
  outer loop
    vertex 150 -9.999999999999993 0
    vertex 150 -7.459134911936113 4.306533549328051
    vertex 150 -12.34585386130617 4.101660666401528
  endloop
endfacet
facet normal 1 0 0
  outer loop
    vertex 150 20 15
    vertex 150 15.5572848964095 17.45399000491715
    vertex 150 16.66095145863802 12.55665525871318
  endloop
endfacet
facet normal 1 0 0
  outer loop
    vertex 150 -15.23898098553384 17.32295538781481
    vertex 150 -19.99999999999999 15
    vertex 150 -16.65063509461097 12.5
  endloop
endfacet
facet normal 1 -0 0
  outer loop
    vertex 150 -19.99999999999999 10
    vertex 150 -15.47151376279603 7.959128095287006
    vertex 150 -16.65063509461097 12.5
  endloop
endfacet
facet normal 1 0 0
  outer loop
    vertex 150 15.5572848964095 17.45399000491715
    vertex 150 20 20
    vertex 150 16.0639972025525 22.79833720532329
  endloop
endfacet
facet normal 1 0 0
  outer loop
    vertex 150 -19.99999999999999 5
    vertex 150 -19.99999999999999 0
    vertex 150 -16.3397459621556 3.660254037844386
  endloop
endfacet
facet normal 1 0 0
  outer loop
    vertex 150 15.39404729687714 8.143863147678868
    vertex 150 12.30662432702594 4.218481522075887
    vertex 150 16.33974596215561 3.660254037844371
  endloop
endfacet
facet normal 1 0 0
  outer loop
    vertex 150 -19.99999999999999 0
    vertex 150 -14.99999999999999 0
    vertex 150 -16.3397459621556 3.660254037844386
  endloop
endfacet
facet normal 1 0 0
  outer loop
    vertex 150 -19.99999999999999 30
    vertex 150 -19.99999999999999 25
    vertex 150 -16.3397459621556 26.33974596215561
  endloop
endfacet
facet normal 1 0 0
  outer loop
    vertex 150 -14.99999999999999 30
    vertex 150 -19.99999999999999 30
    vertex 150 -16.3397459621556 26.33974596215561
  endloop
endfacet
facet normal 1 0 -0
  outer loop
    vertex 150 20 0
    vertex 150 20 5
    vertex 150 16.33974596215561 3.660254037844371
  endloop
endfacet
facet normal 1 0 0
  outer loop
    vertex 150 15 0
    vertex 150 20 0
    vertex 150 16.33974596215561 3.660254037844371
  endloop
endfacet
facet normal 1 0 -0
  outer loop
    vertex 150 20 25
    vertex 150 20 30
    vertex 150 16.37489773034178 26.37489773034179
  endloop
endfacet
facet normal 1 0 0
  outer loop
    vertex 150 20 30
    vertex 150 15 30
    vertex 150 16.37489773034178 26.37489773034179
  endloop
endfacet
facet normal 1 0 0
  outer loop
    vertex 150 -4.999999999999995 30
    vertex 150 -9.999999999999993 30
    vertex 150 -7.425754648291463 26.55625307427636
  endloop
endfacet
facet normal 1 0 0
  outer loop
    vertex 150 -5.000101660569602 17.21499496147182
    vertex 150 -0.0002866758983834927 17.21734057120474
    vertex 150 -2.50007766729361 20.68069574059525
  endloop
endfacet
facet normal 1 0 0
  outer loop
    vertex 150 5.000000000000004 30
    vertex 150 3.552713678800501e-15 30
    vertex 150 2.499999999999996 26.59807621135332
  endloop
endfacet
facet normal 1 0 0
  outer loop
    vertex 150 4.999647699498379 17.23201725311911
    vertex 150 10.12563149667198 17.25421257833533
    vertex 150 7.415415956946823 20.70457806276266
  endloop
endfacet
facet normal 1 0 0
  outer loop
    vertex 150 15 30
    vertex 150 10 30
    vertex 150 12.50000000000001 26.24498309001065
  endloop
endfacet
facet normal 1 0 0
  outer loop
    vertex 150 15.39404729687714 8.143863147678868
    vertex 150 20 10
    vertex 150 16.66095145863802 12.55665525871318
  endloop
endfacet
facet normal 1 0 -0
  outer loop
    vertex 150 -9.908325246044704 17.22445334011169
    vertex 150 -7.500000000000037 21.65063509461093
    vertex 150 -12.13059064011604 20.82533142574551
  endloop
endfacet
facet normal 1 0 0
  outer loop
    vertex 150 -12.1287732414573 25.46075729569306
    vertex 150 -15.87687372754433 22.46785601049706
    vertex 150 -12.13059064011604 20.82533142574551
  endloop
endfacet
facet normal 1 0 0
  outer loop
    vertex 150 12.49999999999999 12.99038105676658
    vertex 150 15.39404729687714 8.143863147678868
    vertex 150 16.66095145863802 12.55665525871318
  endloop
endfacet
facet normal 1 0 -0
  outer loop
    vertex 150 20 10
    vertex 150 20 15
    vertex 150 16.66095145863802 12.55665525871318
  endloop
endfacet
facet normal 1 0 0
  outer loop
    vertex 150 -19.99999999999999 15
    vertex 150 -19.99999999999999 10
    vertex 150 -16.65063509461097 12.5
  endloop
endfacet
facet normal 1 0 -0
  outer loop
    vertex 150 20 20
    vertex 150 20 25
    vertex 150 16.0639972025525 22.79833720532329
  endloop
endfacet
facet normal 1 -0 0
  outer loop
    vertex 150 -19.99999999999999 25
    vertex 150 -15.87687372754433 22.46785601049706
    vertex 150 -16.3397459621556 26.33974596215561
  endloop
endfacet
facet normal 1 0 -0
  outer loop
    vertex 150 -14.99999999999999 0
    vertex 150 -12.34585386130617 4.101660666401528
    vertex 150 -16.3397459621556 3.660254037844386
  endloop
endfacet
facet normal 1 0 0
  outer loop
    vertex 150 -15.47151376279603 7.959128095287006
    vertex 150 -19.99999999999999 5
    vertex 150 -16.3397459621556 3.660254037844386
  endloop
endfacet
facet normal 1 0 0
  outer loop
    vertex 150 -12.1287732414573 25.46075729569306
    vertex 150 -14.99999999999999 30
    vertex 150 -16.3397459621556 26.33974596215561
  endloop
endfacet
facet normal 1 0 0
  outer loop
    vertex 150 12.30662432702594 4.218481522075887
    vertex 150 15 0
    vertex 150 16.33974596215561 3.660254037844371
  endloop
endfacet
facet normal 1 0 0
  outer loop
    vertex 150 -12.34585386130617 4.101660666401528
    vertex 150 -15.47151376279603 7.959128095287006
    vertex 150 -16.3397459621556 3.660254037844386
  endloop
endfacet
facet normal 1 0 -0
  outer loop
    vertex 150 -15.87687372754433 22.46785601049706
    vertex 150 -12.1287732414573 25.46075729569306
    vertex 150 -16.3397459621556 26.33974596215561
  endloop
endfacet
facet normal 1 0 0
  outer loop
    vertex 150 15 30
    vertex 150 12.50000000000001 26.24498309001065
    vertex 150 16.37489773034178 26.37489773034179
  endloop
endfacet
facet normal 1 0 0
  outer loop
    vertex 150 16.0639972025525 22.79833720532329
    vertex 150 20 25
    vertex 150 16.37489773034178 26.37489773034179
  endloop
endfacet
facet normal 0 1 0
  outer loop
    vertex -119.9542261173035 20 17.66468816849291
    vertex -124.2189839985253 20 15.26543085940679
    vertex -124.6525036907992 20 20.97852375366114
  endloop
endfacet
facet normal 0 1 -0
  outer loop
    vertex 23.18928155204344 20 19.96771825760894
    vertex 22.68788249059136 20 25.55670372616308
    vertex 27.940068691226 20 21.81058485091494
  endloop
endfacet
facet normal 0 1 0
  outer loop
    vertex 136.2644671150451 20 10.20237234989521
    vertex 136.8623129130041 20 4.761840305385725
    vertex 131.7904031961682 20 7.545268459175642
  endloop
endfacet
facet normal 0 1 0
  outer loop
    vertex -11.02529759525956 20 9.29597985635959
    vertex -7.97014925360341 20 4.486459034496445
    vertex -12.93468492481711 20 4.193634910404011
  endloop
endfacet
facet normal 0 1 0
  outer loop
    vertex -140.9185700100743 20 9.242173243529404
    vertex -137.9336282735329 20 4.481480624777145
    vertex -142.5440031848052 20 4.161625432834882
  endloop
endfacet
facet normal 0 1 -0
  outer loop
    vertex -50.00000000000003 20 0
    vertex -52.42191369647168 20 4.077832781894799
    vertex -46.59581040042804 20 4.824070861065195
  endloop
endfacet
facet normal 0 1 0
  outer loop
    vertex 6.777002620496177 20 4.751206705152015
    vertex 1.827020405647374 20 7.505923968381971
    vertex 5.996242786659451 20 10.04540724843947
  endloop
endfacet
facet normal 0 1 -0
  outer loop
    vertex -7.97014925360341 20 4.486459034496445
    vertex -11.02529759525956 20 9.29597985635959
    vertex -6.414146904029025 20 8.321079840171418
  endloop
endfacet
facet normal -0 1 0
  outer loop
    vertex 22.68788249059136 20 25.55670372616308
    vertex 27.6174462588454 20 26.60251205706477
    vertex 27.940068691226 20 21.81058485091494
  endloop
endfacet
facet normal 0 1 -0
  outer loop
    vertex -29.19666812884327 20 20.71540864546796
    vertex -32.10275277519563 20 25.52362725549117
    vertex -27.3019752984203 20 25.76747023229734
  endloop
endfacet
facet normal -0 1 0
  outer loop
    vertex -85.04809471616717 20 12.49999999999977
    vertex -80.59910075686068 20 14.77650775919084
    vertex -80.40617488648704 20 9.191457911472213
  endloop
endfacet
facet normal 0 1 0
  outer loop
    vertex 87.12714921109909 20 25.41580081507826
    vertex 84.2212157885979 20 20.77276732702781
    vertex 82.34087708877817 20 25.7466121744858
  endloop
endfacet
facet normal -0 1 0
  outer loop
    vertex 97.85885795119998 20 4.582784788762364
    vertex 100.7438700398926 20 9.247917284460264
    vertex 102.6457261857335 20 4.252325474821767
  endloop
endfacet
facet normal 0 1 -0
  outer loop
    vertex -137.9336282735329 20 4.481480624777145
    vertex -140.9185700100743 20 9.242173243529404
    vertex -136.1998248486981 20 8.337133045573751
  endloop
endfacet
facet normal -0 1 0
  outer loop
    vertex -127.2014365863982 20 4.461788894234637
    vertex -124.4152566174452 20 9.263136914565461
    vertex -122.4171534007043 20 4.23538113700841
  endloop
endfacet
facet normal 0 1 -0
  outer loop
    vertex 135.5230720790634 20 20.66352473025425
    vertex 132.7363998731512 20 25.39656965083433
    vertex 137.5665687111814 20 25.59992268527741
  endloop
endfacet
facet normal 0 1 0
  outer loop
    vertex -22.57525055874808 20 3.985313712630102
    vertex -25.00000000000003 20 0
    vertex -28.29492569201028 20 4.810317185296348
  endloop
endfacet
facet normal 0 1 0
  outer loop
    vertex 131.7904031961682 20 7.545268459175642
    vertex 136.8623129130041 20 4.761840305385725
    vertex 132.5 20 3.405682005486192
  endloop
endfacet
facet normal 0 1 0
  outer loop
    vertex -46.84363515187388 20 25.24787103485245
    vertex -41.89114727244366 20 22.50165858945493
    vertex -46.0769515458673 20 19.99999999999898
  endloop
endfacet
facet normal -0 1 0
  outer loop
    vertex -92.3892049049231 20 4.410838024379096
    vertex -89.62823687833227 20 9.292813852804716
    vertex -87.50000000000003 20 4.330127018922191
  endloop
endfacet
facet normal 0 1 0
  outer loop
    vertex -32.10275277519563 20 25.52362725549117
    vertex -29.19666812884327 20 20.71540864546796
    vertex -33.81052959518343 20 21.71790284096242
  endloop
endfacet
facet normal 0 1 0
  outer loop
    vertex 49.51918199493309 20 9.243370221705391
    vertex 52.3211440619115 20 4.563738540496221
    vertex 47.5920747061036 20 4.183302604690418
  endloop
endfacet
facet normal 0 1 0
  outer loop
    vertex 12.49999999999997 20 4.330127018922191
    vertex 14.69553750467261 20 9.284701822373414
    vertex 17.42302400183658 20 4.405477134682407
  endloop
endfacet
facet normal -0 1 0
  outer loop
    vertex 97.0677488169886 20 22.36945467770051
    vertex 101.8723309919004 20 25.24626666959731
    vertex 101.1960994542439 20 19.95028001251333
  endloop
endfacet
facet normal 0 1 0
  outer loop
    vertex -112.5603102897659 20 25.60167505130574
    vertex -115.2889099363117 20 20.75305739371349
    vertex -117.5 20 25.66987298107781
  endloop
endfacet
facet normal 0 1 0
  outer loop
    vertex -52.50000000000001 20 25.66987298107781
    vertex -54.8372064586078 20 20.71258207138275
    vertex -57.49999999999997 20 25.66987298107773
  endloop
endfacet
facet normal 0 1 0
  outer loop
    vertex -77.50000000000003 20 25.66987298107781
    vertex -80.36792059795938 20 20.79960394032668
    vertex -82.26431321748582 20 25.86975691005921
  endloop
endfacet
facet normal 0 1 0
  outer loop
    vertex 112.5 20 25.66987298107781
    vertex 109.8602276111707 20 20.71014072104138
    vertex 107.5 20 25.66987298107783
  endloop
endfacet
facet normal 0 1 0
  outer loop
    vertex 72.49999999999997 20 4.330127018922191
    vertex 75.09802953163933 20 9.285693728416934
    vertex 77.49999999999994 20 4.330127018922191
  endloop
endfacet
facet normal 0 1 0
  outer loop
    vertex 87.91342076272159 20 7.630032689787992
    vertex 83.11715786684235 20 4.754330782900453
    vertex 83.78953211129578 20 10.02868303494397
  endloop
endfacet
facet normal 0 1 0
  outer loop
    vertex 84.2212157885979 20 20.77276732702781
    vertex 87.12714921109909 20 25.41580081507826
    vertex 88.91598576535418 20 21.71632354547798
  endloop
endfacet
facet normal 0 1 -0
  outer loop
    vertex -89.69590174656142 20 20.76713703733317
    vertex -92.50000000000003 20 25.66987298107781
    vertex -87.68907371502037 20 25.84479809437704
  endloop
endfacet
facet normal 0 1 0
  outer loop
    vertex 100.7438700398926 20 9.247917284460264
    vertex 97.85885795119998 20 4.582784788762364
    vertex 96.04409829836729 20 8.326302056571592
  endloop
endfacet
facet normal 0 1 0
  outer loop
    vertex 1.827020405647374 20 7.505923968381971
    vertex 6.777002620496177 20 4.751206705152015
    vertex 2.499999999999943 20 3.392938200369812
  endloop
endfacet
facet normal -0 1 0
  outer loop
    vertex 37.49999999999997 20 4.330127018922191
    vertex 40.23148618456449 20 9.177119325083197
    vertex 42.26278432365527 20 4.1445048611468
  endloop
endfacet
facet normal 0 1 0
  outer loop
    vertex -115.1549726421206 20 9.233844494550564
    vertex -112.4765584134073 20 4.405023567896876
    vertex -117.3297577519277 20 4.219980111576085
  endloop
endfacet
facet normal -0 1 0
  outer loop
    vertex -17.35479759425829 20 25.53534509262765
    vertex -15.00000000000003 20 30
    vertex -11.96254932050689 20 25.1904416125651
  endloop
endfacet
facet normal 0 1 0
  outer loop
    vertex 109.9841099870563 20 9.216990580361536
    vertex 112.5778287310344 20 4.429464126842937
    vertex 107.839607047183 20 4.14547413738088
  endloop
endfacet
facet normal 0 1 -0
  outer loop
    vertex 74.97912389576763 20 20.76076402812456
    vertex 72.41522761533813 20 25.57140139157273
    vertex 77.14879203136724 20 25.85302928803166
  endloop
endfacet
facet normal 0 1 0
  outer loop
    vertex -17.35479759425829 20 25.53534509262765
    vertex -19.89820074623691 20 20.83687195455927
    vertex -22.0353760916567 20 25.92332348147644
  endloop
endfacet
facet normal 0 1 -0
  outer loop
    vertex -141.4853362832232 20 20.02968344675239
    vertex -142.040871904713 20 25.47151376279604
    vertex -137.2363513999634 20 22.48324773479962
  endloop
endfacet
facet normal 0 1 0
  outer loop
    vertex 69.99999999999997 20 30
    vertex 72.41522761533813 20 25.57140139157273
    vertex 66.9995349196472 20 25.1973596355688
  endloop
endfacet
facet normal 0 1 0
  outer loop
    vertex -124.4152566174452 20 9.263136914565461
    vertex -127.2014365863982 20 4.461788894234637
    vertex -128.9854970459064 20 8.33711980139411
  endloop
endfacet
facet normal 0 1 -0
  outer loop
    vertex 115 20 0
    vertex 112.5778287310344 20 4.429464126842937
    vertex 117.9926378252848 20 4.809237272593641
  endloop
endfacet
facet normal 0 1 0
  outer loop
    vertex 67.0191156322322 20 4.762530035137967
    vertex 62.33389867943242 20 7.631163316526539
    vertex 66.50635094610894 20 9.99999999998423
  endloop
endfacet
facet normal 0 1 0
  outer loop
    vertex 117.970313202775 20 25.23680024016229
    vertex 122.6532306574982 20 22.37849903043377
    vertex 118.4678751731752 20 19.99999999997871
  endloop
endfacet
facet normal 0 1 0
  outer loop
    vertex -41.89114727244366 20 22.50165858945493
    vertex -46.84363515187388 20 25.24787103485245
    vertex -42.50000000000004 20 26.62884844711855
  endloop
endfacet
facet normal 0 1 -0
  outer loop
    vertex 52.3211440619115 20 4.563738540496221
    vertex 49.51918199493309 20 9.243370221705391
    vertex 54.21915614142736 20 8.287912684433259
  endloop
endfacet
facet normal 0 1 0
  outer loop
    vertex -119.9542261173035 20 17.66468816849291
    vertex -124.6525036907992 20 20.97852375366114
    vertex -119.9791279488829 20 22.16792899776832
  endloop
endfacet
facet normal 0 1 0
  outer loop
    vertex 140.1413732725467 20 17.63663128999539
    vertex 145.2662082327672 20 17.28121204060293
    vertex 141.0059140609734 20 13.14607134390221
  endloop
endfacet
facet normal 0 1 0
  outer loop
    vertex 132.7363998731512 20 25.39656965083433
    vertex 135.5230720790634 20 20.66352473025425
    vertex 130.7920533583845 20 21.68442944110648
  endloop
endfacet
facet normal 0 1 0
  outer loop
    vertex -80.59910075686068 20 14.77650775919084
    vertex -76.22235304117288 20 12.39466325356473
    vertex -80.40617488648704 20 9.191457911472213
  endloop
endfacet
facet normal -0 1 0
  outer loop
    vertex -67.59742668021845 20 22.37341705611185
    vertex -62.94140940080571 20 25.23494557505309
    vertex -63.39745962155604 20 19.99999999999923
  endloop
endfacet
facet normal 0 1 0
  outer loop
    vertex -124.2189839985253 20 15.26543085940679
    vertex -128.4976719994148 20 17.57870689245397
    vertex -124.6525036907992 20 20.97852375366114
  endloop
endfacet
facet normal 0 1 -0
  outer loop
    vertex -110 20 0
    vertex -112.4765584134073 20 4.405023567896876
    vertex -107.0784703733957 20 4.817098077251114
  endloop
endfacet
facet normal 0 1 0
  outer loop
    vertex -80.36792059795938 20 20.79960394032668
    vertex -77.50000000000003 20 25.66987298107781
    vertex -75.93854526907575 20 21.72179752357646
  endloop
endfacet
facet normal 0 1 -0
  outer loop
    vertex 136.2644671150451 20 10.20237234989521
    vertex 135.9345833792627 20 15.05475477945806
    vertex 141.0059140609734 20 13.14607134390221
  endloop
endfacet
facet normal 0 1 0
  outer loop
    vertex 101.8723309919004 20 25.24626666959731
    vertex 97.0677488169886 20 22.36945467770051
    vertex 97.28916630662582 20 26.53006168015838
  endloop
endfacet
facet normal 0 1 0
  outer loop
    vertex -107.0981286375445 20 25.23235419178094
    vertex -102.4686186403606 20 22.3797527314036
    vertex -106.698729810778 20 20.00000000000005
  endloop
endfacet
facet normal 0 1 0
  outer loop
    vertex -45.00000000000003 20 0
    vertex -50.00000000000003 20 0
    vertex -46.59581040042804 20 4.824070861065195
  endloop
endfacet
facet normal -0 1 0
  outer loop
    vertex 83.11715786684235 20 4.754330782900453
    vertex 87.91342076272159 20 7.630032689787992
    vertex 87.70353833784068 20 3.476872694533654
  endloop
endfacet
facet normal 0 1 0
  outer loop
    vertex -92.50000000000003 20 25.66987298107781
    vertex -89.69590174656142 20 20.76713703733317
    vertex -94.38356373113619 20 21.77105312723588
  endloop
endfacet
facet normal 0 1 0
  outer loop
    vertex -89.62823687833227 20 9.292813852804716
    vertex -92.3892049049231 20 4.410838024379096
    vertex -94.33654408731822 20 8.24309189613507
  endloop
endfacet
facet normal -0 1 0
  outer loop
    vertex 141.1878699517254 20 8.592888896443291
    vertex 145.6698729810778 20 12.5
    vertex 145.8238178078277 20 7.392759749948677
  endloop
endfacet
facet normal 0 1 0
  outer loop
    vertex -46.59581040042804 20 4.824070861065195
    vertex -52.42191369647168 20 4.077832781894799
    vertex -50.5270555956026 20 8.070683449833993
  endloop
endfacet
facet normal 0 1 0
  outer loop
    vertex 27.46175913049331 20 7.618505077921423
    vertex 22.86226908043119 20 4.770302154502879
    vertex 23.20508075688679 20 9.999999999992127
  endloop
endfacet
facet normal 0 1 0
  outer loop
    vertex 145.2662082327672 20 17.28121204060293
    vertex 145.6698729810778 20 12.5
    vertex 141.0059140609734 20 13.14607134390221
  endloop
endfacet
facet normal 0 1 0
  outer loop
    vertex -25.00000000000003 20 0
    vertex -30.00000000000003 20 0
    vertex -28.29492569201028 20 4.810317185296348
  endloop
endfacet
facet normal 0 1 0
  outer loop
    vertex 40.23148618456449 20 9.177119325083197
    vertex 37.49999999999997 20 4.330127018922191
    vertex 35.55962800563961 20 8.213017758357239
  endloop
endfacet
facet normal 0 1 0
  outer loop
    vertex 37.49999999999997 20 4.330127018922191
    vertex 34.99999999999997 20 0
    vertex 32.14530195582495 20 4.808299711537114
  endloop
endfacet
facet normal 0 1 -0
  outer loop
    vertex 17.42302400183658 20 4.405477134682407
    vertex 14.69553750467261 20 9.284701822373414
    vertex 19.29559503032368 20 8.228572090120476
  endloop
endfacet
facet normal -0 1 0
  outer loop
    vertex -15.00000000000003 20 30
    vertex -10.00000000000003 20 30
    vertex -11.96254932050689 20 25.1904416125651
  endloop
endfacet
facet normal 0 1 0
  outer loop
    vertex -97.79352036097643 20 4.775050631873363
    vertex -102.3339470914477 20 7.62967874027974
    vertex -98.07657688697171 20 10.13351438497403
  endloop
endfacet
facet normal 0 1 0
  outer loop
    vertex -85.04809471616717 20 12.49999999999977
    vertex -80.40617488648704 20 9.191457911472213
    vertex -85.01178664014095 20 7.943619742551828
  endloop
endfacet
facet normal 0 1 -0
  outer loop
    vertex -112.4765584134073 20 4.405023567896876
    vertex -115.1549726421206 20 9.233844494550564
    vertex -110.459997032434 20 8.243620079355722
  endloop
endfacet
facet normal 0 1 0
  outer loop
    vertex -115.2889099363117 20 20.75305739371349
    vertex -112.5603102897659 20 25.60167505130574
    vertex -110.6195678601776 20 21.79109070980926
  endloop
endfacet
facet normal -0 1 0
  outer loop
    vertex 64.99999999999997 20 30
    vertex 69.99999999999997 20 30
    vertex 66.9995349196472 20 25.1973596355688
  endloop
endfacet
facet normal 0 1 0
  outer loop
    vertex 145.6698729810778 20 12.5
    vertex 141.1878699517254 20 8.592888896443291
    vertex 141.0059140609734 20 13.14607134390221
  endloop
endfacet
facet normal 0 1 0
  outer loop
    vertex 120 20 0
    vertex 115 20 0
    vertex 117.9926378252848 20 4.809237272593641
  endloop
endfacet
facet normal 0 1 0
  outer loop
    vertex -95.00000000000003 20 30
    vertex -92.50000000000003 20 25.66987298107781
    vertex -97.8181256788838 20 25.18992073622817
  endloop
endfacet
facet normal 0 1 0
  outer loop
    vertex -137.2363513999634 20 22.48324773479962
    vertex -142.040871904713 20 25.47151376279604
    vertex -137.5 20 26.65063509461097
  endloop
endfacet
facet normal 0 1 -0
  outer loop
    vertex 136.8623129130041 20 4.761840305385725
    vertex 136.2644671150451 20 10.20237234989521
    vertex 141.1878699517254 20 8.592888896443291
  endloop
endfacet
facet normal 0 1 0
  outer loop
    vertex -57.49999999999997 20 25.66987298107773
    vertex -54.8372064586078 20 20.71258207138275
    vertex -59.56439973673271 20 21.80399749400298
  endloop
endfacet
facet normal 0 1 0
  outer loop
    vertex -22.57525055874808 20 3.985313712630102
    vertex -28.29492569201028 20 4.810317185296348
    vertex -24.36941979416176 20 8.077898172234054
  endloop
endfacet
facet normal 0 1 0
  outer loop
    vertex -105 20 0
    vertex -110 20 0
    vertex -107.0784703733957 20 4.817098077251114
  endloop
endfacet
facet normal 0 1 0
  outer loop
    vertex -19.89820074623691 20 20.83687195455927
    vertex -24.51211356486779 20 22.17449694001937
    vertex -22.0353760916567 20 25.92332348147644
  endloop
endfacet
facet normal 0 1 0
  outer loop
    vertex 127.340626804723 20 4.534990813216403
    vertex 122.799092222802 20 7.588945123381432
    vertex 127.2196317291325 20 9.945814403272678
  endloop
endfacet
facet normal 0 1 0
  outer loop
    vertex 109.8602276111707 20 20.71014072104138
    vertex 112.5 20 25.66987298107781
    vertex 114.5872328282749 20 21.82336278844769
  endloop
endfacet
facet normal 0 1 -0
  outer loop
    vertex 112.5778287310344 20 4.429464126842937
    vertex 109.9841099870563 20 9.216990580361536
    vertex 114.6604629233214 20 8.240368387997385
  endloop
endfacet
facet normal 0 1 0
  outer loop
    vertex 57.65129010953046 20 25.51482159804717
    vertex 62.1873764768184 20 22.42773532950621
    vertex 57.79998755543249 20 20.0559558661033
  endloop
endfacet
facet normal 0 1 0
  outer loop
    vertex 72.41522761533813 20 25.57140139157273
    vertex 74.97912389576763 20 20.76076402812456
    vertex 70.31980379615251 20 21.75815777532383
  endloop
endfacet
facet normal 0 1 0
  outer loop
    vertex 75.09802953163933 20 9.285693728416934
    vertex 72.49999999999997 20 4.330127018922191
    vertex 70.37678437155853 20 8.193792071076089
  endloop
endfacet
facet normal 0 1 0
  outer loop
    vertex 79.7121807509441 20 22.02884144298807
    vertex 74.97912389576763 20 20.76076402812456
    vertex 77.14879203136724 20 25.85302928803166
  endloop
endfacet
facet normal -0 1 0
  outer loop
    vertex 105.252615968728 20 7.950530067401317
    vertex 109.9841099870563 20 9.216990580361536
    vertex 107.839607047183 20 4.14547413738088
  endloop
endfacet
facet normal -0 1 0
  outer loop
    vertex -77.50000000000003 20 25.66987298107781
    vertex -75.00000000000003 20 30
    vertex -72.21631516595389 20 25.18509639267127
  endloop
endfacet
facet normal 0 1 0
  outer loop
    vertex 34.99999999999997 20 0
    vertex 29.99999999999997 20 0
    vertex 32.14530195582495 20 4.808299711537114
  endloop
endfacet
facet normal 0 1 0
  outer loop
    vertex -19.89820074623691 20 20.83687195455927
    vertex -17.35479759425829 20 25.53534509262765
    vertex -15.25659687566562 20 21.7667852857365
  endloop
endfacet
facet normal -0 1 0
  outer loop
    vertex -7.131419853714448 20 22.42026444367866
    vertex -2.623581967303863 20 25.51626671304539
    vertex -2.730927132419652 20 20.05707411173984
  endloop
endfacet
facet normal -0 1 0
  outer loop
    vertex -100 20 30
    vertex -95.00000000000003 20 30
    vertex -97.8181256788838 20 25.18992073622817
  endloop
endfacet
facet normal 0 1 0
  outer loop
    vertex 32.37816122962315 20 25.26720892841514
    vertex 32.06562406742373 20 19.93408892958556
    vertex 27.940068691226 20 21.81058485091494
  endloop
endfacet
facet normal 0 1 0
  outer loop
    vertex 141.1878699517254 20 8.592888896443291
    vertex 136.2644671150451 20 10.20237234989521
    vertex 141.0059140609734 20 13.14607134390221
  endloop
endfacet
facet normal -0 1 0
  outer loop
    vertex -75.00000000000003 20 30
    vertex -70.00000000000003 20 30
    vertex -72.21631516595389 20 25.18509639267127
  endloop
endfacet
facet normal -0 1 0
  outer loop
    vertex 125 20 30
    vertex 130 20 30
    vertex 127.2777734868948 20 25.14500772528856
  endloop
endfacet
facet normal 0 1 0
  outer loop
    vertex 59.99999999999997 20 0
    vertex 54.99999999999997 20 0
    vertex 57.72397342654801 20 4.855078354871338
  endloop
endfacet
facet normal -0 1 0
  outer loop
    vertex -119.8730177829399 20 7.961704684195595
    vertex -115.1549726421206 20 9.233844494550564
    vertex -117.3297577519277 20 4.219980111576085
  endloop
endfacet
facet normal 0 1 0
  outer loop
    vertex 130 20 30
    vertex 132.7363998731512 20 25.39656965083433
    vertex 127.2777734868948 20 25.14500772528856
  endloop
endfacet
facet normal -0 1 0
  outer loop
    vertex -137.2363513999634 20 22.48324773479962
    vertex -132.6773140080068 20 25.24393310781865
    vertex -132.8615350606715 20 19.95355392052731
  endloop
endfacet
facet normal -0 1 0
  outer loop
    vertex 89.99999999999997 20 30
    vertex 94.99999999999997 20 30
    vertex 92.50575172424024 20 25.03458705349407
  endloop
endfacet
facet normal 0 1 0
  outer loop
    vertex 94.99999999999997 20 0
    vertex 89.99999999999997 20 0
    vertex 92.48711305963954 20 4.999999999979792
  endloop
endfacet
facet normal 0 1 -0
  outer loop
    vertex 54.99999999999997 20 0
    vertex 52.3211440619115 20 4.563738540496221
    vertex 57.72397342654801 20 4.855078354871338
  endloop
endfacet
facet normal 0 1 0
  outer loop
    vertex 62.33389867943242 20 7.631163316526539
    vertex 67.0191156322322 20 4.762530035137967
    vertex 62.43956967688749 20 3.418487976080513
  endloop
endfacet
facet normal 0 1 0
  outer loop
    vertex 40.23148618456449 20 9.177119325083197
    vertex 44.83471292822412 20 7.809284868162671
    vertex 42.26278432365527 20 4.1445048611468
  endloop
endfacet
facet normal 0 1 0
  outer loop
    vertex -85.00000000000003 20 30
    vertex -82.26431321748582 20 25.86975691005921
    vertex -87.68907371502037 20 25.84479809437704
  endloop
endfacet
facet normal 0 1 0
  outer loop
    vertex 47.5920747061036 20 4.183302604690418
    vertex 44.99999999999997 20 0
    vertex 42.26278432365527 20 4.1445048611468
  endloop
endfacet
facet normal 0 1 -0
  outer loop
    vertex -120 20 0
    vertex -122.4171534007043 20 4.23538113700841
    vertex -117.3297577519277 20 4.219980111576085
  endloop
endfacet
facet normal 0 1 -0
  outer loop
    vertex 105 20 0
    vertex 102.6457261857335 20 4.252325474821767
    vertex 107.839607047183 20 4.14547413738088
  endloop
endfacet
facet normal 0 1 0
  outer loop
    vertex 79.99999999999997 20 30
    vertex 82.34087708877817 20 25.7466121744858
    vertex 77.14879203136724 20 25.85302928803166
  endloop
endfacet
facet normal 0 1 0
  outer loop
    vertex -27.3019752984203 20 25.76747023229734
    vertex -25.00000000000003 20 30
    vertex -22.0353760916567 20 25.92332348147644
  endloop
endfacet
facet normal 0 1 0
  outer loop
    vertex -33.02014580456888 20 7.581303151314685
    vertex -37.4442714171588 20 4.542756506004636
    vertex -37.42393929356633 20 9.954218099696405
  endloop
endfacet
facet normal 0 1 0
  outer loop
    vertex 122.6532306574982 20 22.37849903043377
    vertex 117.970313202775 20 25.23680024016229
    vertex 122.5573310495954 20 26.58311423166618
  endloop
endfacet
facet normal 0 1 -0
  outer loop
    vertex 77.49999999999994 20 4.330127018922191
    vertex 75.09802953163933 20 9.285693728416934
    vertex 79.8231515130887 20 8.121493439732944
  endloop
endfacet
facet normal 0 1 0
  outer loop
    vertex 107.5 20 25.66987298107783
    vertex 109.8602276111707 20 20.71014072104138
    vertex 105.1548024599304 20 21.8541585694089
  endloop
endfacet
facet normal 0 1 0
  outer loop
    vertex -84.9893962347837 20 22.16808086718079
    vertex -89.69590174656142 20 20.76713703733317
    vertex -87.68907371502037 20 25.84479809437704
  endloop
endfacet
facet normal 0 1 0
  outer loop
    vertex -72.28792046955742 20 4.968572920188493
    vertex -72.07118236681137 20 10.2606713414921
    vertex -68.24573519457088 20 8.397459621555825
  endloop
endfacet
facet normal 0 1 0
  outer loop
    vertex -54.8372064586078 20 20.71258207138275
    vertex -52.50000000000001 20 25.66987298107781
    vertex -50.09502493457869 20 21.90766106194373
  endloop
endfacet
facet normal 0 1 0
  outer loop
    vertex -80.36792059795938 20 20.79960394032668
    vertex -84.9893962347837 20 22.16808086718079
    vertex -82.26431321748582 20 25.86975691005921
  endloop
endfacet
facet normal 0 1 0
  outer loop
    vertex -17.35479759425829 20 25.53534509262765
    vertex -11.96254932050689 20 25.1904416125651
    vertex -15.25659687566562 20 21.7667852857365
  endloop
endfacet
facet normal -0 1 0
  outer loop
    vertex 44.83471292822412 20 7.809284868162671
    vertex 49.51918199493309 20 9.243370221705391
    vertex 47.5920747061036 20 4.183302604690418
  endloop
endfacet
facet normal 0 1 0
  outer loop
    vertex -117.5 20 25.66987298107781
    vertex -115.2889099363117 20 20.75305739371349
    vertex -119.9791279488829 20 22.16792899776832
  endloop
endfacet
facet normal 0 1 0
  outer loop
    vertex -62.94140940080571 20 25.23494557505309
    vertex -67.59742668021845 20 22.37341705611185
    vertex -67.51859702966314 20 26.62512258035608
  endloop
endfacet
facet normal 0 1 0
  outer loop
    vertex -37.51250990121073 20 19.96977613923512
    vertex -41.89114727244366 20 22.50165858945493
    vertex -37.51265590978112 20 25.18078387412224
  endloop
endfacet
facet normal 0 1 -0
  outer loop
    vertex -37.4442714171588 20 4.542756506004636
    vertex -41.82751055241712 20 7.599783158715333
    vertex -37.42393929356633 20 9.954218099696405
  endloop
endfacet
facet normal 0 1 0
  outer loop
    vertex -124.4152566174452 20 9.263136914565461
    vertex -119.8730177829399 20 7.961704684195595
    vertex -122.4171534007043 20 4.23538113700841
  endloop
endfacet
facet normal 0 1 0
  outer loop
    vertex -2.627305213720092 20 10.06191119687241
    vertex -2.552512881072857 20 4.832606282097654
    vertex -6.414146904029025 20 8.321079840171418
  endloop
endfacet
facet normal -0 1 0
  outer loop
    vertex 66.9995349196472 20 25.1973596355688
    vertex 72.41522761533813 20 25.57140139157273
    vertex 70.31980379615251 20 21.75815777532383
  endloop
endfacet
facet normal 0 1 0
  outer loop
    vertex 100.7438700398926 20 9.247917284460264
    vertex 105.252615968728 20 7.950530067401317
    vertex 102.6457261857335 20 4.252325474821767
  endloop
endfacet
facet normal 0 1 0
  outer loop
    vertex 84.2212157885979 20 20.77276732702781
    vertex 79.7121807509441 20 22.02884144298807
    vertex 82.34087708877817 20 25.7466121744858
  endloop
endfacet
facet normal 0 1 0
  outer loop
    vertex 14.69553750467261 20 9.284701822373414
    vertex 12.49999999999997 20 4.330127018922191
    vertex 10.01013285492655 20 8.094244796880311
  endloop
endfacet
facet normal 0 1 0
  outer loop
    vertex -24.51211356486779 20 22.17449694001937
    vertex -29.19666812884327 20 20.71540864546796
    vertex -27.3019752984203 20 25.76747023229734
  endloop
endfacet
facet normal 0 1 0
  outer loop
    vertex -2.623581967303863 20 25.51626671304539
    vertex 1.665284220137295 20 22.40977744700013
    vertex -2.730927132419652 20 20.05707411173984
  endloop
endfacet
facet normal 0 1 0
  outer loop
    vertex -2.627305213720092 20 10.06191119687241
    vertex 1.827020405647374 20 7.505923968381971
    vertex -2.552512881072857 20 4.832606282097654
  endloop
endfacet
facet normal 0 1 0
  outer loop
    vertex 117.9926378252848 20 4.809237272593641
    vertex 112.5778287310344 20 4.429464126842937
    vertex 114.6604629233214 20 8.240368387997385
  endloop
endfacet
facet normal -0 1 0
  outer loop
    vertex -145.7661397747209 20 7.521186846404383
    vertex -140.9185700100743 20 9.242173243529404
    vertex -142.5440031848052 20 4.161625432834882
  endloop
endfacet
facet normal 0 1 0
  outer loop
    vertex -102.4686186403606 20 22.3797527314036
    vertex -107.0981286375445 20 25.23235419178094
    vertex -102.494006297209 20 26.63815462500278
  endloop
endfacet
facet normal -0 1 0
  outer loop
    vertex -16.11266270003941 20 7.845601267957303
    vertex -11.02529759525956 20 9.29597985635959
    vertex -12.93468492481711 20 4.193634910404011
  endloop
endfacet
facet normal 0 1 0
  outer loop
    vertex -132.6303876640486 20 10.1985052906934
    vertex -132.5851973030721 20 5.119080392307406
    vertex -136.1998248486981 20 8.337133045573751
  endloop
endfacet
facet normal -0 1 0
  outer loop
    vertex 53.39859486098842 20 22.39913500436035
    vertex 57.65129010953046 20 25.51482159804717
    vertex 57.79998755543249 20 20.0559558661033
  endloop
endfacet
facet normal 0 1 0
  outer loop
    vertex 131.7904031961682 20 7.545268459175642
    vertex 127.340626804723 20 4.534990813216403
    vertex 127.2196317291325 20 9.945814403272678
  endloop
endfacet
facet normal 0 1 0
  outer loop
    vertex 23.18928155204344 20 19.96771825760894
    vertex 18.68267767460583 20 22.20678997432542
    vertex 22.68788249059136 20 25.55670372616308
  endloop
endfacet
facet normal 0 1 0
  outer loop
    vertex 36.40189324821696 20 22.19336624689755
    vertex 32.06562406742373 20 19.93408892958556
    vertex 32.37816122962315 20 25.26720892841514
  endloop
endfacet
facet normal 0 1 -0
  outer loop
    vertex -37.51250990121073 20 19.96977613923512
    vertex -37.51265590978112 20 25.18078387412224
    vertex -33.81052959518343 20 21.71790284096242
  endloop
endfacet
facet normal 0 1 0
  outer loop
    vertex -142.040871904713 20 25.47151376279604
    vertex -141.4853362832232 20 20.02968344675239
    vertex -145.8936740139889 20 22.34662152565717
  endloop
endfacet
facet normal 0 1 -0
  outer loop
    vertex -87.50000000000003 20 4.330127018922191
    vertex -89.62823687833227 20 9.292813852804716
    vertex -85.01178664014095 20 7.943619742551828
  endloop
endfacet
facet normal 0 1 0
  outer loop
    vertex 27.6174462588454 20 26.60251205706477
    vertex 32.37816122962315 20 25.26720892841514
    vertex 27.940068691226 20 21.81058485091494
  endloop
endfacet
facet normal -0 1 0
  outer loop
    vertex 22.86226908043119 20 4.770302154502879
    vertex 27.46175913049331 20 7.618505077921423
    vertex 27.49999999999997 20 3.333415972493871
  endloop
endfacet
facet normal 0 1 0
  outer loop
    vertex 97.85885795119998 20 4.582784788762364
    vertex 94.99999999999997 20 0
    vertex 92.48711305963954 20 4.999999999979792
  endloop
endfacet
facet normal -0 1 0
  outer loop
    vertex 87.12714921109909 20 25.41580081507826
    vertex 89.99999999999997 20 30
    vertex 92.50575172424024 20 25.03458705349407
  endloop
endfacet
facet normal 0 1 0
  outer loop
    vertex -107.0784703733957 20 4.817098077251114
    vertex -112.4765584134073 20 4.405023567896876
    vertex -110.459997032434 20 8.243620079355722
  endloop
endfacet
facet normal 0 1 -0
  outer loop
    vertex -132.5851973030721 20 5.119080392307406
    vertex -132.6303876640486 20 10.1985052906934
    vertex -128.9854970459064 20 8.33711980139411
  endloop
endfacet
facet normal 0 1 0
  outer loop
    vertex -63.77069841799023 20 10.48690863745733
    vertex -59.74948524932329 20 7.732059383199839
    vertex -64.28476762818468 20 6.853064724214224
  endloop
endfacet
facet normal 0 1 0
  outer loop
    vertex -82.26431321748582 20 25.86975691005921
    vertex -84.9893962347837 20 22.16808086718079
    vertex -87.68907371502037 20 25.84479809437704
  endloop
endfacet
facet normal 0 1 0
  outer loop
    vertex 44.83471292822412 20 7.809284868162671
    vertex 47.5920747061036 20 4.183302604690418
    vertex 42.26278432365527 20 4.1445048611468
  endloop
endfacet
facet normal -0 1 0
  outer loop
    vertex -122.4171534007043 20 4.23538113700841
    vertex -119.8730177829399 20 7.961704684195595
    vertex -117.3297577519277 20 4.219980111576085
  endloop
endfacet
facet normal 0 1 0
  outer loop
    vertex -59.74948524932329 20 7.732059383199839
    vertex -62.41960053731709 20 3.677142297541401
    vertex -64.28476762818468 20 6.853064724214224
  endloop
endfacet
facet normal 0 1 0
  outer loop
    vertex 135.5230720790634 20 20.66352473025425
    vertex 137.5665687111814 20 25.59992268527741
    vertex 139.7533686064448 20 21.80573119580011
  endloop
endfacet
facet normal -0 1 0
  outer loop
    vertex 102.6457261857335 20 4.252325474821767
    vertex 105.252615968728 20 7.950530067401317
    vertex 107.839607047183 20 4.14547413738088
  endloop
endfacet
facet normal 0 1 0
  outer loop
    vertex 82.34087708877817 20 25.7466121744858
    vertex 79.7121807509441 20 22.02884144298807
    vertex 77.14879203136724 20 25.85302928803166
  endloop
endfacet
facet normal 0 1 -0
  outer loop
    vertex -24.51211356486779 20 22.17449694001937
    vertex -27.3019752984203 20 25.76747023229734
    vertex -22.0353760916567 20 25.92332348147644
  endloop
endfacet
facet normal 0 1 0
  outer loop
    vertex -67.23831874172194 20 3.971753681316724
    vertex -72.28792046955742 20 4.968572920188493
    vertex -68.24573519457088 20 8.397459621555825
  endloop
endfacet
facet normal 0 1 0
  outer loop
    vertex -102.3339470914477 20 7.62967874027974
    vertex -97.79352036097643 20 4.775050631873363
    vertex -102.4846906406612 20 3.363087311108018
  endloop
endfacet
facet normal 0 1 -0
  outer loop
    vertex 6.777002620496177 20 4.751206705152015
    vertex 5.996242786659451 20 10.04540724843947
    vertex 10.01013285492655 20 8.094244796880311
  endloop
endfacet
facet normal -0 1 0
  outer loop
    vertex 135.9345833792627 20 15.05475477945806
    vertex 140.1413732725467 20 17.63663128999539
    vertex 141.0059140609734 20 13.14607134390221
  endloop
endfacet
facet normal 0 1 -0
  outer loop
    vertex -97.79352036097643 20 4.775050631873363
    vertex -98.07657688697171 20 10.13351438497403
    vertex -94.33654408731822 20 8.24309189613507
  endloop
endfacet
facet normal 0 1 0
  outer loop
    vertex 23.20508075688679 20 9.999999999992127
    vertex 22.86226908043119 20 4.770302154502879
    vertex 19.29559503032368 20 8.228572090120476
  endloop
endfacet
facet normal 0 1 0
  outer loop
    vertex -46.84363515187388 20 25.24787103485245
    vertex -46.0769515458673 20 19.99999999999898
    vertex -50.09502493457869 20 21.90766106194373
  endloop
endfacet
facet normal 0 1 0
  outer loop
    vertex 101.1960994542439 20 19.95028001251333
    vertex 101.8723309919004 20 25.24626666959731
    vertex 105.1548024599304 20 21.8541585694089
  endloop
endfacet
facet normal 0 1 0
  outer loop
    vertex -107.0981286375445 20 25.23235419178094
    vertex -106.698729810778 20 20.00000000000005
    vertex -110.6195678601776 20 21.79109070980926
  endloop
endfacet
facet normal 0 1 0
  outer loop
    vertex 83.78953211129578 20 10.02868303494397
    vertex 83.11715786684235 20 4.754330782900453
    vertex 79.8231515130887 20 8.121493439732944
  endloop
endfacet
facet normal 0 1 0
  outer loop
    vertex -2.552512881072857 20 4.832606282097654
    vertex -7.97014925360341 20 4.486459034496445
    vertex -6.414146904029025 20 8.321079840171418
  endloop
endfacet
facet normal 0 1 0
  outer loop
    vertex -63.39745962155604 20 19.99999999999923
    vertex -62.94140940080571 20 25.23494557505309
    vertex -59.56439973673271 20 21.80399749400298
  endloop
endfacet
facet normal 0 1 0
  outer loop
    vertex 92.50575172424024 20 25.03458705349407
    vertex 94.99999999999997 20 30
    vertex 97.28916630662582 20 26.53006168015838
  endloop
endfacet
facet normal 0 1 0
  outer loop
    vertex 117.970313202775 20 25.23680024016229
    vertex 118.4678751731752 20 19.99999999997871
    vertex 114.5872328282749 20 21.82336278844769
  endloop
endfacet
facet normal 0 1 -0
  outer loop
    vertex 67.0191156322322 20 4.762530035137967
    vertex 66.50635094610894 20 9.99999999998423
    vertex 70.37678437155853 20 8.193792071076089
  endloop
endfacet
facet normal 0 1 0
  outer loop
    vertex 37.49999999999997 20 4.330127018922191
    vertex 32.14530195582495 20 4.808299711537114
    vertex 35.55962800563961 20 8.213017758357239
  endloop
endfacet
facet normal 0 1 0
  outer loop
    vertex -72.07118236681137 20 10.2606713414921
    vertex -72.28792046955742 20 4.968572920188493
    vertex -75.72534545826885 20 8.209550606450808
  endloop
endfacet
facet normal 0 1 0
  outer loop
    vertex 92.48711305963954 20 4.999999999979792
    vertex 89.99999999999997 20 0
    vertex 87.70353833784068 20 3.476872694533654
  endloop
endfacet
facet normal 0 1 0
  outer loop
    vertex 122.799092222802 20 7.588945123381432
    vertex 127.340626804723 20 4.534990813216403
    vertex 122.5 20 3.339253687088057
  endloop
endfacet
facet normal 0 1 0
  outer loop
    vertex -132.8615350606715 20 19.95355392052731
    vertex -132.6773140080068 20 25.24393310781865
    vertex -129.1337357275297 20 21.88977539870888
  endloop
endfacet
facet normal 0 1 -0
  outer loop
    vertex 62.1873764768184 20 22.42773532950621
    vertex 57.65129010953046 20 25.51482159804717
    vertex 62.49999999999994 20 26.65967793697055
  endloop
endfacet
facet normal 0 1 0
  outer loop
    vertex -132.5851973030721 20 5.119080392307406
    vertex -137.9336282735329 20 4.481480624777145
    vertex -136.1998248486981 20 8.337133045573751
  endloop
endfacet
facet normal -0 1 0
  outer loop
    vertex -97.8181256788838 20 25.18992073622817
    vertex -92.50000000000003 20 25.66987298107781
    vertex -94.38356373113619 20 21.77105312723588
  endloop
endfacet
facet normal 0 1 0
  outer loop
    vertex -2.623581967303863 20 25.51626671304539
    vertex -7.131419853714448 20 22.42026444367866
    vertex -7.442970199819626 20 26.64504186869988
  endloop
endfacet
facet normal -0 1 0
  outer loop
    vertex -37.51265590978112 20 25.18078387412224
    vertex -32.10275277519563 20 25.52362725549117
    vertex -33.81052959518343 20 21.71790284096242
  endloop
endfacet
facet normal 0 1 0
  outer loop
    vertex -132.6773140080068 20 25.24393310781865
    vertex -137.2363513999634 20 22.48324773479962
    vertex -137.5 20 26.65063509461097
  endloop
endfacet
facet normal 0 1 0
  outer loop
    vertex -77.50000000000003 20 25.66987298107781
    vertex -72.21631516595389 20 25.18509639267127
    vertex -75.93854526907575 20 21.72179752357646
  endloop
endfacet
facet normal -0 1 0
  outer loop
    vertex 136.8623129130041 20 4.761840305385725
    vertex 141.1878699517254 20 8.592888896443291
    vertex 142.5 20 4.01073885425188
  endloop
endfacet
facet normal 0 1 -0
  outer loop
    vertex 53.5245825325768 20 17.47581288657226
    vertex 53.39859486098842 20 22.39913500436035
    vertex 57.79998755543249 20 20.0559558661033
  endloop
endfacet
facet normal 0 1 0
  outer loop
    vertex 92.48709373049849 20 14.99999510150258
    vertex 96.73812587890882 20 12.63702217341003
    vertex 92.3925245621954 20 10.16378603624552
  endloop
endfacet
facet normal 0 1 0
  outer loop
    vertex 18.68267767460583 20 22.20678997432542
    vertex 18.87214493590116 20 17.49927294397871
    vertex 14.59379497001086 20 19.60050887984616
  endloop
endfacet
facet normal 0 1 0
  outer loop
    vertex 105.252615968728 20 7.950530067401317
    vertex 105.4084252016036 20 12.37780376347508
    vertex 109.9841099870563 20 9.216990580361536
  endloop
endfacet
facet normal 0 1 0
  outer loop
    vertex 57.86046624871315 20 15.01628189109721
    vertex 53.5245825325768 20 17.47581288657226
    vertex 57.79998755543249 20 20.0559558661033
  endloop
endfacet
facet normal 0 1 0
  outer loop
    vertex 122.799092222802 20 7.588945123381432
    vertex 122.8126933789004 20 12.52544588194439
    vertex 127.2196317291325 20 9.945814403272678
  endloop
endfacet
facet normal 0 1 -0
  outer loop
    vertex 62.33389867943242 20 7.631163316526539
    vertex 62.19392065504232 20 12.52862995601046
    vertex 66.50635094610894 20 9.99999999998423
  endloop
endfacet
facet normal 0 1 -0
  outer loop
    vertex -7.091749762702676 20 17.47657798491217
    vertex -7.131419853714448 20 22.42026444367866
    vertex -2.730927132419652 20 20.05707411173984
  endloop
endfacet
facet normal 0 1 0
  outer loop
    vertex -28.77547150557342 20 14.9714462482826
    vertex -33.18475761201751 20 17.35257059730857
    vertex -29.19666812884327 20 20.71540864546796
  endloop
endfacet
facet normal -0 1 0
  outer loop
    vertex 105.4084252016036 20 12.37780376347508
    vertex 109.8076211353314 20 14.99999999997828
    vertex 109.9841099870563 20 9.216990580361536
  endloop
endfacet
facet normal 0 1 0
  outer loop
    vertex 5.889170359153269 20 15.00226303551362
    vertex 10.17023985776453 20 12.57306724796501
    vertex 5.996242786659451 20 10.04540724843947
  endloop
endfacet
facet normal 0 1 0
  outer loop
    vertex 18.87214493590116 20 17.49927294397871
    vertex 14.52797390665532 20 14.99563766390837
    vertex 14.59379497001086 20 19.60050887984616
  endloop
endfacet
facet normal 0 1 0
  outer loop
    vertex 44.89415581359734 20 17.39815964366997
    vertex 40.52116770625085 20 15.01664438722133
    vertex 40.47323883588615 20 19.59705841723576
  endloop
endfacet
facet normal 0 1 0
  outer loop
    vertex -24.44150826325304 20 17.5138289253033
    vertex -28.77547150557342 20 14.9714462482826
    vertex -29.19666812884327 20 20.71540864546796
  endloop
endfacet
facet normal 0 1 0
  outer loop
    vertex 122.6532306574982 20 22.37849903043377
    vertex 122.8001692594275 20 17.50375347069823
    vertex 118.4678751731752 20 19.99999999997871
  endloop
endfacet
facet normal -0 1 0
  outer loop
    vertex 62.19392065504232 20 12.52862995601046
    vertex 66.50953226354906 20 15.00509640716375
    vertex 66.50635094610894 20 9.99999999998423
  endloop
endfacet
facet normal 0 1 -0
  outer loop
    vertex 131.4440358521592 20 12.47536958315739
    vertex 131.3701242542213 20 17.34735094026081
    vertex 135.9345833792627 20 15.05475477945806
  endloop
endfacet
facet normal 0 1 0
  outer loop
    vertex 62.17761510396795 20 17.50194848703662
    vertex 57.86046624871315 20 15.01628189109721
    vertex 57.79998755543249 20 20.0559558661033
  endloop
endfacet
facet normal 0 1 0
  outer loop
    vertex 109.8076211353314 20 14.99999999997828
    vertex 114.2025093042392 20 12.61216960210928
    vertex 109.9841099870563 20 9.216990580361536
  endloop
endfacet
facet normal 0 1 -0
  outer loop
    vertex 122.8126933789004 20 12.52544588194439
    vertex 122.8001692594275 20 17.50375347069823
    vertex 127.1309389200421 20 15.0048665587608
  endloop
endfacet
facet normal 0 1 0
  outer loop
    vertex 135.9345833792627 20 15.05475477945806
    vertex 131.3701242542213 20 17.34735094026081
    vertex 135.5230720790634 20 20.66352473025425
  endloop
endfacet
facet normal 0 1 0
  outer loop
    vertex 66.50953226354906 20 15.00509640716375
    vertex 70.76042574781232 20 12.59060957291912
    vertex 66.50635094610894 20 9.99999999998423
  endloop
endfacet
facet normal 0 1 0
  outer loop
    vertex -89.4068180647259 20 14.99275510381273
    vertex -93.79309408045482 20 17.3532880362329
    vertex -89.69590174656142 20 20.76713703733317
  endloop
endfacet
facet normal 0 1 0
  outer loop
    vertex 62.19392065504232 20 12.52862995601046
    vertex 57.86046624871315 20 15.01628189109721
    vertex 62.17761510396795 20 17.50194848703662
  endloop
endfacet
facet normal 0 1 0
  outer loop
    vertex 40.52116770625085 20 15.01664438722133
    vertex 36.23159954785899 20 17.483909447605
    vertex 40.47323883588615 20 19.59705841723576
  endloop
endfacet
facet normal 0 1 0
  outer loop
    vertex 62.1873764768184 20 22.42773532950621
    vertex 62.17761510396795 20 17.50194848703662
    vertex 57.79998755543249 20 20.0559558661033
  endloop
endfacet
facet normal 0 1 0
  outer loop
    vertex 150 20 15
    vertex 145.6698729810778 20 12.5
    vertex 145.2662082327672 20 17.28121204060293
  endloop
endfacet
facet normal 0 1 0
  outer loop
    vertex -85.05286077110651 20 17.49879251730195
    vertex -89.4068180647259 20 14.99275510381273
    vertex -89.69590174656142 20 20.76713703733317
  endloop
endfacet
facet normal -0 1 0
  outer loop
    vertex 66.50953226354906 20 15.00509640716375
    vertex 70.76222675697724 20 17.37129986634087
    vertex 70.76042574781232 20 12.59060957291912
  endloop
endfacet
facet normal 0 1 0
  outer loop
    vertex 127.052897098592 20 19.86969415889448
    vertex 122.8001692594275 20 17.50375347069823
    vertex 122.6532306574982 20 22.37849903043377
  endloop
endfacet
facet normal 0 1 0
  outer loop
    vertex -33.10255157855302 20 12.47610689239455
    vertex -33.02014580456888 20 7.581303151314685
    vertex -37.42393929356633 20 9.954218099696405
  endloop
endfacet
facet normal -0 1 0
  outer loop
    vertex 1.582031730002967 20 12.51357821310982
    vertex 5.889170359153269 20 15.00226303551362
    vertex 5.996242786659451 20 10.04540724843947
  endloop
endfacet
facet normal 0 1 0
  outer loop
    vertex 88.15687006585463 20 12.49997060911643
    vertex 88.15698604072111 20 17.49999999998111
    vertex 92.48709373049849 20 14.99999510150258
  endloop
endfacet
facet normal 0 1 -0
  outer loop
    vertex 92.48709373049849 20 14.99999510150258
    vertex 88.15698604072111 20 17.49999999998111
    vertex 92.56882606211275 20 19.85846253180867
  endloop
endfacet
facet normal 0 1 0
  outer loop
    vertex -41.74508604978232 20 17.50313640971448
    vertex -46.06857209449697 20 15.01559604557078
    vertex -46.0769515458673 20 19.99999999999898
  endloop
endfacet
facet normal 0 1 0
  outer loop
    vertex -106.6890477532463 20 15.02009061051837
    vertex -111.0288568297003 20 17.50000000000001
    vertex -106.698729810778 20 20.00000000000005
  endloop
endfacet
facet normal 0 1 0
  outer loop
    vertex -19.89820074623691 20 20.83687195455927
    vertex -24.44150826325304 20 17.5138289253033
    vertex -24.51211356486779 20 22.17449694001937
  endloop
endfacet
facet normal 0 1 0
  outer loop
    vertex -24.51211356486779 20 22.17449694001937
    vertex -24.44150826325304 20 17.5138289253033
    vertex -29.19666812884327 20 20.71540864546796
  endloop
endfacet
facet normal 0 1 -0
  outer loop
    vertex 57.93790793494819 20 10.15549784502631
    vertex 57.86046624871315 20 15.01628189109721
    vertex 62.19392065504232 20 12.52862995601046
  endloop
endfacet
facet normal 0 1 0
  outer loop
    vertex -62.94140940080571 20 25.23494557505309
    vertex -60.00000000000003 20 30
    vertex -57.49999999999997 20 25.66987298107773
  endloop
endfacet
facet normal 0 1 0
  outer loop
    vertex 23.18928155204344 20 19.96771825760894
    vertex 18.87214493590116 20 17.49927294397871
    vertex 18.68267767460583 20 22.20678997432542
  endloop
endfacet
facet normal 0 1 0
  outer loop
    vertex 84.2212157885979 20 20.77276732702781
    vertex 79.49255690773018 20 17.4989419288517
    vertex 79.7121807509441 20 22.02884144298807
  endloop
endfacet
facet normal -0 1 0
  outer loop
    vertex 92.48709373049849 20 14.99999510150258
    vertex 96.83085569078617 20 17.47640960553777
    vertex 96.73812587890882 20 12.63702217341003
  endloop
endfacet
facet normal -0 1 0
  outer loop
    vertex 100.7438700398926 20 9.247917284460264
    vertex 105.4084252016036 20 12.37780376347508
    vertex 105.252615968728 20 7.950530067401317
  endloop
endfacet
facet normal -0 1 0
  outer loop
    vertex 109.8076211353314 20 14.99999999997828
    vertex 114.1377481542537 20 17.49999999997824
    vertex 114.2025093042392 20 12.61216960210928
  endloop
endfacet
facet normal -0 1 0
  outer loop
    vertex 87.91342076272159 20 7.630032689787992
    vertex 92.3925245621954 20 10.16378603624552
    vertex 92.48711305963954 20 4.999999999979792
  endloop
endfacet
facet normal -0 1 0
  outer loop
    vertex -60.00000000000003 20 30
    vertex -55.00000000000003 20 30
    vertex -57.49999999999997 20 25.66987298107773
  endloop
endfacet
facet normal 0 1 0
  outer loop
    vertex 109.8076211353314 20 14.99999999997828
    vertex 109.8602276111707 20 20.71014072104138
    vertex 114.1377481542537 20 17.49999999997824
  endloop
endfacet
facet normal -0 1 0
  outer loop
    vertex 31.88187192726778 20 14.9693677560865
    vertex 36.23159954785899 20 17.483909447605
    vertex 36.13279732149655 20 12.61595687576774
  endloop
endfacet
facet normal 0 1 -0
  outer loop
    vertex 105.4084252016036 20 12.37780376347508
    vertex 105.4081991672084 20 17.38585225112204
    vertex 109.8076211353314 20 14.99999999997828
  endloop
endfacet
facet normal 0 1 -0
  outer loop
    vertex -20.11074187376474 20 15.02089270480643
    vertex -24.44150826325304 20 17.5138289253033
    vertex -19.89820074623691 20 20.83687195455927
  endloop
endfacet
facet normal 0 1 0
  outer loop
    vertex 27.54931558460035 20 12.47372648007327
    vertex 27.620322762234 20 17.34248005648503
    vertex 31.88187192726778 20 14.9693677560865
  endloop
endfacet
facet normal 0 1 -0
  outer loop
    vertex 49.1839572037056 20 14.96063115483265
    vertex 44.89415581359734 20 17.39815964366997
    vertex 49.23940439653634 20 19.89424616465364
  endloop
endfacet
facet normal 0 1 0
  outer loop
    vertex 150 20 20
    vertex 150 20 15
    vertex 145.2662082327672 20 17.28121204060293
  endloop
endfacet
facet normal 0 1 0
  outer loop
    vertex 150 20 15
    vertex 150 20 10
    vertex 145.6698729810778 20 12.5
  endloop
endfacet
facet normal 0 1 0
  outer loop
    vertex 18.87495373796514 20 12.49999999999286
    vertex 14.52797390665532 20 14.99563766390837
    vertex 18.87214493590116 20 17.49927294397871
  endloop
endfacet
facet normal -0 1 0
  outer loop
    vertex -15.76633720757235 20 12.52336752180532
    vertex -11.42594847064453 20 14.98703347624671
    vertex -11.02529759525956 20 9.29597985635959
  endloop
endfacet
facet normal 0 1 -0
  outer loop
    vertex 1.827020405647374 20 7.505923968381971
    vertex 1.582031730002967 20 12.51357821310982
    vertex 5.996242786659451 20 10.04540724843947
  endloop
endfacet
facet normal -0 1 0
  outer loop
    vertex 27.46175913049331 20 7.618505077921423
    vertex 31.78855456631206 20 10.13358586047596
    vertex 32.14530195582495 20 4.808299711537114
  endloop
endfacet
facet normal 0 1 0
  outer loop
    vertex -41.89114727244366 20 22.50165858945493
    vertex -41.74508604978232 20 17.50313640971448
    vertex -46.0769515458673 20 19.99999999999898
  endloop
endfacet
facet normal 0 1 0
  outer loop
    vertex -46.01294075685452 20 10.11213275053724
    vertex -41.82751055241712 20 7.599783158715333
    vertex -46.59581040042804 20 4.824070861065195
  endloop
endfacet
facet normal -0 1 0
  outer loop
    vertex -150 20 15
    vertex -145.693466450672 20 17.45913491193612
    vertex -145.6898496916174 20 12.49672029305675
  endloop
endfacet
facet normal 0 1 0
  outer loop
    vertex 110 20 30
    vertex 112.5 20 25.66987298107781
    vertex 107.5 20 25.66987298107783
  endloop
endfacet
facet normal -0 1 0
  outer loop
    vertex -145.6898496916174 20 12.49672029305675
    vertex -141.3470076588446 20 14.99264253416548
    vertex -140.9185700100743 20 9.242173243529404
  endloop
endfacet
facet normal -0 1 0
  outer loop
    vertex -141.3470076588446 20 14.99264253416548
    vertex -137.0350942795262 20 17.50372099681964
    vertex -136.9313409927623 20 12.6444256765614
  endloop
endfacet
facet normal -0 1 0
  outer loop
    vertex -136.9313409927623 20 12.6444256765614
    vertex -132.6706914886149 20 15.02469111223018
    vertex -132.6303876640486 20 10.1985052906934
  endloop
endfacet
facet normal 0 1 0
  outer loop
    vertex -128.4976719994148 20 17.57870689245397
    vertex -132.6706914886149 20 15.02469111223018
    vertex -132.8615350606715 20 19.95355392052731
  endloop
endfacet
facet normal 0 1 0
  outer loop
    vertex -102.3656804711265 20 17.50559969975392
    vertex -106.6890477532463 20 15.02009061051837
    vertex -106.698729810778 20 20.00000000000005
  endloop
endfacet
facet normal 0 1 0
  outer loop
    vertex -80.36792059795938 20 20.79960394032668
    vertex -85.05286077110651 20 17.49879251730195
    vertex -84.9893962347837 20 22.16808086718079
  endloop
endfacet
facet normal -0 1 0
  outer loop
    vertex -80.59910075686068 20 14.77650775919084
    vertex -76.38784067832269 20 17.49999999999961
    vertex -76.22235304117288 20 12.39466325356473
  endloop
endfacet
facet normal -0 1 0
  outer loop
    vertex -76.22235304117288 20 12.39466325356473
    vertex -72.03013238654225 20 14.98244387559369
    vertex -72.07118236681137 20 10.2606713414921
  endloop
endfacet
facet normal -0 1 0
  outer loop
    vertex -59.13123195346584 20 12.58441389565407
    vertex -54.76095390886047 20 14.99783345635877
    vertex -54.91720441547594 20 10.4040937992639
  endloop
endfacet
facet normal 0 1 -0
  outer loop
    vertex -2.627305213720092 20 10.06191119687241
    vertex -2.758541093211278 20 15.01955808180756
    vertex 1.582031730002967 20 12.51357821310982
  endloop
endfacet
facet normal -0 1 0
  outer loop
    vertex 40.23148618456449 20 9.177119325083197
    vertex 44.80596188910874 20 12.3656272853762
    vertex 44.83471292822412 20 7.809284868162671
  endloop
endfacet
facet normal -0 1 0
  outer loop
    vertex 49.1839572037056 20 14.96063115483265
    vertex 53.5245825325768 20 17.47581288657226
    vertex 53.59357328879605 20 12.62187846006704
  endloop
endfacet
facet normal -0 1 0
  outer loop
    vertex 70.76042574781232 20 12.59060957291912
    vertex 75.14155441307511 20 14.99365157319847
    vertex 75.09802953163933 20 9.285693728416934
  endloop
endfacet
facet normal 0 1 0
  outer loop
    vertex 79.49255690773018 20 17.4989419288517
    vertex 75.14155441307511 20 14.99365157319847
    vertex 74.97912389576763 20 20.76076402812456
  endloop
endfacet
facet normal -0 1 0
  outer loop
    vertex 96.73812587890882 20 12.63702217341003
    vertex 101.1364506662479 20 15.01890529647697
    vertex 100.7438700398926 20 9.247917284460264
  endloop
endfacet
facet normal -0 1 0
  outer loop
    vertex 114.2025093042392 20 12.61216960210928
    vertex 118.4786686981734 20 15.01869493366727
    vertex 118.5452287689919 20 10.13398035807954
  endloop
endfacet
facet normal 0 1 -0
  outer loop
    vertex -50.35680185656696 20 12.59357627343016
    vertex -50.40707856478957 20 17.49999999999911
    vertex -46.06857209449697 20 15.01559604557078
  endloop
endfacet
facet normal 0 1 0
  outer loop
    vertex -46.06857209449697 20 15.01559604557078
    vertex -50.40707856478957 20 17.49999999999911
    vertex -46.0769515458673 20 19.99999999999898
  endloop
endfacet
facet normal 0 1 -0
  outer loop
    vertex 44.83471292822412 20 7.809284868162671
    vertex 44.80596188910874 20 12.3656272853762
    vertex 49.51918199493309 20 9.243370221705391
  endloop
endfacet
facet normal 0 1 0
  outer loop
    vertex 127.1309389200421 20 15.0048665587608
    vertex 122.8001692594275 20 17.50375347069823
    vertex 127.052897098592 20 19.86969415889448
  endloop
endfacet
facet normal 0 1 -0
  outer loop
    vertex -15.76633720757235 20 12.52336752180532
    vertex -20.11074187376474 20 15.02089270480643
    vertex -15.70586607617989 20 17.39883333568842
  endloop
endfacet
facet normal 0 1 0
  outer loop
    vertex -15.70586607617989 20 17.39883333568842
    vertex -20.11074187376474 20 15.02089270480643
    vertex -19.89820074623691 20 20.83687195455927
  endloop
endfacet
facet normal 0 1 0
  outer loop
    vertex 36.13279732149655 20 12.61595687576774
    vertex 36.23159954785899 20 17.483909447605
    vertex 40.52116770625085 20 15.01664438722133
  endloop
endfacet
facet normal 0 1 -0
  outer loop
    vertex 14.69553750467261 20 9.284701822373414
    vertex 14.52797390665532 20 14.99563766390837
    vertex 18.87495373796514 20 12.49999999999286
  endloop
endfacet
facet normal 0 1 -0
  outer loop
    vertex -46.01294075685452 20 10.11213275053724
    vertex -46.06857209449697 20 15.01559604557078
    vertex -41.7347594868814 20 12.52128813268383
  endloop
endfacet
facet normal 0 1 -0
  outer loop
    vertex 18.87495373796514 20 12.49999999999286
    vertex 18.87214493590116 20 17.49927294397871
    vertex 23.20461262321021 20 14.99987882398979
  endloop
endfacet
facet normal 0 1 0
  outer loop
    vertex 83.11715786684235 20 4.754330782900453
    vertex 79.99999999999997 20 0
    vertex 77.49999999999994 20 4.330127018922191
  endloop
endfacet
facet normal 0 1 -0
  outer loop
    vertex -33.10255157855302 20 12.47610689239455
    vertex -33.18475761201751 20 17.35257059730857
    vertex -28.77547150557342 20 14.9714462482826
  endloop
endfacet
facet normal 0 1 -0
  outer loop
    vertex -98.03551114671292 20 15.00542442786138
    vertex -98.11069714978089 20 19.87504684530735
    vertex -93.79309408045482 20 17.3532880362329
  endloop
endfacet
facet normal 0 1 0
  outer loop
    vertex 66.50953226354906 20 15.00509640716375
    vertex 62.17761510396795 20 17.50194848703662
    vertex 66.44290579303231 20 19.88996395501221
  endloop
endfacet
facet normal 0 1 -0
  outer loop
    vertex -7.017025407827163 20 12.64077050595169
    vertex -7.091749762702676 20 17.47657798491217
    vertex -2.758541093211278 20 15.01955808180756
  endloop
endfacet
facet normal 0 1 0
  outer loop
    vertex 5.836009510938538 20 19.91493605901019
    vertex 1.665284220137295 20 22.40977744700013
    vertex 5.60045527528851 20 24.56899653019275
  endloop
endfacet
facet normal 0 1 -0
  outer loop
    vertex 31.88187192726778 20 14.9693677560865
    vertex 27.620322762234 20 17.34248005648503
    vertex 32.06562406742373 20 19.93408892958556
  endloop
endfacet
facet normal 0 1 0
  outer loop
    vertex -89.62823687833227 20 9.292813852804716
    vertex -89.4068180647259 20 14.99275510381273
    vertex -85.04809471616717 20 12.49999999999977
  endloop
endfacet
facet normal 0 1 -0
  outer loop
    vertex -67.70974318716567 20 17.4749695736865
    vertex -71.97823421238292 20 19.86737356652801
    vertex -67.59742668021845 20 22.37341705611185
  endloop
endfacet
facet normal -0 1 0
  outer loop
    vertex -63.77069841799023 20 10.48690863745733
    vertex -59.13123195346584 20 12.58441389565407
    vertex -59.74948524932329 20 7.732059383199839
  endloop
endfacet
facet normal 0 1 -0
  outer loop
    vertex -59.13123195346584 20 12.58441389565407
    vertex -59.14592320269406 20 17.40258684250211
    vertex -54.76095390886047 20 14.99783345635877
  endloop
endfacet
facet normal 0 1 0
  outer loop
    vertex -59.74948524932329 20 7.732059383199839
    vertex -59.13123195346584 20 12.58441389565407
    vertex -54.91720441547594 20 10.4040937992639
  endloop
endfacet
facet normal -0 1 0
  outer loop
    vertex -54.76095390886047 20 14.99783345635877
    vertex -50.40707856478957 20 17.49999999999911
    vertex -50.35680185656696 20 12.59357627343016
  endloop
endfacet
facet normal -0 1 0
  outer loop
    vertex -33.10255157855302 20 12.47610689239455
    vertex -28.77547150557342 20 14.9714462482826
    vertex -28.82054605717447 20 10.09218153052403
  endloop
endfacet
facet normal 0 1 -0
  outer loop
    vertex -20.0861612019562 20 10.36383017423619
    vertex -20.11074187376474 20 15.02089270480643
    vertex -15.76633720757235 20 12.52336752180532
  endloop
endfacet
facet normal 0 1 -0
  outer loop
    vertex 1.582031730002967 20 12.51357821310982
    vertex 1.554445662277033 20 17.49999999999509
    vertex 5.889170359153269 20 15.00226303551362
  endloop
endfacet
facet normal -0 1 0
  outer loop
    vertex 18.87495373796514 20 12.49999999999286
    vertex 23.20461262321021 20 14.99987882398979
    vertex 23.20508075688679 20 9.999999999992127
  endloop
endfacet
facet normal -0 1 0
  outer loop
    vertex 36.13279732149655 20 12.61595687576774
    vertex 40.52116770625085 20 15.01664438722133
    vertex 40.23148618456449 20 9.177119325083197
  endloop
endfacet
facet normal 0 1 0
  outer loop
    vertex 53.39859486098842 20 22.39913500436035
    vertex 49.23940439653634 20 19.89424616465364
    vertex 49.44802351350654 20 24.56099216388253
  endloop
endfacet
facet normal 0 1 0
  outer loop
    vertex 92.48709373049849 20 14.99999510150258
    vertex 92.56882606211275 20 19.85846253180867
    vertex 96.83085569078617 20 17.47640960553777
  endloop
endfacet
facet normal 0 1 -0
  outer loop
    vertex -132.6303876640486 20 10.1985052906934
    vertex -132.6706914886149 20 15.02469111223018
    vertex -128.418772370181 20 12.67413230183116
  endloop
endfacet
facet normal 0 1 0
  outer loop
    vertex -80.59910075686068 20 14.77650775919084
    vertex -80.36792059795938 20 20.79960394032668
    vertex -76.38784067832269 20 17.49999999999961
  endloop
endfacet
facet normal 0 1 -0
  outer loop
    vertex 135.9345833792627 20 15.05475477945806
    vertex 135.5230720790634 20 20.66352473025425
    vertex 140.1413732725467 20 17.63663128999539
  endloop
endfacet
facet normal 0 1 -0
  outer loop
    vertex -98.11069714978089 20 19.87504684530735
    vertex -102.4686186403606 20 22.3797527314036
    vertex -97.8181256788838 20 25.18992073622817
  endloop
endfacet
facet normal 0 1 0
  outer loop
    vertex 1.582031730002967 20 12.51357821310982
    vertex -2.758541093211278 20 15.01955808180756
    vertex 1.554445662277033 20 17.49999999999509
  endloop
endfacet
facet normal 0 1 -0
  outer loop
    vertex 66.50953226354906 20 15.00509640716375
    vertex 66.44290579303231 20 19.88996395501221
    vertex 70.76222675697724 20 17.37129986634087
  endloop
endfacet
facet normal 0 1 -0
  outer loop
    vertex 109.8076211353314 20 14.99999999997828
    vertex 105.4081991672084 20 17.38585225112204
    vertex 109.8602276111707 20 20.71014072104138
  endloop
endfacet
facet normal 0 1 0
  outer loop
    vertex -98.03551114671292 20 15.00542442786138
    vertex -102.3656804711265 20 17.50559969975392
    vertex -98.11069714978089 20 19.87504684530735
  endloop
endfacet
facet normal 0 1 0
  outer loop
    vertex -72.03013238654225 20 14.98244387559369
    vertex -71.97823421238292 20 19.86737356652801
    vertex -67.70974318716567 20 17.4749695736865
  endloop
endfacet
facet normal 0 1 0
  outer loop
    vertex -41.7347594868814 20 12.52128813268383
    vertex -46.06857209449697 20 15.01559604557078
    vertex -41.74508604978232 20 17.50313640971448
  endloop
endfacet
facet normal 0 1 0
  outer loop
    vertex 23.20461262321021 20 14.99987882398979
    vertex 18.87214493590116 20 17.49927294397871
    vertex 23.18928155204344 20 19.96771825760894
  endloop
endfacet
facet normal 0 1 0
  outer loop
    vertex -150 20 15
    vertex -150 20 20
    vertex -145.693466450672 20 17.45913491193612
  endloop
endfacet
facet normal 0 1 0
  outer loop
    vertex -150 20 10
    vertex -150 20 15
    vertex -145.6898496916174 20 12.49672029305675
  endloop
endfacet
facet normal 0 1 0
  outer loop
    vertex -150 20 5
    vertex -150 20 10
    vertex -145.7661397747209 20 7.521186846404383
  endloop
endfacet
facet normal 0 1 -0
  outer loop
    vertex -145.7661397747209 20 7.521186846404383
    vertex -150 20 10
    vertex -145.6898496916174 20 12.49672029305675
  endloop
endfacet
facet normal 0 1 -0
  outer loop
    vertex -145.6898496916174 20 12.49672029305675
    vertex -145.693466450672 20 17.45913491193612
    vertex -141.3470076588446 20 14.99264253416548
  endloop
endfacet
facet normal 0 1 0
  outer loop
    vertex -141.3470076588446 20 14.99264253416548
    vertex -145.693466450672 20 17.45913491193612
    vertex -141.4853362832232 20 20.02968344675239
  endloop
endfacet
facet normal 0 1 0
  outer loop
    vertex -145.7661397747209 20 7.521186846404383
    vertex -145.6898496916174 20 12.49672029305675
    vertex -140.9185700100743 20 9.242173243529404
  endloop
endfacet
facet normal 0 1 -0
  outer loop
    vertex -141.3470076588446 20 14.99264253416548
    vertex -141.4853362832232 20 20.02968344675239
    vertex -137.0350942795262 20 17.50372099681964
  endloop
endfacet
facet normal 0 1 0
  outer loop
    vertex -141.3470076588446 20 14.99264253416548
    vertex -136.9313409927623 20 12.6444256765614
    vertex -140.9185700100743 20 9.242173243529404
  endloop
endfacet
facet normal 0 1 0
  outer loop
    vertex -137.0350942795262 20 17.50372099681964
    vertex -141.4853362832232 20 20.02968344675239
    vertex -137.2363513999634 20 22.48324773479962
  endloop
endfacet
facet normal 0 1 -0
  outer loop
    vertex -136.9313409927623 20 12.6444256765614
    vertex -137.0350942795262 20 17.50372099681964
    vertex -132.6706914886149 20 15.02469111223018
  endloop
endfacet
facet normal 0 1 -0
  outer loop
    vertex -137.0350942795262 20 17.50372099681964
    vertex -137.2363513999634 20 22.48324773479962
    vertex -132.8615350606715 20 19.95355392052731
  endloop
endfacet
facet normal 0 1 0
  outer loop
    vertex -128.418772370181 20 12.67413230183116
    vertex -132.6706914886149 20 15.02469111223018
    vertex -128.4976719994148 20 17.57870689245397
  endloop
endfacet
facet normal 0 1 0
  outer loop
    vertex -85.04809471616717 20 12.49999999999977
    vertex -89.4068180647259 20 14.99275510381273
    vertex -85.05286077110651 20 17.49879251730195
  endloop
endfacet
facet normal 0 1 -0
  outer loop
    vertex -85.04809471616717 20 12.49999999999977
    vertex -85.05286077110651 20 17.49879251730195
    vertex -80.59910075686068 20 14.77650775919084
  endloop
endfacet
facet normal 0 1 0
  outer loop
    vertex -67.80637394513199 20 12.64247884513902
    vertex -67.70974318716567 20 17.4749695736865
    vertex -63.40761693011302 20 15.01957473647041
  endloop
endfacet
facet normal 0 1 -0
  outer loop
    vertex -37.41439692181859 20 15.0040707570654
    vertex -37.51250990121073 20 19.96977613923512
    vertex -33.18475761201751 20 17.35257059730857
  endloop
endfacet
facet normal 0 1 -0
  outer loop
    vertex -24.49843928784277 20 12.61152730354541
    vertex -28.77547150557342 20 14.9714462482826
    vertex -24.44150826325304 20 17.5138289253033
  endloop
endfacet
facet normal 0 1 0
  outer loop
    vertex 44.80596188910874 20 12.3656272853762
    vertex 44.89415581359734 20 17.39815964366997
    vertex 49.1839572037056 20 14.96063115483265
  endloop
endfacet
facet normal 0 1 -0
  outer loop
    vertex -106.6192192487373 20 10.14159059396988
    vertex -106.6890477532463 20 15.02009061051837
    vertex -102.3537373552605 20 12.52694686741469
  endloop
endfacet
facet normal 0 1 0
  outer loop
    vertex -102.3537373552605 20 12.52694686741469
    vertex -106.6890477532463 20 15.02009061051837
    vertex -102.3656804711265 20 17.50559969975392
  endloop
endfacet
facet normal 0 1 -0
  outer loop
    vertex -54.76095390886047 20 14.99783345635877
    vertex -54.8372064586078 20 20.71258207138275
    vertex -50.40707856478957 20 17.49999999999911
  endloop
endfacet
facet normal 0 1 -0
  outer loop
    vertex -110.9707644845095 20 12.62054366311018
    vertex -111.0288568297003 20 17.50000000000001
    vertex -106.6890477532463 20 15.02009061051837
  endloop
endfacet
facet normal 0 1 0
  outer loop
    vertex -33.10255157855302 20 12.47610689239455
    vertex -28.82054605717447 20 10.09218153052403
    vertex -33.02014580456888 20 7.581303151314685
  endloop
endfacet
facet normal 0 1 -0
  outer loop
    vertex -11.42594847064453 20 14.98703347624671
    vertex -15.70586607617989 20 17.39883333568842
    vertex -11.36157064114622 20 19.87243443324204
  endloop
endfacet
facet normal 0 1 0
  outer loop
    vertex 101.8723309919004 20 25.24626666959731
    vertex 105 20 30
    vertex 107.5 20 25.66987298107783
  endloop
endfacet
facet normal 0 1 0
  outer loop
    vertex -106.6192192487373 20 10.14159059396988
    vertex -102.3339470914477 20 7.62967874027974
    vertex -107.0784703733957 20 4.817098077251114
  endloop
endfacet
facet normal 0 1 -0
  outer loop
    vertex -102.3537373552605 20 12.52694686741469
    vertex -102.3656804711265 20 17.50559969975392
    vertex -98.03551114671292 20 15.00542442786138
  endloop
endfacet
facet normal 0 1 0
  outer loop
    vertex -28.82054605717447 20 10.09218153052403
    vertex -28.77547150557342 20 14.9714462482826
    vertex -24.49843928784277 20 12.61152730354541
  endloop
endfacet
facet normal 0 1 0
  outer loop
    vertex -132.6706914886149 20 15.02469111223018
    vertex -137.0350942795262 20 17.50372099681964
    vertex -132.8615350606715 20 19.95355392052731
  endloop
endfacet
facet normal 0 1 0
  outer loop
    vertex -115.419718747 20 15.01435268847028
    vertex -115.2889099363117 20 20.75305739371349
    vertex -111.0288568297003 20 17.50000000000001
  endloop
endfacet
facet normal 0 1 0
  outer loop
    vertex -54.76095390886047 20 14.99783345635877
    vertex -50.35680185656696 20 12.59357627343016
    vertex -54.91720441547594 20 10.4040937992639
  endloop
endfacet
facet normal -0 1 0
  outer loop
    vertex 140 20 30
    vertex 145 20 30
    vertex 142.5233760912788 20 25.16994819056548
  endloop
endfacet
facet normal -0 1 0
  outer loop
    vertex 135 20 30
    vertex 140 20 30
    vertex 137.5665687111814 20 25.59992268527741
  endloop
endfacet
facet normal -0 1 0
  outer loop
    vertex 130 20 30
    vertex 135 20 30
    vertex 132.7363998731512 20 25.39656965083433
  endloop
endfacet
facet normal 0 1 0
  outer loop
    vertex 132.7363998731512 20 25.39656965083433
    vertex 135 20 30
    vertex 137.5665687111814 20 25.59992268527741
  endloop
endfacet
facet normal -0 1 0
  outer loop
    vertex 115 20 30
    vertex 120 20 30
    vertex 117.970313202775 20 25.23680024016229
  endloop
endfacet
facet normal -0 1 0
  outer loop
    vertex 110 20 30
    vertex 115 20 30
    vertex 112.5 20 25.66987298107781
  endloop
endfacet
facet normal -0 1 0
  outer loop
    vertex 99.99999999999997 20 30
    vertex 105 20 30
    vertex 101.8723309919004 20 25.24626666959731
  endloop
endfacet
facet normal -0 1 0
  outer loop
    vertex 84.99999999999997 20 30
    vertex 89.99999999999997 20 30
    vertex 87.12714921109909 20 25.41580081507826
  endloop
endfacet
facet normal -0 1 0
  outer loop
    vertex 69.99999999999997 20 30
    vertex 74.99999999999997 20 30
    vertex 72.41522761533813 20 25.57140139157273
  endloop
endfacet
facet normal -0 1 0
  outer loop
    vertex 54.99999999999997 20 30
    vertex 59.99999999999997 20 30
    vertex 57.65129010953046 20 25.51482159804717
  endloop
endfacet
facet normal -0 1 0
  outer loop
    vertex 39.99999999999997 20 30
    vertex 44.99999999999997 20 30
    vertex 42.20931257691737 20 26.43323983899148
  endloop
endfacet
facet normal -0 1 0
  outer loop
    vertex 24.99999999999997 20 30
    vertex 29.99999999999997 20 30
    vertex 27.6174462588454 20 26.60251205706477
  endloop
endfacet
facet normal -0 1 0
  outer loop
    vertex 9.999999999999972 20 30
    vertex 14.99999999999997 20 30
    vertex 12.81478412740813 20 26.43594631486597
  endloop
endfacet
facet normal -0 1 0
  outer loop
    vertex -5.000000000000028 20 30
    vertex -2.842170943040401e-14 20 30
    vertex -2.623581967303863 20 25.51626671304539
  endloop
endfacet
facet normal -0 1 0
  outer loop
    vertex -20.00000000000003 20 30
    vertex -15.00000000000003 20 30
    vertex -17.35479759425829 20 25.53534509262765
  endloop
endfacet
facet normal -0 1 0
  outer loop
    vertex -35.00000000000003 20 30
    vertex -30.00000000000003 20 30
    vertex -32.10275277519563 20 25.52362725549117
  endloop
endfacet
facet normal -0 1 0
  outer loop
    vertex -40.00000000000003 20 30
    vertex -35.00000000000003 20 30
    vertex -37.51265590978112 20 25.18078387412224
  endloop
endfacet
facet normal -0 1 0
  outer loop
    vertex -50.00000000000003 20 30
    vertex -45.00000000000003 20 30
    vertex -46.84363515187388 20 25.24787103485245
  endloop
endfacet
facet normal -0 1 0
  outer loop
    vertex -55.00000000000003 20 30
    vertex -50.00000000000003 20 30
    vertex -52.50000000000001 20 25.66987298107781
  endloop
endfacet
facet normal -0 1 0
  outer loop
    vertex -65.00000000000003 20 30
    vertex -60.00000000000003 20 30
    vertex -62.94140940080571 20 25.23494557505309
  endloop
endfacet
facet normal -0 1 0
  outer loop
    vertex -80.00000000000003 20 30
    vertex -75.00000000000003 20 30
    vertex -77.50000000000003 20 25.66987298107781
  endloop
endfacet
facet normal -0 1 0
  outer loop
    vertex -95.00000000000003 20 30
    vertex -90.00000000000003 20 30
    vertex -92.50000000000003 20 25.66987298107781
  endloop
endfacet
facet normal -0 1 0
  outer loop
    vertex -110 20 30
    vertex -105 20 30
    vertex -107.0981286375445 20 25.23235419178094
  endloop
endfacet
facet normal -0 1 0
  outer loop
    vertex -115 20 30
    vertex -110 20 30
    vertex -112.5603102897659 20 25.60167505130574
  endloop
endfacet
facet normal -0 1 0
  outer loop
    vertex -120 20 30
    vertex -115 20 30
    vertex -117.5 20 25.66987298107781
  endloop
endfacet
facet normal -0 1 0
  outer loop
    vertex -125 20 30
    vertex -120 20 30
    vertex -122.5 20 25.77350269189626
  endloop
endfacet
facet normal -0 1 0
  outer loop
    vertex -122.5 20 25.77350269189626
    vertex -120 20 30
    vertex -117.5 20 25.66987298107781
  endloop
endfacet
facet normal -0 1 0
  outer loop
    vertex -130 20 30
    vertex -125 20 30
    vertex -127.371566866085 20 25.70736757348539
  endloop
endfacet
facet normal -0 1 0
  outer loop
    vertex -135 20 30
    vertex -130 20 30
    vertex -132.6773140080068 20 25.24393310781865
  endloop
endfacet
facet normal 0 1 0
  outer loop
    vertex -132.6773140080068 20 25.24393310781865
    vertex -130 20 30
    vertex -127.371566866085 20 25.70736757348539
  endloop
endfacet
facet normal -0 1 0
  outer loop
    vertex -145 20 30
    vertex -140 20 30
    vertex -142.040871904713 20 25.47151376279604
  endloop
endfacet
facet normal 0 1 0
  outer loop
    vertex -77.6390965273155 20 4.232387605536513
    vertex -82.50000000000004 20 4.225535043541651
    vertex -80.40617488648704 20 9.191457911472213
  endloop
endfacet
facet normal 0 1 0
  outer loop
    vertex -84.9893962347837 20 22.16808086718079
    vertex -85.05286077110651 20 17.49879251730195
    vertex -89.69590174656142 20 20.76713703733317
  endloop
endfacet
facet normal 0 1 0
  outer loop
    vertex -67.70974318716567 20 17.4749695736865
    vertex -67.59742668021845 20 22.37341705611185
    vertex -63.39745962155604 20 19.99999999999923
  endloop
endfacet
facet normal 0 1 -0
  outer loop
    vertex 5.889170359153269 20 15.00226303551362
    vertex 5.836009510938538 20 19.91493605901019
    vertex 10.15804266815027 20 17.40075873551231
  endloop
endfacet
facet normal 0 1 0
  outer loop
    vertex 140 20 0
    vertex 135 20 0
    vertex 136.8623129130041 20 4.761840305385725
  endloop
endfacet
facet normal 0 1 0
  outer loop
    vertex 130 20 0
    vertex 125 20 0
    vertex 127.340626804723 20 4.534990813216403
  endloop
endfacet
facet normal 0 1 0
  outer loop
    vertex 115 20 0
    vertex 110 20 0
    vertex 112.5778287310344 20 4.429464126842937
  endloop
endfacet
facet normal 0 1 0
  outer loop
    vertex 99.99999999999997 20 0
    vertex 94.99999999999997 20 0
    vertex 97.85885795119998 20 4.582784788762364
  endloop
endfacet
facet normal 0 1 0
  outer loop
    vertex 84.99999999999997 20 0
    vertex 79.99999999999997 20 0
    vertex 83.11715786684235 20 4.754330782900453
  endloop
endfacet
facet normal 0 1 0
  outer loop
    vertex 79.99999999999997 20 0
    vertex 74.99999999999997 20 0
    vertex 77.49999999999994 20 4.330127018922191
  endloop
endfacet
facet normal 0 1 0
  outer loop
    vertex 74.99999999999997 20 0
    vertex 69.99999999999997 20 0
    vertex 72.49999999999997 20 4.330127018922191
  endloop
endfacet
facet normal 0 1 0
  outer loop
    vertex 69.99999999999997 20 0
    vertex 64.99999999999997 20 0
    vertex 67.0191156322322 20 4.762530035137967
  endloop
endfacet
facet normal 0 1 -0
  outer loop
    vertex 69.99999999999997 20 0
    vertex 67.0191156322322 20 4.762530035137967
    vertex 72.49999999999997 20 4.330127018922191
  endloop
endfacet
facet normal 0 1 0
  outer loop
    vertex 54.99999999999997 20 0
    vertex 49.99999999999997 20 0
    vertex 52.3211440619115 20 4.563738540496221
  endloop
endfacet
facet normal 0 1 0
  outer loop
    vertex 39.99999999999997 20 0
    vertex 34.99999999999997 20 0
    vertex 37.49999999999997 20 4.330127018922191
  endloop
endfacet
facet normal 0 1 0
  outer loop
    vertex 24.99999999999997 20 0
    vertex 19.99999999999997 20 0
    vertex 22.86226908043119 20 4.770302154502879
  endloop
endfacet
facet normal 0 1 0
  outer loop
    vertex 19.99999999999997 20 0
    vertex 14.99999999999997 20 0
    vertex 17.42302400183658 20 4.405477134682407
  endloop
endfacet
facet normal 0 1 0
  outer loop
    vertex 22.86226908043119 20 4.770302154502879
    vertex 19.99999999999997 20 0
    vertex 17.42302400183658 20 4.405477134682407
  endloop
endfacet
facet normal 0 1 0
  outer loop
    vertex 14.99999999999997 20 0
    vertex 9.999999999999972 20 0
    vertex 12.49999999999997 20 4.330127018922191
  endloop
endfacet
facet normal 0 1 -0
  outer loop
    vertex 14.99999999999997 20 0
    vertex 12.49999999999997 20 4.330127018922191
    vertex 17.42302400183658 20 4.405477134682407
  endloop
endfacet
facet normal 0 1 0
  outer loop
    vertex 9.999999999999972 20 0
    vertex 4.999999999999972 20 0
    vertex 6.777002620496177 20 4.751206705152015
  endloop
endfacet
facet normal 0 1 -0
  outer loop
    vertex 9.999999999999972 20 0
    vertex 6.777002620496177 20 4.751206705152015
    vertex 12.49999999999997 20 4.330127018922191
  endloop
endfacet
facet normal 0 1 0
  outer loop
    vertex -2.842170943040401e-14 20 0
    vertex -5.000000000000028 20 0
    vertex -2.552512881072857 20 4.832606282097654
  endloop
endfacet
facet normal 0 1 0
  outer loop
    vertex -5.000000000000028 20 0
    vertex -10.00000000000003 20 0
    vertex -7.97014925360341 20 4.486459034496445
  endloop
endfacet
facet normal 0 1 -0
  outer loop
    vertex -5.000000000000028 20 0
    vertex -7.97014925360341 20 4.486459034496445
    vertex -2.552512881072857 20 4.832606282097654
  endloop
endfacet
facet normal 0 1 0
  outer loop
    vertex -20.00000000000003 20 0
    vertex -25.00000000000003 20 0
    vertex -22.57525055874808 20 3.985313712630102
  endloop
endfacet
facet normal 0 1 0
  outer loop
    vertex -35.00000000000003 20 0
    vertex -40.00000000000003 20 0
    vertex -37.4442714171588 20 4.542756506004636
  endloop
endfacet
facet normal 0 1 0
  outer loop
    vertex -50.00000000000003 20 0
    vertex -55.00000000000003 20 0
    vertex -52.42191369647168 20 4.077832781894799
  endloop
endfacet
facet normal 0 1 0
  outer loop
    vertex -65.00000000000003 20 0
    vertex -70.00000000000003 20 0
    vertex -67.23831874172194 20 3.971753681316724
  endloop
endfacet
facet normal 0 1 0
  outer loop
    vertex -70.00000000000003 20 0
    vertex -75.00000000000003 20 0
    vertex -72.28792046955742 20 4.968572920188493
  endloop
endfacet
facet normal 0 1 0
  outer loop
    vertex -67.23831874172194 20 3.971753681316724
    vertex -70.00000000000003 20 0
    vertex -72.28792046955742 20 4.968572920188493
  endloop
endfacet
facet normal 0 1 0
  outer loop
    vertex -75.00000000000003 20 0
    vertex -80.00000000000003 20 0
    vertex -77.6390965273155 20 4.232387605536513
  endloop
endfacet
facet normal 0 1 -0
  outer loop
    vertex -75.00000000000003 20 0
    vertex -77.6390965273155 20 4.232387605536513
    vertex -72.28792046955742 20 4.968572920188493
  endloop
endfacet
facet normal 0 1 0
  outer loop
    vertex -80.00000000000003 20 0
    vertex -85.00000000000003 20 0
    vertex -82.50000000000004 20 4.225535043541651
  endloop
endfacet
facet normal 0 1 -0
  outer loop
    vertex -80.00000000000003 20 0
    vertex -82.50000000000004 20 4.225535043541651
    vertex -77.6390965273155 20 4.232387605536513
  endloop
endfacet
facet normal 0 1 0
  outer loop
    vertex -85.00000000000003 20 0
    vertex -90.00000000000003 20 0
    vertex -87.50000000000003 20 4.330127018922191
  endloop
endfacet
facet normal 0 1 0
  outer loop
    vertex -82.50000000000004 20 4.225535043541651
    vertex -85.00000000000003 20 0
    vertex -87.50000000000003 20 4.330127018922191
  endloop
endfacet
facet normal 0 1 0
  outer loop
    vertex -90.00000000000003 20 0
    vertex -95.00000000000003 20 0
    vertex -92.3892049049231 20 4.410838024379096
  endloop
endfacet
facet normal 0 1 -0
  outer loop
    vertex -90.00000000000003 20 0
    vertex -92.3892049049231 20 4.410838024379096
    vertex -87.50000000000003 20 4.330127018922191
  endloop
endfacet
facet normal 0 1 0
  outer loop
    vertex -95.00000000000003 20 0
    vertex -100 20 0
    vertex -97.79352036097643 20 4.775050631873363
  endloop
endfacet
facet normal 0 1 -0
  outer loop
    vertex -95.00000000000003 20 0
    vertex -97.79352036097643 20 4.775050631873363
    vertex -92.3892049049231 20 4.410838024379096
  endloop
endfacet
facet normal 0 1 0
  outer loop
    vertex -110 20 0
    vertex -115 20 0
    vertex -112.4765584134073 20 4.405023567896876
  endloop
endfacet
facet normal 0 1 0
  outer loop
    vertex -125 20 0
    vertex -130 20 0
    vertex -127.2014365863982 20 4.461788894234637
  endloop
endfacet
facet normal 0 1 0
  outer loop
    vertex -130 20 0
    vertex -135 20 0
    vertex -132.5851973030721 20 5.119080392307406
  endloop
endfacet
facet normal 0 1 0
  outer loop
    vertex -127.2014365863982 20 4.461788894234637
    vertex -130 20 0
    vertex -132.5851973030721 20 5.119080392307406
  endloop
endfacet
facet normal 0 1 0
  outer loop
    vertex -135 20 0
    vertex -140 20 0
    vertex -137.9336282735329 20 4.481480624777145
  endloop
endfacet
facet normal 0 1 -0
  outer loop
    vertex -135 20 0
    vertex -137.9336282735329 20 4.481480624777145
    vertex -132.5851973030721 20 5.119080392307406
  endloop
endfacet
facet normal 0 1 -0
  outer loop
    vertex -41.7347594868814 20 12.52128813268383
    vertex -41.74508604978232 20 17.50313640971448
    vertex -37.41439692181859 20 15.0040707570654
  endloop
endfacet
facet normal 0 1 0
  outer loop
    vertex -16.11266270003941 20 7.845601267957303
    vertex -15.76633720757235 20 12.52336752180532
    vertex -11.02529759525956 20 9.29597985635959
  endloop
endfacet
facet normal 0 1 0
  outer loop
    vertex 140 20 30
    vertex 142.5233760912788 20 25.16994819056548
    vertex 137.5665687111814 20 25.59992268527741
  endloop
endfacet
facet normal 0 1 0
  outer loop
    vertex -55.00000000000003 20 30
    vertex -52.50000000000001 20 25.66987298107781
    vertex -57.49999999999997 20 25.66987298107773
  endloop
endfacet
facet normal 0 1 0
  outer loop
    vertex -110 20 30
    vertex -107.0981286375445 20 25.23235419178094
    vertex -112.5603102897659 20 25.60167505130574
  endloop
endfacet
facet normal 0 1 0
  outer loop
    vertex -115 20 30
    vertex -112.5603102897659 20 25.60167505130574
    vertex -117.5 20 25.66987298107781
  endloop
endfacet
facet normal 0 1 0
  outer loop
    vertex -125 20 30
    vertex -122.5 20 25.77350269189626
    vertex -127.371566866085 20 25.70736757348539
  endloop
endfacet
facet normal -0 1 0
  outer loop
    vertex -128.418772370181 20 12.67413230183116
    vertex -124.2189839985253 20 15.26543085940679
    vertex -124.4152566174452 20 9.263136914565461
  endloop
endfacet
facet normal -0 1 0
  outer loop
    vertex -124.4152566174452 20 9.263136914565461
    vertex -119.7884050080508 20 12.42142796232872
    vertex -119.8730177829399 20 7.961704684195595
  endloop
endfacet
facet normal -0 1 0
  outer loop
    vertex -119.7884050080508 20 12.42142796232872
    vertex -115.419718747 20 15.01435268847028
    vertex -115.1549726421206 20 9.233844494550564
  endloop
endfacet
facet normal -0 1 0
  outer loop
    vertex -115.419718747 20 15.01435268847028
    vertex -111.0288568297003 20 17.50000000000001
    vertex -110.9707644845095 20 12.62054366311018
  endloop
endfacet
facet normal -0 1 0
  outer loop
    vertex -110.9707644845095 20 12.62054366311018
    vertex -106.6890477532463 20 15.02009061051837
    vertex -106.6192192487373 20 10.14159059396988
  endloop
endfacet
facet normal -0 1 0
  outer loop
    vertex -106.6192192487373 20 10.14159059396988
    vertex -102.3537373552605 20 12.52694686741469
    vertex -102.3339470914477 20 7.62967874027974
  endloop
endfacet
facet normal 0 1 0
  outer loop
    vertex -98.11069714978089 20 19.87504684530735
    vertex -102.3656804711265 20 17.50559969975392
    vertex -102.4686186403606 20 22.3797527314036
  endloop
endfacet
facet normal -0 1 0
  outer loop
    vertex -98.03551114671292 20 15.00542442786138
    vertex -93.79309408045482 20 17.3532880362329
    vertex -93.79518140538758 20 12.60324258664413
  endloop
endfacet
facet normal -0 1 0
  outer loop
    vertex -93.79518140538758 20 12.60324258664413
    vertex -89.4068180647259 20 14.99275510381273
    vertex -89.62823687833227 20 9.292813852804716
  endloop
endfacet
facet normal -0 1 0
  outer loop
    vertex -72.03013238654225 20 14.98244387559369
    vertex -67.70974318716567 20 17.4749695736865
    vertex -67.80637394513199 20 12.64247884513902
  endloop
endfacet
facet normal 0 1 0
  outer loop
    vertex -67.59742668021845 20 22.37341705611185
    vertex -71.97823421238292 20 19.86737356652801
    vertex -72.21631516595389 20 25.18509639267127
  endloop
endfacet
facet normal -0 1 0
  outer loop
    vertex -67.80637394513199 20 12.64247884513902
    vertex -63.40761693011302 20 15.01957473647041
    vertex -63.77069841799023 20 10.48690863745733
  endloop
endfacet
facet normal -0 1 0
  outer loop
    vertex -50.35680185656696 20 12.59357627343016
    vertex -46.06857209449697 20 15.01559604557078
    vertex -46.01294075685452 20 10.11213275053724
  endloop
endfacet
facet normal -0 1 0
  outer loop
    vertex -46.01294075685452 20 10.11213275053724
    vertex -41.7347594868814 20 12.52128813268383
    vertex -41.82751055241712 20 7.599783158715333
  endloop
endfacet
facet normal 0 1 0
  outer loop
    vertex -37.41439692181859 20 15.0040707570654
    vertex -41.74508604978232 20 17.50313640971448
    vertex -37.51250990121073 20 19.96977613923512
  endloop
endfacet
facet normal 0 1 0
  outer loop
    vertex -37.51250990121073 20 19.96977613923512
    vertex -41.74508604978232 20 17.50313640971448
    vertex -41.89114727244366 20 22.50165858945493
  endloop
endfacet
facet normal -0 1 0
  outer loop
    vertex 5.889170359153269 20 15.00226303551362
    vertex 10.15804266815027 20 17.40075873551231
    vertex 10.17023985776453 20 12.57306724796501
  endloop
endfacet
facet normal 0 1 0
  outer loop
    vertex 31.88187192726778 20 14.9693677560865
    vertex 32.06562406742373 20 19.93408892958556
    vertex 36.23159954785899 20 17.483909447605
  endloop
endfacet
facet normal -0 1 0
  outer loop
    vertex 53.59357328879605 20 12.62187846006704
    vertex 57.86046624871315 20 15.01628189109721
    vertex 57.93790793494819 20 10.15549784502631
  endloop
endfacet
facet normal 0 1 0
  outer loop
    vertex 66.44290579303231 20 19.88996395501221
    vertex 62.17761510396795 20 17.50194848703662
    vertex 62.1873764768184 20 22.42773532950621
  endloop
endfacet
facet normal -0 1 0
  outer loop
    vertex 118.5452287689919 20 10.13398035807954
    vertex 122.8126933789004 20 12.52544588194439
    vertex 122.799092222802 20 7.588945123381432
  endloop
endfacet
facet normal -0 1 0
  outer loop
    vertex -127.371566866085 20 25.70736757348539
    vertex -122.5 20 25.77350269189626
    vertex -124.6525036907992 20 20.97852375366114
  endloop
endfacet
facet normal 0 1 0
  outer loop
    vertex -93.79518140538758 20 12.60324258664413
    vertex -93.79309408045482 20 17.3532880362329
    vertex -89.4068180647259 20 14.99275510381273
  endloop
endfacet
facet normal -0 1 0
  outer loop
    vertex -2.627305213720092 20 10.06191119687241
    vertex 1.582031730002967 20 12.51357821310982
    vertex 1.827020405647374 20 7.505923968381971
  endloop
endfacet
facet normal 0 1 -0
  outer loop
    vertex -80.59910075686068 20 14.77650775919084
    vertex -85.05286077110651 20 17.49879251730195
    vertex -80.36792059795938 20 20.79960394032668
  endloop
endfacet
facet normal 0 1 0
  outer loop
    vertex -54.76095390886047 20 14.99783345635877
    vertex -59.14592320269406 20 17.40258684250211
    vertex -54.8372064586078 20 20.71258207138275
  endloop
endfacet
facet normal 0 1 -0
  outer loop
    vertex -128.418772370181 20 12.67413230183116
    vertex -128.4976719994148 20 17.57870689245397
    vertex -124.2189839985253 20 15.26543085940679
  endloop
endfacet
facet normal 0 1 0
  outer loop
    vertex -124.4152566174452 20 9.263136914565461
    vertex -124.2189839985253 20 15.26543085940679
    vertex -119.7884050080508 20 12.42142796232872
  endloop
endfacet
facet normal 0 1 0
  outer loop
    vertex -119.7884050080508 20 12.42142796232872
    vertex -124.2189839985253 20 15.26543085940679
    vertex -119.9542261173035 20 17.66468816849291
  endloop
endfacet
facet normal 0 1 -0
  outer loop
    vertex -119.7884050080508 20 12.42142796232872
    vertex -119.9542261173035 20 17.66468816849291
    vertex -115.419718747 20 15.01435268847028
  endloop
endfacet
facet normal 0 1 0
  outer loop
    vertex -115.419718747 20 15.01435268847028
    vertex -110.9707644845095 20 12.62054366311018
    vertex -115.1549726421206 20 9.233844494550564
  endloop
endfacet
facet normal 0 1 0
  outer loop
    vertex -63.77069841799023 20 10.48690863745733
    vertex -63.40761693011302 20 15.01957473647041
    vertex -59.13123195346584 20 12.58441389565407
  endloop
endfacet
facet normal -0 1 0
  outer loop
    vertex -11.42594847064453 20 14.98703347624671
    vertex -7.091749762702676 20 17.47657798491217
    vertex -7.017025407827163 20 12.64077050595169
  endloop
endfacet
facet normal 0 1 0
  outer loop
    vertex 23.20461262321021 20 14.99987882398979
    vertex 27.54931558460035 20 12.47372648007327
    vertex 23.20508075688679 20 9.999999999992127
  endloop
endfacet
facet normal 0 1 -0
  outer loop
    vertex -72.03013238654225 20 14.98244387559369
    vertex -76.38784067832269 20 17.49999999999961
    vertex -71.97823421238292 20 19.86737356652801
  endloop
endfacet
facet normal 0 1 0
  outer loop
    vertex -59.13123195346584 20 12.58441389565407
    vertex -63.40761693011302 20 15.01957473647041
    vertex -59.14592320269406 20 17.40258684250211
  endloop
endfacet
facet normal 0 1 0
  outer loop
    vertex 31.88187192726778 20 14.9693677560865
    vertex 36.13279732149655 20 12.61595687576774
    vertex 31.78855456631206 20 10.13358586047596
  endloop
endfacet
facet normal 0 1 0
  outer loop
    vertex -35.00000000000003 20 30
    vertex -32.10275277519563 20 25.52362725549117
    vertex -37.51265590978112 20 25.18078387412224
  endloop
endfacet
facet normal 0 1 0
  outer loop
    vertex -50.00000000000003 20 30
    vertex -46.84363515187388 20 25.24787103485245
    vertex -52.50000000000001 20 25.66987298107781
  endloop
endfacet
facet normal 0 1 0
  outer loop
    vertex -102.4686186403606 20 22.3797527314036
    vertex -102.3656804711265 20 17.50559969975392
    vertex -106.698729810778 20 20.00000000000005
  endloop
endfacet
facet normal 0 1 0
  outer loop
    vertex -24.49843928784277 20 12.61152730354541
    vertex -24.44150826325304 20 17.5138289253033
    vertex -20.11074187376474 20 15.02089270480643
  endloop
endfacet
facet normal 0 1 0
  outer loop
    vertex -7.091749762702676 20 17.47657798491217
    vertex -11.36157064114622 20 19.87243443324204
    vertex -7.131419853714448 20 22.42026444367866
  endloop
endfacet
facet normal 0 1 -0
  outer loop
    vertex -115.419718747 20 15.01435268847028
    vertex -119.9542261173035 20 17.66468816849291
    vertex -115.2889099363117 20 20.75305739371349
  endloop
endfacet
facet normal 0 1 -0
  outer loop
    vertex 14.52797390665532 20 14.99563766390837
    vertex 10.15804266815027 20 17.40075873551231
    vertex 14.59379497001086 20 19.60050887984616
  endloop
endfacet
facet normal 0 1 -0
  outer loop
    vertex 83.82616317260735 20 14.99982365479354
    vertex 79.49255690773018 20 17.4989419288517
    vertex 84.2212157885979 20 20.77276732702781
  endloop
endfacet
facet normal 0 1 0
  outer loop
    vertex 122.8126933789004 20 12.52544588194439
    vertex 118.4786686981734 20 15.01869493366727
    vertex 122.8001692594275 20 17.50375347069823
  endloop
endfacet
facet normal 0 1 -0
  outer loop
    vertex -63.40761693011302 20 15.01957473647041
    vertex -67.70974318716567 20 17.4749695736865
    vertex -63.39745962155604 20 19.99999999999923
  endloop
endfacet
facet normal 0 1 0
  outer loop
    vertex 75.14155441307511 20 14.99365157319847
    vertex 70.76222675697724 20 17.37129986634087
    vertex 74.97912389576763 20 20.76076402812456
  endloop
endfacet
facet normal -0 1 0
  outer loop
    vertex 105 20 30
    vertex 110 20 30
    vertex 107.5 20 25.66987298107783
  endloop
endfacet
facet normal 0 1 0
  outer loop
    vertex -119.8730177829399 20 7.961704684195595
    vertex -119.7884050080508 20 12.42142796232872
    vertex -115.1549726421206 20 9.233844494550564
  endloop
endfacet
facet normal 0 1 -0
  outer loop
    vertex -76.22235304117288 20 12.39466325356473
    vertex -76.38784067832269 20 17.49999999999961
    vertex -72.03013238654225 20 14.98244387559369
  endloop
endfacet
facet normal 0 1 0
  outer loop
    vertex 5.889170359153269 20 15.00226303551362
    vertex 1.554445662277033 20 17.49999999999509
    vertex 5.836009510938538 20 19.91493605901019
  endloop
endfacet
facet normal 0 1 0
  outer loop
    vertex 27.54931558460035 20 12.47372648007327
    vertex 31.78855456631206 20 10.13358586047596
    vertex 27.46175913049331 20 7.618505077921423
  endloop
endfacet
facet normal -0 1 0
  outer loop
    vertex -37.41439692181859 20 15.0040707570654
    vertex -33.18475761201751 20 17.35257059730857
    vertex -33.10255157855302 20 12.47610689239455
  endloop
endfacet
facet normal -0 1 0
  outer loop
    vertex -24.49843928784277 20 12.61152730354541
    vertex -20.11074187376474 20 15.02089270480643
    vertex -20.0861612019562 20 10.36383017423619
  endloop
endfacet
facet normal -0 1 0
  outer loop
    vertex -20.0861612019562 20 10.36383017423619
    vertex -15.76633720757235 20 12.52336752180532
    vertex -16.11266270003941 20 7.845601267957303
  endloop
endfacet
facet normal -0 1 0
  outer loop
    vertex 10.17023985776453 20 12.57306724796501
    vertex 14.52797390665532 20 14.99563766390837
    vertex 14.69553750467261 20 9.284701822373414
  endloop
endfacet
facet normal -0 1 0
  outer loop
    vertex 23.20461262321021 20 14.99987882398979
    vertex 27.620322762234 20 17.34248005648503
    vertex 27.54931558460035 20 12.47372648007327
  endloop
endfacet
facet normal 0 1 -0
  outer loop
    vertex 74.99999999999997 20 0
    vertex 72.49999999999997 20 4.330127018922191
    vertex 77.49999999999994 20 4.330127018922191
  endloop
endfacet
facet normal 0 1 -0
  outer loop
    vertex -2.758541093211278 20 15.01955808180756
    vertex -7.091749762702676 20 17.47657798491217
    vertex -2.730927132419652 20 20.05707411173984
  endloop
endfacet
facet normal 0 1 0
  outer loop
    vertex -72.03013238654225 20 14.98244387559369
    vertex -67.80637394513199 20 12.64247884513902
    vertex -72.07118236681137 20 10.2606713414921
  endloop
endfacet
facet normal 0 1 0
  outer loop
    vertex -98.03551114671292 20 15.00542442786138
    vertex -93.79518140538758 20 12.60324258664413
    vertex -98.07657688697171 20 10.13351438497403
  endloop
endfacet
facet normal -0 1 0
  outer loop
    vertex -33.02014580456888 20 7.581303151314685
    vertex -28.82054605717447 20 10.09218153052403
    vertex -28.29492569201028 20 4.810317185296348
  endloop
endfacet
facet normal 0 1 0
  outer loop
    vertex -15.76633720757235 20 12.52336752180532
    vertex -15.70586607617989 20 17.39883333568842
    vertex -11.42594847064453 20 14.98703347624671
  endloop
endfacet
facet normal 0 1 0
  outer loop
    vertex -11.42594847064453 20 14.98703347624671
    vertex -11.36157064114622 20 19.87243443324204
    vertex -7.091749762702676 20 17.47657798491217
  endloop
endfacet
facet normal 0 1 0
  outer loop
    vertex 115 20 30
    vertex 117.970313202775 20 25.23680024016229
    vertex 112.5 20 25.66987298107781
  endloop
endfacet
facet normal -0 1 0
  outer loop
    vertex -102.3537373552605 20 12.52694686741469
    vertex -98.03551114671292 20 15.00542442786138
    vertex -98.07657688697171 20 10.13351438497403
  endloop
endfacet
facet normal 0 1 0
  outer loop
    vertex 5.836009510938538 20 19.91493605901019
    vertex 1.554445662277033 20 17.49999999999509
    vertex 1.665284220137295 20 22.40977744700013
  endloop
endfacet
facet normal -0 1 0
  outer loop
    vertex 27.54931558460035 20 12.47372648007327
    vertex 31.88187192726778 20 14.9693677560865
    vertex 31.78855456631206 20 10.13358586047596
  endloop
endfacet
facet normal -0 1 0
  outer loop
    vertex 88.15687006585463 20 12.49997060911643
    vertex 92.48709373049849 20 14.99999510150258
    vertex 92.3925245621954 20 10.16378603624552
  endloop
endfacet
facet normal -0 1 0
  outer loop
    vertex 127.1309389200421 20 15.0048665587608
    vertex 131.3701242542213 20 17.34735094026081
    vertex 131.4440358521592 20 12.47536958315739
  endloop
endfacet
facet normal -0 1 0
  outer loop
    vertex 131.4440358521592 20 12.47536958315739
    vertex 135.9345833792627 20 15.05475477945806
    vertex 136.2644671150451 20 10.20237234989521
  endloop
endfacet
facet normal 0 1 0
  outer loop
    vertex 96.73812587890882 20 12.63702217341003
    vertex 96.83085569078617 20 17.47640960553777
    vertex 101.1364506662479 20 15.01890529647697
  endloop
endfacet
facet normal 0 1 -0
  outer loop
    vertex 79.49673200287612 20 12.49999999998247
    vertex 79.49255690773018 20 17.4989419288517
    vertex 83.82616317260735 20 14.99982365479354
  endloop
endfacet
facet normal 0 1 -0
  outer loop
    vertex -102.3339470914477 20 7.62967874027974
    vertex -102.3537373552605 20 12.52694686741469
    vertex -98.07657688697171 20 10.13351438497403
  endloop
endfacet
facet normal 0 1 -0
  outer loop
    vertex 10.17023985776453 20 12.57306724796501
    vertex 10.15804266815027 20 17.40075873551231
    vertex 14.52797390665532 20 14.99563766390837
  endloop
endfacet
facet normal 0 1 0
  outer loop
    vertex 53.5245825325768 20 17.47581288657226
    vertex 49.23940439653634 20 19.89424616465364
    vertex 53.39859486098842 20 22.39913500436035
  endloop
endfacet
facet normal 0 1 0
  outer loop
    vertex -7.131419853714448 20 22.42026444367866
    vertex -11.36157064114622 20 19.87243443324204
    vertex -11.96254932050689 20 25.1904416125651
  endloop
endfacet
facet normal 0 1 -0
  outer loop
    vertex 36.23159954785899 20 17.483909447605
    vertex 32.06562406742373 20 19.93408892958556
    vertex 36.40189324821696 20 22.19336624689755
  endloop
endfacet
facet normal 0 1 -0
  outer loop
    vertex 101.1364506662479 20 15.01890529647697
    vertex 96.83085569078617 20 17.47640960553777
    vertex 101.1960994542439 20 19.95028001251333
  endloop
endfacet
facet normal 0 1 -0
  outer loop
    vertex 62.19392065504232 20 12.52862995601046
    vertex 62.17761510396795 20 17.50194848703662
    vertex 66.50953226354906 20 15.00509640716375
  endloop
endfacet
facet normal 0 1 -0
  outer loop
    vertex 23.20461262321021 20 14.99987882398979
    vertex 23.18928155204344 20 19.96771825760894
    vertex 27.620322762234 20 17.34248005648503
  endloop
endfacet
facet normal -0 1 0
  outer loop
    vertex -7.017025407827163 20 12.64077050595169
    vertex -2.758541093211278 20 15.01955808180756
    vertex -2.627305213720092 20 10.06191119687241
  endloop
endfacet
facet normal 0 1 -0
  outer loop
    vertex 44.80596188910874 20 12.3656272853762
    vertex 40.52116770625085 20 15.01664438722133
    vertex 44.89415581359734 20 17.39815964366997
  endloop
endfacet
facet normal 0 1 0
  outer loop
    vertex 49.1839572037056 20 14.96063115483265
    vertex 49.23940439653634 20 19.89424616465364
    vertex 53.5245825325768 20 17.47581288657226
  endloop
endfacet
facet normal 0 1 -0
  outer loop
    vertex 53.59357328879605 20 12.62187846006704
    vertex 53.5245825325768 20 17.47581288657226
    vertex 57.86046624871315 20 15.01628189109721
  endloop
endfacet
facet normal 0 1 0
  outer loop
    vertex 131.4440358521592 20 12.47536958315739
    vertex 136.2644671150451 20 10.20237234989521
    vertex 131.7904031961682 20 7.545268459175642
  endloop
endfacet
facet normal 0 1 0
  outer loop
    vertex 75.09802953163933 20 9.285693728416934
    vertex 75.14155441307511 20 14.99365157319847
    vertex 79.49673200287612 20 12.49999999998247
  endloop
endfacet
facet normal 0 1 0
  outer loop
    vertex 79.49673200287612 20 12.49999999998247
    vertex 75.14155441307511 20 14.99365157319847
    vertex 79.49255690773018 20 17.4989419288517
  endloop
endfacet
facet normal 0 1 -0
  outer loop
    vertex 127.1309389200421 20 15.0048665587608
    vertex 127.052897098592 20 19.86969415889448
    vertex 131.3701242542213 20 17.34735094026081
  endloop
endfacet
facet normal 0 1 0
  outer loop
    vertex -59.14592320269406 20 17.40258684250211
    vertex -63.40761693011302 20 15.01957473647041
    vertex -63.39745962155604 20 19.99999999999923
  endloop
endfacet
facet normal 0 1 0
  outer loop
    vertex 70.76042574781232 20 12.59060957291912
    vertex 70.76222675697724 20 17.37129986634087
    vertex 75.14155441307511 20 14.99365157319847
  endloop
endfacet
facet normal 0 1 0
  outer loop
    vertex 83.82616317260735 20 14.99982365479354
    vertex 84.2212157885979 20 20.77276732702781
    vertex 88.15698604072111 20 17.49999999998111
  endloop
endfacet
facet normal -0 1 0
  outer loop
    vertex 83.82616317260735 20 14.99982365479354
    vertex 88.15698604072111 20 17.49999999998111
    vertex 88.15687006585463 20 12.49997060911643
  endloop
endfacet
facet normal 0 1 0
  outer loop
    vertex 105.4081991672084 20 17.38585225112204
    vertex 101.1364506662479 20 15.01890529647697
    vertex 101.1960994542439 20 19.95028001251333
  endloop
endfacet
facet normal 0 1 0
  outer loop
    vertex -11.42594847064453 20 14.98703347624671
    vertex -7.017025407827163 20 12.64077050595169
    vertex -11.02529759525956 20 9.29597985635959
  endloop
endfacet
facet normal 0 1 0
  outer loop
    vertex 40.23148618456449 20 9.177119325083197
    vertex 40.52116770625085 20 15.01664438722133
    vertex 44.80596188910874 20 12.3656272853762
  endloop
endfacet
facet normal 0 1 0
  outer loop
    vertex 57.93790793494819 20 10.15549784502631
    vertex 62.33389867943242 20 7.631163316526539
    vertex 57.72397342654801 20 4.855078354871338
  endloop
endfacet
facet normal -0 1 0
  outer loop
    vertex 57.93790793494819 20 10.15549784502631
    vertex 62.19392065504232 20 12.52862995601046
    vertex 62.33389867943242 20 7.631163316526539
  endloop
endfacet
facet normal 0 1 -0
  outer loop
    vertex 96.83085569078617 20 17.47640960553777
    vertex 92.56882606211275 20 19.85846253180867
    vertex 97.0677488169886 20 22.36945467770051
  endloop
endfacet
facet normal 0 1 -0
  outer loop
    vertex 114.2025093042392 20 12.61216960210928
    vertex 114.1377481542537 20 17.49999999997824
    vertex 118.4786686981734 20 15.01869493366727
  endloop
endfacet
facet normal 0 1 -0
  outer loop
    vertex 118.5452287689919 20 10.13398035807954
    vertex 118.4786686981734 20 15.01869493366727
    vertex 122.8126933789004 20 12.52544588194439
  endloop
endfacet
facet normal 0 1 0
  outer loop
    vertex 97.0677488169886 20 22.36945467770051
    vertex 92.56882606211275 20 19.85846253180867
    vertex 92.50575172424024 20 25.03458705349407
  endloop
endfacet
facet normal 0 1 -0
  outer loop
    vertex 66.44290579303231 20 19.88996395501221
    vertex 62.1873764768184 20 22.42773532950621
    vertex 66.9995349196472 20 25.1973596355688
  endloop
endfacet
facet normal -0 1 0
  outer loop
    vertex 44.80596188910874 20 12.3656272853762
    vertex 49.1839572037056 20 14.96063115483265
    vertex 49.51918199493309 20 9.243370221705391
  endloop
endfacet
facet normal 0 1 0
  outer loop
    vertex 105.4084252016036 20 12.37780376347508
    vertex 101.1364506662479 20 15.01890529647697
    vertex 105.4081991672084 20 17.38585225112204
  endloop
endfacet
facet normal 0 1 0
  outer loop
    vertex 36.23159954785899 20 17.483909447605
    vertex 36.40189324821696 20 22.19336624689755
    vertex 40.47323883588615 20 19.59705841723576
  endloop
endfacet
facet normal 0 1 -0
  outer loop
    vertex 127.052897098592 20 19.86969415889448
    vertex 122.6532306574982 20 22.37849903043377
    vertex 127.2777734868948 20 25.14500772528856
  endloop
endfacet
facet normal 0 1 0
  outer loop
    vertex -37.41439692181859 20 15.0040707570654
    vertex -33.10255157855302 20 12.47610689239455
    vertex -37.42393929356633 20 9.954218099696405
  endloop
endfacet
facet normal 0 1 0
  outer loop
    vertex 100.7438700398926 20 9.247917284460264
    vertex 101.1364506662479 20 15.01890529647697
    vertex 105.4084252016036 20 12.37780376347508
  endloop
endfacet
facet normal 0 1 0
  outer loop
    vertex 122.8001692594275 20 17.50375347069823
    vertex 118.4786686981734 20 15.01869493366727
    vertex 118.4678751731752 20 19.99999999997871
  endloop
endfacet
facet normal 0 1 0
  outer loop
    vertex 49.1839572037056 20 14.96063115483265
    vertex 53.59357328879605 20 12.62187846006704
    vertex 49.51918199493309 20 9.243370221705391
  endloop
endfacet
facet normal 0 1 0
  outer loop
    vertex -41.82751055241712 20 7.599783158715333
    vertex -41.7347594868814 20 12.52128813268383
    vertex -37.42393929356633 20 9.954218099696405
  endloop
endfacet
facet normal 0 1 0
  outer loop
    vertex 79.7121807509441 20 22.02884144298807
    vertex 79.49255690773018 20 17.4989419288517
    vertex 74.97912389576763 20 20.76076402812456
  endloop
endfacet
facet normal 0 1 0
  outer loop
    vertex 88.15687006585463 20 12.49997060911643
    vertex 92.3925245621954 20 10.16378603624552
    vertex 87.91342076272159 20 7.630032689787992
  endloop
endfacet
facet normal -0 1 0
  outer loop
    vertex -41.7347594868814 20 12.52128813268383
    vertex -37.41439692181859 20 15.0040707570654
    vertex -37.42393929356633 20 9.954218099696405
  endloop
endfacet
facet normal 0 1 0
  outer loop
    vertex 1.554445662277033 20 17.49999999999509
    vertex -2.758541093211278 20 15.01955808180756
    vertex -2.730927132419652 20 20.05707411173984
  endloop
endfacet
facet normal 0 1 0
  outer loop
    vertex 118.4786686981734 20 15.01869493366727
    vertex 114.1377481542537 20 17.49999999997824
    vertex 118.4678751731752 20 19.99999999997871
  endloop
endfacet
facet normal 0 1 0
  outer loop
    vertex 27.54931558460035 20 12.47372648007327
    vertex 27.46175913049331 20 7.618505077921423
    vertex 23.20508075688679 20 9.999999999992127
  endloop
endfacet
facet normal 0 1 0
  outer loop
    vertex 1.665284220137295 20 22.40977744700013
    vertex 1.554445662277033 20 17.49999999999509
    vertex -2.730927132419652 20 20.05707411173984
  endloop
endfacet
facet normal 0 1 0
  outer loop
    vertex 118.5452287689919 20 10.13398035807954
    vertex 122.799092222802 20 7.588945123381432
    vertex 117.9926378252848 20 4.809237272593641
  endloop
endfacet
facet normal 0 1 0
  outer loop
    vertex 96.83085569078617 20 17.47640960553777
    vertex 97.0677488169886 20 22.36945467770051
    vertex 101.1960994542439 20 19.95028001251333
  endloop
endfacet
facet normal 0 1 0
  outer loop
    vertex 131.4440358521592 20 12.47536958315739
    vertex 131.7904031961682 20 7.545268459175642
    vertex 127.2196317291325 20 9.945814403272678
  endloop
endfacet
facet normal -0 1 0
  outer loop
    vertex 122.8126933789004 20 12.52544588194439
    vertex 127.1309389200421 20 15.0048665587608
    vertex 127.2196317291325 20 9.945814403272678
  endloop
endfacet
facet normal 0 1 0
  outer loop
    vertex 88.15687006585463 20 12.49997060911643
    vertex 87.91342076272159 20 7.630032689787992
    vertex 83.78953211129578 20 10.02868303494397
  endloop
endfacet
facet normal -0 1 0
  outer loop
    vertex 79.49673200287612 20 12.49999999998247
    vertex 83.82616317260735 20 14.99982365479354
    vertex 83.78953211129578 20 10.02868303494397
  endloop
endfacet
facet normal 0 1 0
  outer loop
    vertex 127.1309389200421 20 15.0048665587608
    vertex 131.4440358521592 20 12.47536958315739
    vertex 127.2196317291325 20 9.945814403272678
  endloop
endfacet
facet normal 0 1 0
  outer loop
    vertex 83.82616317260735 20 14.99982365479354
    vertex 88.15687006585463 20 12.49997060911643
    vertex 83.78953211129578 20 10.02868303494397
  endloop
endfacet
facet normal 0 1 -0
  outer loop
    vertex 14.59379497001086 20 19.60050887984616
    vertex 10.49615261652045 20 22.57269108697544
    vertex 14.813911767397 20 23.45802850883529
  endloop
endfacet
facet normal 0 1 0
  outer loop
    vertex 145.6698729810778 20 12.5
    vertex 150 20 10
    vertex 145.8238178078277 20 7.392759749948677
  endloop
endfacet
facet normal 0 1 0
  outer loop
    vertex 44.55421141216323 20 22.56046243784366
    vertex 40.47323883588615 20 19.59705841723576
    vertex 40.23860626636028 20 23.43444274821167
  endloop
endfacet
facet normal 0 1 0
  outer loop
    vertex 150 20 10
    vertex 150 20 5
    vertex 145.8238178078277 20 7.392759749948677
  endloop
endfacet
facet normal 0 1 0
  outer loop
    vertex 142.5233760912788 20 25.16994819056548
    vertex 145.9495035491588 20 22.26821316734873
    vertex 142.938086226833 20 20.18606507154676
  endloop
endfacet
facet normal -0 1 0
  outer loop
    vertex 29.99999999999997 20 30
    vertex 34.99999999999997 20 30
    vertex 32.37816122962315 20 25.26720892841514
  endloop
endfacet
facet normal -0 1 0
  outer loop
    vertex 127.2777734868948 20 25.14500772528856
    vertex 132.7363998731512 20 25.39656965083433
    vertex 130.7920533583845 20 21.68442944110648
  endloop
endfacet
facet normal -0 1 0
  outer loop
    vertex 19.99999999999997 20 30
    vertex 24.99999999999997 20 30
    vertex 22.68788249059136 20 25.55670372616308
  endloop
endfacet
facet normal -0 1 0
  outer loop
    vertex 139.7533686064448 20 21.80573119580011
    vertex 142.5233760912788 20 25.16994819056548
    vertex 142.938086226833 20 20.18606507154676
  endloop
endfacet
facet normal 0 1 0
  outer loop
    vertex 57.72397342654801 20 4.855078354871338
    vertex 52.3211440619115 20 4.563738540496221
    vertex 54.21915614142736 20 8.287912684433259
  endloop
endfacet
facet normal -0 1 0
  outer loop
    vertex 27.6174462588454 20 26.60251205706477
    vertex 29.99999999999997 20 30
    vertex 32.37816122962315 20 25.26720892841514
  endloop
endfacet
facet normal 0 1 0
  outer loop
    vertex -60.00000000000003 20 0
    vertex -65.00000000000003 20 0
    vertex -62.41960053731709 20 3.677142297541401
  endloop
endfacet
facet normal 0 1 0
  outer loop
    vertex -127.2014365863982 20 4.461788894234637
    vertex -132.5851973030721 20 5.119080392307406
    vertex -128.9854970459064 20 8.33711980139411
  endloop
endfacet
facet normal -0 1 0
  outer loop
    vertex -37.4442714171588 20 4.542756506004636
    vertex -33.02014580456888 20 7.581303151314685
    vertex -32.64286617621636 20 3.380455243383107
  endloop
endfacet
facet normal 0 1 0
  outer loop
    vertex 24.99999999999997 20 30
    vertex 27.6174462588454 20 26.60251205706477
    vertex 22.68788249059136 20 25.55670372616308
  endloop
endfacet
facet normal 0 1 -0
  outer loop
    vertex 59.99999999999997 20 0
    vertex 57.72397342654801 20 4.855078354871338
    vertex 62.43956967688749 20 3.418487976080513
  endloop
endfacet
facet normal 0 1 0
  outer loop
    vertex -10.00000000000003 20 0
    vertex -15.00000000000003 20 0
    vertex -12.93468492481711 20 4.193634910404011
  endloop
endfacet
facet normal 0 1 0
  outer loop
    vertex -54.91720441547594 20 10.4040937992639
    vertex -50.5270555956026 20 8.070683449833993
    vertex -55.42308353433431 20 6.453055602714532
  endloop
endfacet
facet normal 0 1 0
  outer loop
    vertex 10.49615261652045 20 22.57269108697544
    vertex 12.81478412740813 20 26.43594631486597
    vertex 14.813911767397 20 23.45802850883529
  endloop
endfacet
facet normal 0 1 0
  outer loop
    vertex 42.20931257691737 20 26.43323983899148
    vertex 44.55421141216323 20 22.56046243784366
    vertex 40.23860626636028 20 23.43444274821167
  endloop
endfacet
facet normal 0 1 0
  outer loop
    vertex -141.4853362832232 20 20.02968344675239
    vertex -145.693466450672 20 17.45913491193612
    vertex -145.8936740139889 20 22.34662152565717
  endloop
endfacet
facet normal 0 1 0
  outer loop
    vertex -140 20 0
    vertex -145 20 0
    vertex -142.5440031848052 20 4.161625432834882
  endloop
endfacet
facet normal 0 1 0
  outer loop
    vertex 150 20 25
    vertex 150 20 20
    vertex 145.9495035491588 20 22.26821316734873
  endloop
endfacet
facet normal 0 1 0
  outer loop
    vertex -150 20 20
    vertex -150 20 25
    vertex -145.8936740139889 20 22.34662152565717
  endloop
endfacet
facet normal 0 1 0
  outer loop
    vertex 125 20 30
    vertex 127.2777734868948 20 25.14500772528856
    vertex 122.5573310495954 20 26.58311423166618
  endloop
endfacet
facet normal 0 1 0
  outer loop
    vertex -37.51265590978112 20 25.18078387412224
    vertex -41.89114727244366 20 22.50165858945493
    vertex -42.50000000000004 20 26.62884844711855
  endloop
endfacet
facet normal 0 1 -0
  outer loop
    vertex 140 20 0
    vertex 136.8623129130041 20 4.761840305385725
    vertex 142.5 20 4.01073885425188
  endloop
endfacet
facet normal -0 1 0
  outer loop
    vertex -30.00000000000003 20 30
    vertex -25.00000000000003 20 30
    vertex -27.3019752984203 20 25.76747023229734
  endloop
endfacet
facet normal -0 1 0
  outer loop
    vertex 79.99999999999997 20 30
    vertex 84.99999999999997 20 30
    vertex 82.34087708877817 20 25.7466121744858
  endloop
endfacet
facet normal 0 1 0
  outer loop
    vertex 105 20 0
    vertex 99.99999999999997 20 0
    vertex 102.6457261857335 20 4.252325474821767
  endloop
endfacet
facet normal 0 1 0
  outer loop
    vertex -12.93468492481711 20 4.193634910404011
    vertex -15.00000000000003 20 0
    vertex -17.50000000000003 20 3.533769303610701
  endloop
endfacet
facet normal 0 1 -0
  outer loop
    vertex -65.00000000000003 20 0
    vertex -67.23831874172194 20 3.971753681316724
    vertex -62.41960053731709 20 3.677142297541401
  endloop
endfacet
facet normal 0 1 0
  outer loop
    vertex -120 20 0
    vertex -125 20 0
    vertex -122.4171534007043 20 4.23538113700841
  endloop
endfacet
facet normal 0 1 0
  outer loop
    vertex -72.21631516595389 20 25.18509639267127
    vertex -70.00000000000003 20 30
    vertex -67.51859702966314 20 26.62512258035608
  endloop
endfacet
facet normal 0 1 0
  outer loop
    vertex 49.99999999999997 20 0
    vertex 44.99999999999997 20 0
    vertex 47.5920747061036 20 4.183302604690418
  endloop
endfacet
facet normal 0 1 -0
  outer loop
    vertex 97.0677488169886 20 22.36945467770051
    vertex 92.50575172424024 20 25.03458705349407
    vertex 97.28916630662582 20 26.53006168015838
  endloop
endfacet
facet normal 0 1 -0
  outer loop
    vertex -60.00000000000003 20 0
    vertex -62.41960053731709 20 3.677142297541401
    vertex -57.50000000000001 20 3.497102099151533
  endloop
endfacet
facet normal -0 1 0
  outer loop
    vertex -85.00000000000003 20 30
    vertex -80.00000000000003 20 30
    vertex -82.26431321748582 20 25.86975691005921
  endloop
endfacet
facet normal 0 1 0
  outer loop
    vertex 87.91342076272159 20 7.630032689787992
    vertex 92.48711305963954 20 4.999999999979792
    vertex 87.70353833784068 20 3.476872694533654
  endloop
endfacet
facet normal -0 1 0
  outer loop
    vertex -90.00000000000003 20 30
    vertex -85.00000000000003 20 30
    vertex -87.68907371502037 20 25.84479809437704
  endloop
endfacet
facet normal 0 1 0
  outer loop
    vertex 44.89415581359734 20 17.39815964366997
    vertex 40.47323883588615 20 19.59705841723576
    vertex 44.55421141216323 20 22.56046243784366
  endloop
endfacet
facet normal 0 1 0
  outer loop
    vertex 49.44802351350654 20 24.56099216388253
    vertex 49.23940439653634 20 19.89424616465364
    vertex 44.55421141216323 20 22.56046243784366
  endloop
endfacet
facet normal -0 1 0
  outer loop
    vertex -2.552512881072857 20 4.832606282097654
    vertex 1.827020405647374 20 7.505923968381971
    vertex 2.499999999999943 20 3.392938200369812
  endloop
endfacet
facet normal 0 1 0
  outer loop
    vertex -7.97014925360341 20 4.486459034496445
    vertex -10.00000000000003 20 0
    vertex -12.93468492481711 20 4.193634910404011
  endloop
endfacet
facet normal 0 1 0
  outer loop
    vertex 44.99999999999997 20 0
    vertex 39.99999999999997 20 0
    vertex 42.26278432365527 20 4.1445048611468
  endloop
endfacet
facet normal 0 1 -0
  outer loop
    vertex 5.836009510938538 20 19.91493605901019
    vertex 5.60045527528851 20 24.56899653019275
    vertex 10.49615261652045 20 22.57269108697544
  endloop
endfacet
facet normal 0 1 0
  outer loop
    vertex 14.59379497001086 20 19.60050887984616
    vertex 10.15804266815027 20 17.40075873551231
    vertex 10.49615261652045 20 22.57269108697544
  endloop
endfacet
facet normal 0 1 0
  outer loop
    vertex -124.6525036907992 20 20.97852375366114
    vertex -122.5 20 25.77350269189626
    vertex -119.9791279488829 20 22.16792899776832
  endloop
endfacet
facet normal 0 1 0
  outer loop
    vertex -115.2889099363117 20 20.75305739371349
    vertex -119.9542261173035 20 17.66468816849291
    vertex -119.9791279488829 20 22.16792899776832
  endloop
endfacet
facet normal 0 1 0
  outer loop
    vertex -80.40617488648704 20 9.191457911472213
    vertex -82.50000000000004 20 4.225535043541651
    vertex -85.01178664014095 20 7.943619742551828
  endloop
endfacet
facet normal -0 1 0
  outer loop
    vertex -24.36941979416176 20 8.077898172234054
    vertex -20.0861612019562 20 10.36383017423619
    vertex -19.73743112691511 20 6.527349424922825
  endloop
endfacet
facet normal 0 1 0
  outer loop
    vertex -92.3892049049231 20 4.410838024379096
    vertex -97.79352036097643 20 4.775050631873363
    vertex -94.33654408731822 20 8.24309189613507
  endloop
endfacet
facet normal 0 1 0
  outer loop
    vertex -115 20 0
    vertex -120 20 0
    vertex -117.3297577519277 20 4.219980111576085
  endloop
endfacet
facet normal 0 1 -0
  outer loop
    vertex -50.40707856478957 20 17.49999999999911
    vertex -54.8372064586078 20 20.71258207138275
    vertex -50.09502493457869 20 21.90766106194373
  endloop
endfacet
facet normal 0 1 0
  outer loop
    vertex -46.01294075685452 20 10.11213275053724
    vertex -46.59581040042804 20 4.824070861065195
    vertex -50.5270555956026 20 8.070683449833993
  endloop
endfacet
facet normal -0 1 0
  outer loop
    vertex -54.91720441547594 20 10.4040937992639
    vertex -50.35680185656696 20 12.59357627343016
    vertex -50.5270555956026 20 8.070683449833993
  endloop
endfacet
facet normal 0 1 0
  outer loop
    vertex -100 20 30
    vertex -97.8181256788838 20 25.18992073622817
    vertex -102.494006297209 20 26.63815462500278
  endloop
endfacet
facet normal 0 1 0
  outer loop
    vertex 19.99999999999997 20 30
    vertex 22.68788249059136 20 25.55670372616308
    vertex 17.48214944843969 20 26.47420628816346
  endloop
endfacet
facet normal 0 1 0
  outer loop
    vertex 109.8602276111707 20 20.71014072104138
    vertex 105.4081991672084 20 17.38585225112204
    vertex 105.1548024599304 20 21.8541585694089
  endloop
endfacet
facet normal -0 1 0
  outer loop
    vertex 75.09802953163933 20 9.285693728416934
    vertex 79.49673200287612 20 12.49999999998247
    vertex 79.8231515130887 20 8.121493439732944
  endloop
endfacet
facet normal 0 1 0
  outer loop
    vertex 145.2662082327672 20 17.28121204060293
    vertex 140.1413732725467 20 17.63663128999539
    vertex 142.938086226833 20 20.18606507154676
  endloop
endfacet
facet normal 0 1 0
  outer loop
    vertex 150 20 20
    vertex 145.2662082327672 20 17.28121204060293
    vertex 145.9495035491588 20 22.26821316734873
  endloop
endfacet
facet normal 0 1 0
  outer loop
    vertex -145.693466450672 20 17.45913491193612
    vertex -150 20 20
    vertex -145.8936740139889 20 22.34662152565717
  endloop
endfacet
facet normal 0 1 0
  outer loop
    vertex -137.9336282735329 20 4.481480624777145
    vertex -140 20 0
    vertex -142.5440031848052 20 4.161625432834882
  endloop
endfacet
facet normal 0 1 0
  outer loop
    vertex -24.49843928784277 20 12.61152730354541
    vertex -20.0861612019562 20 10.36383017423619
    vertex -24.36941979416176 20 8.077898172234054
  endloop
endfacet
facet normal 0 1 -0
  outer loop
    vertex -28.29492569201028 20 4.810317185296348
    vertex -28.82054605717447 20 10.09218153052403
    vertex -24.36941979416176 20 8.077898172234054
  endloop
endfacet
facet normal 0 1 0
  outer loop
    vertex 110 20 0
    vertex 105 20 0
    vertex 107.839607047183 20 4.14547413738088
  endloop
endfacet
facet normal -0 1 0
  outer loop
    vertex 74.99999999999997 20 30
    vertex 79.99999999999997 20 30
    vertex 77.14879203136724 20 25.85302928803166
  endloop
endfacet
facet normal 0 1 0
  outer loop
    vertex -50.5270555956026 20 8.070683449833993
    vertex -52.42191369647168 20 4.077832781894799
    vertex -55.42308353433431 20 6.453055602714532
  endloop
endfacet
facet normal 0 1 0
  outer loop
    vertex -16.11266270003941 20 7.845601267957303
    vertex -12.93468492481711 20 4.193634910404011
    vertex -17.50000000000003 20 3.533769303610701
  endloop
endfacet
facet normal 0 1 0
  outer loop
    vertex 32.37816122962315 20 25.26720892841514
    vertex 34.99999999999997 20 30
    vertex 37.55437525861777 20 26.38808680008992
  endloop
endfacet
facet normal -0 1 0
  outer loop
    vertex 127.340626804723 20 4.534990813216403
    vertex 131.7904031961682 20 7.545268459175642
    vertex 132.5 20 3.405682005486192
  endloop
endfacet
facet normal -0 1 0
  outer loop
    vertex -25.00000000000003 20 30
    vertex -20.00000000000003 20 30
    vertex -22.0353760916567 20 25.92332348147644
  endloop
endfacet
facet normal 0 1 -0
  outer loop
    vertex -15.70586607617989 20 17.39883333568842
    vertex -19.89820074623691 20 20.83687195455927
    vertex -15.25659687566562 20 21.7667852857365
  endloop
endfacet
facet normal 0 1 0
  outer loop
    vertex -11.96254932050689 20 25.1904416125651
    vertex -11.36157064114622 20 19.87243443324204
    vertex -15.25659687566562 20 21.7667852857365
  endloop
endfacet
facet normal 0 1 0
  outer loop
    vertex 74.97912389576763 20 20.76076402812456
    vertex 70.76222675697724 20 17.37129986634087
    vertex 70.31980379615251 20 21.75815777532383
  endloop
endfacet
facet normal 0 1 0
  outer loop
    vertex 66.44290579303231 20 19.88996395501221
    vertex 66.9995349196472 20 25.1973596355688
    vertex 70.31980379615251 20 21.75815777532383
  endloop
endfacet
facet normal 0 1 0
  outer loop
    vertex 70.76042574781232 20 12.59060957291912
    vertex 75.09802953163933 20 9.285693728416934
    vertex 70.37678437155853 20 8.193792071076089
  endloop
endfacet
facet normal 0 1 0
  outer loop
    vertex -41.82751055241712 20 7.599783158715333
    vertex -37.4442714171588 20 4.542756506004636
    vertex -42.27944259971696 20 3.422521563068571
  endloop
endfacet
facet normal 0 1 -0
  outer loop
    vertex 114.1377481542537 20 17.49999999997824
    vertex 109.8602276111707 20 20.71014072104138
    vertex 114.5872328282749 20 21.82336278844769
  endloop
endfacet
facet normal -0 1 0
  outer loop
    vertex 109.9841099870563 20 9.216990580361536
    vertex 114.2025093042392 20 12.61216960210928
    vertex 114.6604629233214 20 8.240368387997385
  endloop
endfacet
facet normal 0 1 0
  outer loop
    vertex 118.5452287689919 20 10.13398035807954
    vertex 117.9926378252848 20 4.809237272593641
    vertex 114.6604629233214 20 8.240368387997385
  endloop
endfacet
facet normal 0 1 0
  outer loop
    vertex -54.8372064586078 20 20.71258207138275
    vertex -59.14592320269406 20 17.40258684250211
    vertex -59.56439973673271 20 21.80399749400298
  endloop
endfacet
facet normal 0 1 -0
  outer loop
    vertex -20.00000000000003 20 0
    vertex -22.57525055874808 20 3.985313712630102
    vertex -17.50000000000003 20 3.533769303610701
  endloop
endfacet
facet normal -0 1 0
  outer loop
    vertex -62.41960053731709 20 3.677142297541401
    vertex -59.74948524932329 20 7.732059383199839
    vertex -57.50000000000001 20 3.497102099151533
  endloop
endfacet
facet normal 0 1 0
  outer loop
    vertex 97.85885795119998 20 4.582784788762364
    vertex 92.48711305963954 20 4.999999999979792
    vertex 96.04409829836729 20 8.326302056571592
  endloop
endfacet
facet normal 0 1 -0
  outer loop
    vertex -111.0288568297003 20 17.50000000000001
    vertex -115.2889099363117 20 20.75305739371349
    vertex -110.6195678601776 20 21.79109070980926
  endloop
endfacet
facet normal -0 1 0
  outer loop
    vertex -115.1549726421206 20 9.233844494550564
    vertex -110.9707644845095 20 12.62054366311018
    vertex -110.459997032434 20 8.243620079355722
  endloop
endfacet
facet normal 0 1 0
  outer loop
    vertex -106.6192192487373 20 10.14159059396988
    vertex -107.0784703733957 20 4.817098077251114
    vertex -110.459997032434 20 8.243620079355722
  endloop
endfacet
facet normal 0 1 0
  outer loop
    vertex 10.17023985776453 20 12.57306724796501
    vertex 14.69553750467261 20 9.284701822373414
    vertex 10.01013285492655 20 8.094244796880311
  endloop
endfacet
facet normal 0 1 0
  outer loop
    vertex 145 20 0
    vertex 140 20 0
    vertex 142.5 20 4.01073885425188
  endloop
endfacet
facet normal 0 1 0
  outer loop
    vertex -32.10275277519563 20 25.52362725549117
    vertex -30.00000000000003 20 30
    vertex -27.3019752984203 20 25.76747023229734
  endloop
endfacet
facet normal 0 1 0
  outer loop
    vertex -52.42191369647168 20 4.077832781894799
    vertex -55.00000000000003 20 0
    vertex -57.50000000000001 20 3.497102099151533
  endloop
endfacet
facet normal -0 1 0
  outer loop
    vertex 14.69553750467261 20 9.284701822373414
    vertex 18.87495373796514 20 12.49999999999286
    vertex 19.29559503032368 20 8.228572090120476
  endloop
endfacet
facet normal 0 1 -0
  outer loop
    vertex 32.14530195582495 20 4.808299711537114
    vertex 31.78855456631206 20 10.13358586047596
    vertex 35.55962800563961 20 8.213017758357239
  endloop
endfacet
facet normal 0 1 0
  outer loop
    vertex 36.13279732149655 20 12.61595687576774
    vertex 40.23148618456449 20 9.177119325083197
    vertex 35.55962800563961 20 8.213017758357239
  endloop
endfacet
facet normal 0 1 0
  outer loop
    vertex 22.68788249059136 20 25.55670372616308
    vertex 18.68267767460583 20 22.20678997432542
    vertex 17.48214944843969 20 26.47420628816346
  endloop
endfacet
facet normal 0 1 0
  outer loop
    vertex 141.1878699517254 20 8.592888896443291
    vertex 145.8238178078277 20 7.392759749948677
    vertex 142.5 20 4.01073885425188
  endloop
endfacet
facet normal 0 1 0
  outer loop
    vertex 12.81478412740813 20 26.43594631486597
    vertex 14.99999999999997 20 30
    vertex 17.48214944843969 20 26.47420628816346
  endloop
endfacet
facet normal 0 1 0
  outer loop
    vertex -89.69590174656142 20 20.76713703733317
    vertex -93.79309408045482 20 17.3532880362329
    vertex -94.38356373113619 20 21.77105312723588
  endloop
endfacet
facet normal 0 1 0
  outer loop
    vertex -93.79518140538758 20 12.60324258664413
    vertex -89.62823687833227 20 9.292813852804716
    vertex -94.33654408731822 20 8.24309189613507
  endloop
endfacet
facet normal 0 1 0
  outer loop
    vertex -98.11069714978089 20 19.87504684530735
    vertex -97.8181256788838 20 25.18992073622817
    vertex -94.38356373113619 20 21.77105312723588
  endloop
endfacet
facet normal 0 1 -0
  outer loop
    vertex 36.40189324821696 20 22.19336624689755
    vertex 32.37816122962315 20 25.26720892841514
    vertex 37.55437525861777 20 26.38808680008992
  endloop
endfacet
facet normal 0 1 0
  outer loop
    vertex 39.99999999999997 20 30
    vertex 42.20931257691737 20 26.43323983899148
    vertex 37.55437525861777 20 26.38808680008992
  endloop
endfacet
facet normal 0 1 0
  outer loop
    vertex 87.12714921109909 20 25.41580081507826
    vertex 92.50575172424024 20 25.03458705349407
    vertex 88.91598576535418 20 21.71632354547798
  endloop
endfacet
facet normal 0 1 0
  outer loop
    vertex -72.21631516595389 20 25.18509639267127
    vertex -71.97823421238292 20 19.86737356652801
    vertex -75.93854526907575 20 21.72179752357646
  endloop
endfacet
facet normal 0 1 -0
  outer loop
    vertex -76.38784067832269 20 17.49999999999961
    vertex -80.36792059795938 20 20.79960394032668
    vertex -75.93854526907575 20 21.72179752357646
  endloop
endfacet
facet normal 0 1 0
  outer loop
    vertex 22.86226908043119 20 4.770302154502879
    vertex 17.42302400183658 20 4.405477134682407
    vertex 19.29559503032368 20 8.228572090120476
  endloop
endfacet
facet normal 0 1 0
  outer loop
    vertex 135.5230720790634 20 20.66352473025425
    vertex 131.3701242542213 20 17.34735094026081
    vertex 130.7920533583845 20 21.68442944110648
  endloop
endfacet
facet normal 0 1 0
  outer loop
    vertex 127.052897098592 20 19.86969415889448
    vertex 127.2777734868948 20 25.14500772528856
    vertex 130.7920533583845 20 21.68442944110648
  endloop
endfacet
facet normal -0 1 0
  outer loop
    vertex 49.51918199493309 20 9.243370221705391
    vertex 53.59357328879605 20 12.62187846006704
    vertex 54.21915614142736 20 8.287912684433259
  endloop
endfacet
facet normal 0 1 0
  outer loop
    vertex 57.93790793494819 20 10.15549784502631
    vertex 57.72397342654801 20 4.855078354871338
    vertex 54.21915614142736 20 8.287912684433259
  endloop
endfacet
facet normal 0 1 -0
  outer loop
    vertex 130 20 0
    vertex 127.340626804723 20 4.534990813216403
    vertex 132.5 20 3.405682005486192
  endloop
endfacet
facet normal 0 1 0
  outer loop
    vertex 136.8623129130041 20 4.761840305385725
    vertex 135 20 0
    vertex 132.5 20 3.405682005486192
  endloop
endfacet
facet normal 0 1 0
  outer loop
    vertex 6.777002620496177 20 4.751206705152015
    vertex 4.999999999999972 20 0
    vertex 2.499999999999943 20 3.392938200369812
  endloop
endfacet
facet normal 0 1 -0
  outer loop
    vertex -2.842170943040401e-14 20 0
    vertex -2.552512881072857 20 4.832606282097654
    vertex 2.499999999999943 20 3.392938200369812
  endloop
endfacet
facet normal 0 1 0
  outer loop
    vertex 84.99999999999997 20 30
    vertex 87.12714921109909 20 25.41580081507826
    vertex 82.34087708877817 20 25.7466121744858
  endloop
endfacet
facet normal 0 1 0
  outer loop
    vertex 32.14530195582495 20 4.808299711537114
    vertex 29.99999999999997 20 0
    vertex 27.49999999999997 20 3.333415972493871
  endloop
endfacet
facet normal 0 1 0
  outer loop
    vertex -128.418772370181 20 12.67413230183116
    vertex -124.4152566174452 20 9.263136914565461
    vertex -128.9854970459064 20 8.33711980139411
  endloop
endfacet
facet normal 0 1 0
  outer loop
    vertex -40.00000000000003 20 30
    vertex -37.51265590978112 20 25.18078387412224
    vertex -42.50000000000004 20 26.62884844711855
  endloop
endfacet
facet normal 0 1 0
  outer loop
    vertex -46.84363515187388 20 25.24787103485245
    vertex -45.00000000000003 20 30
    vertex -42.50000000000004 20 26.62884844711855
  endloop
endfacet
facet normal 0 1 0
  outer loop
    vertex -72.28792046955742 20 4.968572920188493
    vertex -77.6390965273155 20 4.232387605536513
    vertex -75.72534545826885 20 8.209550606450808
  endloop
endfacet
facet normal 0 1 0
  outer loop
    vertex 99.99999999999997 20 30
    vertex 101.8723309919004 20 25.24626666959731
    vertex 97.28916630662582 20 26.53006168015838
  endloop
endfacet
facet normal 0 1 -0
  outer loop
    vertex 84.99999999999997 20 0
    vertex 83.11715786684235 20 4.754330782900453
    vertex 87.70353833784068 20 3.476872694533654
  endloop
endfacet
facet normal 0 1 0
  outer loop
    vertex 96.73812587890882 20 12.63702217341003
    vertex 100.7438700398926 20 9.247917284460264
    vertex 96.04409829836729 20 8.326302056571592
  endloop
endfacet
facet normal 0 1 -0
  outer loop
    vertex 92.48711305963954 20 4.999999999979792
    vertex 92.3925245621954 20 10.16378603624552
    vertex 96.04409829836729 20 8.326302056571592
  endloop
endfacet
facet normal 0 1 -0
  outer loop
    vertex 88.15698604072111 20 17.49999999998111
    vertex 84.2212157885979 20 20.77276732702781
    vertex 88.91598576535418 20 21.71632354547798
  endloop
endfacet
facet normal 0 1 0
  outer loop
    vertex 92.50575172424024 20 25.03458705349407
    vertex 92.56882606211275 20 19.85846253180867
    vertex 88.91598576535418 20 21.71632354547798
  endloop
endfacet
facet normal 0 1 0
  outer loop
    vertex -142.040871904713 20 25.47151376279604
    vertex -140 20 30
    vertex -137.5 20 26.65063509461097
  endloop
endfacet
facet normal 0 1 0
  outer loop
    vertex -135 20 30
    vertex -132.6773140080068 20 25.24393310781865
    vertex -137.5 20 26.65063509461097
  endloop
endfacet
facet normal 0 1 -0
  outer loop
    vertex 99.99999999999997 20 0
    vertex 97.85885795119998 20 4.582784788762364
    vertex 102.6457261857335 20 4.252325474821767
  endloop
endfacet
facet normal 0 1 0
  outer loop
    vertex -5.000000000000028 20 30
    vertex -2.623581967303863 20 25.51626671304539
    vertex -7.442970199819626 20 26.64504186869988
  endloop
endfacet
facet normal 0 1 0
  outer loop
    vertex 57.65129010953046 20 25.51482159804717
    vertex 59.99999999999997 20 30
    vertex 62.49999999999994 20 26.65967793697055
  endloop
endfacet
facet normal 0 1 0
  outer loop
    vertex 67.0191156322322 20 4.762530035137967
    vertex 64.99999999999997 20 0
    vertex 62.43956967688749 20 3.418487976080513
  endloop
endfacet
facet normal 0 1 0
  outer loop
    vertex 117.970313202775 20 25.23680024016229
    vertex 120 20 30
    vertex 122.5573310495954 20 26.58311423166618
  endloop
endfacet
facet normal 0 1 0
  outer loop
    vertex 127.340626804723 20 4.534990813216403
    vertex 125 20 0
    vertex 122.5 20 3.339253687088057
  endloop
endfacet
facet normal 0 1 0
  outer loop
    vertex -29.19666812884327 20 20.71540864546796
    vertex -33.18475761201751 20 17.35257059730857
    vertex -33.81052959518343 20 21.71790284096242
  endloop
endfacet
facet normal 0 1 0
  outer loop
    vertex -65.00000000000003 20 30
    vertex -62.94140940080571 20 25.23494557505309
    vertex -67.51859702966314 20 26.62512258035608
  endloop
endfacet
facet normal 0 1 0
  outer loop
    vertex -97.79352036097643 20 4.775050631873363
    vertex -100 20 0
    vertex -102.4846906406612 20 3.363087311108018
  endloop
endfacet
facet normal 0 1 0
  outer loop
    vertex -107.0981286375445 20 25.23235419178094
    vertex -105 20 30
    vertex -102.494006297209 20 26.63815462500278
  endloop
endfacet
facet normal 0 1 -0
  outer loop
    vertex 24.99999999999997 20 0
    vertex 22.86226908043119 20 4.770302154502879
    vertex 27.49999999999997 20 3.333415972493871
  endloop
endfacet
facet normal -0 1 0
  outer loop
    vertex -140.9185700100743 20 9.242173243529404
    vertex -136.9313409927623 20 12.6444256765614
    vertex -136.1998248486981 20 8.337133045573751
  endloop
endfacet
facet normal -0 1 0
  outer loop
    vertex -11.02529759525956 20 9.29597985635959
    vertex -7.017025407827163 20 12.64077050595169
    vertex -6.414146904029025 20 8.321079840171418
  endloop
endfacet
facet normal 0 1 -0
  outer loop
    vertex 5.60045527528851 20 24.56899653019275
    vertex 4.999999999999972 20 30
    vertex 8.782278403843407 20 26.71552678640683
  endloop
endfacet
facet normal 0 1 0
  outer loop
    vertex -67.80637394513199 20 12.64247884513902
    vertex -63.77069841799023 20 10.48690863745733
    vertex -68.24573519457088 20 8.397459621555825
  endloop
endfacet
facet normal 0 1 -0
  outer loop
    vertex 27.620322762234 20 17.34248005648503
    vertex 23.18928155204344 20 19.96771825760894
    vertex 27.940068691226 20 21.81058485091494
  endloop
endfacet
facet normal 0 1 0
  outer loop
    vertex 49.99999999999997 20 30
    vertex 49.44802351350654 20 24.56099216388253
    vertex 46.24230950051739 20 26.71093888814353
  endloop
endfacet
facet normal -0 1 0
  outer loop
    vertex -132.6773140080068 20 25.24393310781865
    vertex -127.371566866085 20 25.70736757348539
    vertex -129.1337357275297 20 21.88977539870888
  endloop
endfacet
facet normal 0 1 0
  outer loop
    vertex -112.5603102897659 20 25.60167505130574
    vertex -107.0981286375445 20 25.23235419178094
    vertex -110.6195678601776 20 21.79109070980926
  endloop
endfacet
facet normal -0 1 0
  outer loop
    vertex 145 20 30
    vertex 150 20 30
    vertex 146.3397459621556 20 26.33974596215561
  endloop
endfacet
facet normal 0 1 0
  outer loop
    vertex 150 20 30
    vertex 150 20 25
    vertex 146.3397459621556 20 26.33974596215561
  endloop
endfacet
facet normal 0 1 0
  outer loop
    vertex -150 20 0
    vertex -150 20 5
    vertex -146.3397459621556 20 3.660254037844386
  endloop
endfacet
facet normal 0 1 0
  outer loop
    vertex -150 20 25
    vertex -150 20 30
    vertex -146.3397459621556 20 26.33974596215561
  endloop
endfacet
facet normal 0 1 0
  outer loop
    vertex -145 20 0
    vertex -150 20 0
    vertex -146.3397459621556 20 3.660254037844386
  endloop
endfacet
facet normal -0 1 0
  outer loop
    vertex -150 20 30
    vertex -145 20 30
    vertex -146.3397459621556 20 26.33974596215561
  endloop
endfacet
facet normal -0 1 0
  outer loop
    vertex 4.999999999999972 20 30
    vertex 9.999999999999972 20 30
    vertex 8.782278403843407 20 26.71552678640683
  endloop
endfacet
facet normal -0 1 0
  outer loop
    vertex 44.99999999999997 20 30
    vertex 49.99999999999997 20 30
    vertex 46.24230950051739 20 26.71093888814353
  endloop
endfacet
facet normal -0 1 0
  outer loop
    vertex -62.94140940080571 20 25.23494557505309
    vertex -57.49999999999997 20 25.66987298107773
    vertex -59.56439973673271 20 21.80399749400298
  endloop
endfacet
facet normal -0 1 0
  outer loop
    vertex -89.62823687833227 20 9.292813852804716
    vertex -85.04809471616717 20 12.49999999999977
    vertex -85.01178664014095 20 7.943619742551828
  endloop
endfacet
facet normal 0 1 -0
  outer loop
    vertex -125 20 0
    vertex -127.2014365863982 20 4.461788894234637
    vertex -122.4171534007043 20 4.23538113700841
  endloop
endfacet
facet normal 0 1 -0
  outer loop
    vertex -35.00000000000003 20 0
    vertex -37.4442714171588 20 4.542756506004636
    vertex -32.64286617621636 20 3.380455243383107
  endloop
endfacet
facet normal 0 1 0
  outer loop
    vertex 112.5 20 25.66987298107781
    vertex 117.970313202775 20 25.23680024016229
    vertex 114.5872328282749 20 21.82336278844769
  endloop
endfacet
facet normal 0 1 0
  outer loop
    vertex 150 20 5
    vertex 150 20 0
    vertex 146.3647730912987 20 3.635226908701213
  endloop
endfacet
facet normal 0 1 0
  outer loop
    vertex 150 20 0
    vertex 145 20 0
    vertex 146.3647730912987 20 3.635226908701213
  endloop
endfacet
facet normal 0 1 0
  outer loop
    vertex 72.49999999999997 20 4.330127018922191
    vertex 67.0191156322322 20 4.762530035137967
    vertex 70.37678437155853 20 8.193792071076089
  endloop
endfacet
facet normal -0 1 0
  outer loop
    vertex 57.72397342654801 20 4.855078354871338
    vertex 62.33389867943242 20 7.631163316526539
    vertex 62.43956967688749 20 3.418487976080513
  endloop
endfacet
facet normal 0 1 -0
  outer loop
    vertex -105 20 0
    vertex -107.0784703733957 20 4.817098077251114
    vertex -102.4846906406612 20 3.363087311108018
  endloop
endfacet
facet normal 0 1 0
  outer loop
    vertex 52.3211440619115 20 4.563738540496221
    vertex 49.99999999999997 20 0
    vertex 47.5920747061036 20 4.183302604690418
  endloop
endfacet
facet normal 0 1 0
  outer loop
    vertex 127.2777734868948 20 25.14500772528856
    vertex 122.6532306574982 20 22.37849903043377
    vertex 122.5573310495954 20 26.58311423166618
  endloop
endfacet
facet normal 0 1 -0
  outer loop
    vertex -22.57525055874808 20 3.985313712630102
    vertex -24.36941979416176 20 8.077898172234054
    vertex -19.73743112691511 20 6.527349424922825
  endloop
endfacet
facet normal 0 1 0
  outer loop
    vertex 140.1413732725467 20 17.63663128999539
    vertex 135.5230720790634 20 20.66352473025425
    vertex 139.7533686064448 20 21.80573119580011
  endloop
endfacet
facet normal 0 1 0
  outer loop
    vertex -80.00000000000003 20 30
    vertex -77.50000000000003 20 25.66987298107781
    vertex -82.26431321748582 20 25.86975691005921
  endloop
endfacet
facet normal 0 1 -0
  outer loop
    vertex -67.59742668021845 20 22.37341705611185
    vertex -72.21631516595389 20 25.18509639267127
    vertex -67.51859702966314 20 26.62512258035608
  endloop
endfacet
facet normal -0 1 0
  outer loop
    vertex -80.40617488648704 20 9.191457911472213
    vertex -76.22235304117288 20 12.39466325356473
    vertex -75.72534545826885 20 8.209550606450808
  endloop
endfacet
facet normal 0 1 0
  outer loop
    vertex -92.50000000000003 20 25.66987298107781
    vertex -90.00000000000003 20 30
    vertex -87.68907371502037 20 25.84479809437704
  endloop
endfacet
facet normal 0 1 0
  outer loop
    vertex -37.4442714171588 20 4.542756506004636
    vertex -40.00000000000003 20 0
    vertex -42.27944259971696 20 3.422521563068571
  endloop
endfacet
facet normal 0 1 -0
  outer loop
    vertex 1.665284220137295 20 22.40977744700013
    vertex -2.623581967303863 20 25.51626671304539
    vertex 1.92843150562436 20 26.49900813804765
  endloop
endfacet
facet normal 0 1 0
  outer loop
    vertex 83.11715786684235 20 4.754330782900453
    vertex 77.49999999999994 20 4.330127018922191
    vertex 79.8231515130887 20 8.121493439732944
  endloop
endfacet
facet normal 0 1 0
  outer loop
    vertex 49.23940439653634 20 19.89424616465364
    vertex 44.89415581359734 20 17.39815964366997
    vertex 44.55421141216323 20 22.56046243784366
  endloop
endfacet
facet normal -0 1 0
  outer loop
    vertex 5.996242786659451 20 10.04540724843947
    vertex 10.17023985776453 20 12.57306724796501
    vertex 10.01013285492655 20 8.094244796880311
  endloop
endfacet
facet normal -0 1 0
  outer loop
    vertex 101.8723309919004 20 25.24626666959731
    vertex 107.5 20 25.66987298107783
    vertex 105.1548024599304 20 21.8541585694089
  endloop
endfacet
facet normal 0 1 -0
  outer loop
    vertex 39.99999999999997 20 0
    vertex 37.49999999999997 20 4.330127018922191
    vertex 42.26278432365527 20 4.1445048611468
  endloop
endfacet
facet normal 0 1 -0
  outer loop
    vertex 10.15804266815027 20 17.40075873551231
    vertex 5.836009510938538 20 19.91493605901019
    vertex 10.49615261652045 20 22.57269108697544
  endloop
endfacet
facet normal 0 1 0
  outer loop
    vertex -52.50000000000001 20 25.66987298107781
    vertex -46.84363515187388 20 25.24787103485245
    vertex -50.09502493457869 20 21.90766106194373
  endloop
endfacet
facet normal 0 1 0
  outer loop
    vertex -97.8181256788838 20 25.18992073622817
    vertex -102.4686186403606 20 22.3797527314036
    vertex -102.494006297209 20 26.63815462500278
  endloop
endfacet
facet normal 0 1 -0
  outer loop
    vertex 120 20 0
    vertex 117.9926378252848 20 4.809237272593641
    vertex 122.5 20 3.339253687088057
  endloop
endfacet
facet normal 0 1 0
  outer loop
    vertex -122.5 20 25.77350269189626
    vertex -117.5 20 25.66987298107781
    vertex -119.9791279488829 20 22.16792899776832
  endloop
endfacet
facet normal 0 1 0
  outer loop
    vertex 12.49999999999997 20 4.330127018922191
    vertex 6.777002620496177 20 4.751206705152015
    vertex 10.01013285492655 20 8.094244796880311
  endloop
endfacet
facet normal 0 1 0
  outer loop
    vertex 137.5665687111814 20 25.59992268527741
    vertex 142.5233760912788 20 25.16994819056548
    vertex 139.7533686064448 20 21.80573119580011
  endloop
endfacet
facet normal 0 1 0
  outer loop
    vertex -82.50000000000004 20 4.225535043541651
    vertex -87.50000000000003 20 4.330127018922191
    vertex -85.01178664014095 20 7.943619742551828
  endloop
endfacet
facet normal 0 1 0
  outer loop
    vertex 64.99999999999997 20 30
    vertex 66.9995349196472 20 25.1973596355688
    vertex 62.49999999999994 20 26.65967793697055
  endloop
endfacet
facet normal 0 1 0
  outer loop
    vertex -112.4765584134073 20 4.405023567896876
    vertex -115 20 0
    vertex -117.3297577519277 20 4.219980111576085
  endloop
endfacet
facet normal 0 1 0
  outer loop
    vertex -46.0769515458673 20 19.99999999999898
    vertex -50.40707856478957 20 17.49999999999911
    vertex -50.09502493457869 20 21.90766106194373
  endloop
endfacet
facet normal 0 1 0
  outer loop
    vertex -50.35680185656696 20 12.59357627343016
    vertex -46.01294075685452 20 10.11213275053724
    vertex -50.5270555956026 20 8.070683449833993
  endloop
endfacet
facet normal 0 1 0
  outer loop
    vertex 57.65129010953046 20 25.51482159804717
    vertex 53.39859486098842 20 22.39913500436035
    vertex 53.09958169680507 20 26.49498975325801
  endloop
endfacet
facet normal 0 1 0
  outer loop
    vertex 27.46175913049331 20 7.618505077921423
    vertex 32.14530195582495 20 4.808299711537114
    vertex 27.49999999999997 20 3.333415972493871
  endloop
endfacet
facet normal 0 1 0
  outer loop
    vertex 105.4081991672084 20 17.38585225112204
    vertex 101.1960994542439 20 19.95028001251333
    vertex 105.1548024599304 20 21.8541585694089
  endloop
endfacet
facet normal 0 1 0
  outer loop
    vertex 79.49673200287612 20 12.49999999998247
    vertex 83.78953211129578 20 10.02868303494397
    vertex 79.8231515130887 20 8.121493439732944
  endloop
endfacet
facet normal 0 1 0
  outer loop
    vertex -11.96254932050689 20 25.1904416125651
    vertex -10.00000000000003 20 30
    vertex -7.442970199819626 20 26.64504186869988
  endloop
endfacet
facet normal -0 1 0
  outer loop
    vertex -28.82054605717447 20 10.09218153052403
    vertex -24.49843928784277 20 12.61152730354541
    vertex -24.36941979416176 20 8.077898172234054
  endloop
endfacet
facet normal 0 1 0
  outer loop
    vertex -2.623581967303863 20 25.51626671304539
    vertex -2.842170943040401e-14 20 30
    vertex 1.92843150562436 20 26.49900813804765
  endloop
endfacet
facet normal 0 1 0
  outer loop
    vertex 112.5778287310344 20 4.429464126842937
    vertex 110 20 0
    vertex 107.839607047183 20 4.14547413738088
  endloop
endfacet
facet normal 0 1 0
  outer loop
    vertex 72.41522761533813 20 25.57140139157273
    vertex 74.99999999999997 20 30
    vertex 77.14879203136724 20 25.85302928803166
  endloop
endfacet
facet normal 0 1 0
  outer loop
    vertex 49.44802351350654 20 24.56099216388253
    vertex 49.99999999999997 20 30
    vertex 53.09958169680507 20 26.49498975325801
  endloop
endfacet
facet normal 0 1 0
  outer loop
    vertex -20.00000000000003 20 30
    vertex -17.35479759425829 20 25.53534509262765
    vertex -22.0353760916567 20 25.92332348147644
  endloop
endfacet
facet normal 0 1 0
  outer loop
    vertex 4.999999999999972 20 30
    vertex 5.60045527528851 20 24.56899653019275
    vertex 1.92843150562436 20 26.49900813804765
  endloop
endfacet
facet normal 0 1 0
  outer loop
    vertex -11.36157064114622 20 19.87243443324204
    vertex -15.70586607617989 20 17.39883333568842
    vertex -15.25659687566562 20 21.7667852857365
  endloop
endfacet
facet normal 0 1 0
  outer loop
    vertex 54.99999999999997 20 30
    vertex 57.65129010953046 20 25.51482159804717
    vertex 53.09958169680507 20 26.49498975325801
  endloop
endfacet
facet normal 0 1 0
  outer loop
    vertex -124.6525036907992 20 20.97852375366114
    vertex -128.4976719994148 20 17.57870689245397
    vertex -129.1337357275297 20 21.88977539870888
  endloop
endfacet
facet normal 0 1 0
  outer loop
    vertex -28.29492569201028 20 4.810317185296348
    vertex -30.00000000000003 20 0
    vertex -32.64286617621636 20 3.380455243383107
  endloop
endfacet
facet normal 0 1 -0
  outer loop
    vertex -45.00000000000003 20 0
    vertex -46.59581040042804 20 4.824070861065195
    vertex -42.27944259971696 20 3.422521563068571
  endloop
endfacet
facet normal 0 1 0
  outer loop
    vertex 70.76222675697724 20 17.37129986634087
    vertex 66.44290579303231 20 19.88996395501221
    vertex 70.31980379615251 20 21.75815777532383
  endloop
endfacet
facet normal -0 1 0
  outer loop
    vertex 66.50635094610894 20 9.99999999998423
    vertex 70.76042574781232 20 12.59060957291912
    vertex 70.37678437155853 20 8.193792071076089
  endloop
endfacet
facet normal -0 1 0
  outer loop
    vertex -107.0784703733957 20 4.817098077251114
    vertex -102.3339470914477 20 7.62967874027974
    vertex -102.4846906406612 20 3.363087311108018
  endloop
endfacet
facet normal 0 1 0
  outer loop
    vertex 118.4678751731752 20 19.99999999997871
    vertex 114.1377481542537 20 17.49999999997824
    vertex 114.5872328282749 20 21.82336278844769
  endloop
endfacet
facet normal 0 1 0
  outer loop
    vertex 114.2025093042392 20 12.61216960210928
    vertex 118.5452287689919 20 10.13398035807954
    vertex 114.6604629233214 20 8.240368387997385
  endloop
endfacet
facet normal 0 1 0
  outer loop
    vertex -59.14592320269406 20 17.40258684250211
    vertex -63.39745962155604 20 19.99999999999923
    vertex -59.56439973673271 20 21.80399749400298
  endloop
endfacet
facet normal 0 1 0
  outer loop
    vertex -15.00000000000003 20 0
    vertex -20.00000000000003 20 0
    vertex -17.50000000000003 20 3.533769303610701
  endloop
endfacet
facet normal -0 1 0
  outer loop
    vertex 49.99999999999997 20 30
    vertex 54.99999999999997 20 30
    vertex 53.09958169680507 20 26.49498975325801
  endloop
endfacet
facet normal 0 1 0
  outer loop
    vertex -106.698729810778 20 20.00000000000005
    vertex -111.0288568297003 20 17.50000000000001
    vertex -110.6195678601776 20 21.79109070980926
  endloop
endfacet
facet normal 0 1 0
  outer loop
    vertex -110.9707644845095 20 12.62054366311018
    vertex -106.6192192487373 20 10.14159059396988
    vertex -110.459997032434 20 8.243620079355722
  endloop
endfacet
facet normal -0 1 0
  outer loop
    vertex -2.842170943040401e-14 20 30
    vertex 4.999999999999972 20 30
    vertex 1.92843150562436 20 26.49900813804765
  endloop
endfacet
facet normal 0 1 0
  outer loop
    vertex -55.00000000000003 20 0
    vertex -60.00000000000003 20 0
    vertex -57.50000000000001 20 3.497102099151533
  endloop
endfacet
facet normal 0 1 0
  outer loop
    vertex 18.87495373796514 20 12.49999999999286
    vertex 23.20508075688679 20 9.999999999992127
    vertex 19.29559503032368 20 8.228572090120476
  endloop
endfacet
facet normal -0 1 0
  outer loop
    vertex 31.78855456631206 20 10.13358586047596
    vertex 36.13279732149655 20 12.61595687576774
    vertex 35.55962800563961 20 8.213017758357239
  endloop
endfacet
facet normal 0 1 0
  outer loop
    vertex -76.22235304117288 20 12.39466325356473
    vertex -72.07118236681137 20 10.2606713414921
    vertex -75.72534545826885 20 8.209550606450808
  endloop
endfacet
facet normal 0 1 0
  outer loop
    vertex -128.4976719994148 20 17.57870689245397
    vertex -132.8615350606715 20 19.95355392052731
    vertex -129.1337357275297 20 21.88977539870888
  endloop
endfacet
facet normal -0 1 0
  outer loop
    vertex 14.99999999999997 20 30
    vertex 19.99999999999997 20 30
    vertex 17.48214944843969 20 26.47420628816346
  endloop
endfacet
facet normal -0 1 0
  outer loop
    vertex 117.9926378252848 20 4.809237272593641
    vertex 122.799092222802 20 7.588945123381432
    vertex 122.5 20 3.339253687088057
  endloop
endfacet
facet normal 0 1 0
  outer loop
    vertex -93.79309408045482 20 17.3532880362329
    vertex -98.11069714978089 20 19.87504684530735
    vertex -94.38356373113619 20 21.77105312723588
  endloop
endfacet
facet normal -0 1 0
  outer loop
    vertex -98.07657688697171 20 10.13351438497403
    vertex -93.79518140538758 20 12.60324258664413
    vertex -94.33654408731822 20 8.24309189613507
  endloop
endfacet
facet normal -0 1 0
  outer loop
    vertex 34.99999999999997 20 30
    vertex 39.99999999999997 20 30
    vertex 37.55437525861777 20 26.38808680008992
  endloop
endfacet
facet normal 0 1 0
  outer loop
    vertex 66.9995349196472 20 25.1973596355688
    vertex 62.1873764768184 20 22.42773532950621
    vertex 62.49999999999994 20 26.65967793697055
  endloop
endfacet
facet normal 0 1 0
  outer loop
    vertex -40.00000000000003 20 0
    vertex -45.00000000000003 20 0
    vertex -42.27944259971696 20 3.422521563068571
  endloop
endfacet
facet normal 0 1 0
  outer loop
    vertex -71.97823421238292 20 19.86737356652801
    vertex -76.38784067832269 20 17.49999999999961
    vertex -75.93854526907575 20 21.72179752357646
  endloop
endfacet
facet normal 0 1 0
  outer loop
    vertex 131.3701242542213 20 17.34735094026081
    vertex 127.052897098592 20 19.86969415889448
    vertex 130.7920533583845 20 21.68442944110648
  endloop
endfacet
facet normal 0 1 0
  outer loop
    vertex 53.59357328879605 20 12.62187846006704
    vertex 57.93790793494819 20 10.15549784502631
    vertex 54.21915614142736 20 8.287912684433259
  endloop
endfacet
facet normal 0 1 0
  outer loop
    vertex 135 20 0
    vertex 130 20 0
    vertex 132.5 20 3.405682005486192
  endloop
endfacet
facet normal 0 1 0
  outer loop
    vertex -7.131419853714448 20 22.42026444367866
    vertex -11.96254932050689 20 25.1904416125651
    vertex -7.442970199819626 20 26.64504186869988
  endloop
endfacet
facet normal 0 1 0
  outer loop
    vertex 4.999999999999972 20 0
    vertex -2.842170943040401e-14 20 0
    vertex 2.499999999999943 20 3.392938200369812
  endloop
endfacet
facet normal 0 1 0
  outer loop
    vertex 10.49615261652045 20 22.57269108697544
    vertex 5.60045527528851 20 24.56899653019275
    vertex 8.782278403843407 20 26.71552678640683
  endloop
endfacet
facet normal -0 1 0
  outer loop
    vertex -132.6303876640486 20 10.1985052906934
    vertex -128.418772370181 20 12.67413230183116
    vertex -128.9854970459064 20 8.33711980139411
  endloop
endfacet
facet normal 0 1 0
  outer loop
    vertex -30.00000000000003 20 0
    vertex -35.00000000000003 20 0
    vertex -32.64286617621636 20 3.380455243383107
  endloop
endfacet
facet normal -0 1 0
  outer loop
    vertex -45.00000000000003 20 30
    vertex -40.00000000000003 20 30
    vertex -42.50000000000004 20 26.62884844711855
  endloop
endfacet
facet normal 0 1 -0
  outer loop
    vertex -77.6390965273155 20 4.232387605536513
    vertex -80.40617488648704 20 9.191457911472213
    vertex -75.72534545826885 20 8.209550606450808
  endloop
endfacet
facet normal 0 1 0
  outer loop
    vertex 49.44802351350654 20 24.56099216388253
    vertex 44.55421141216323 20 22.56046243784366
    vertex 46.24230950051739 20 26.71093888814353
  endloop
endfacet
facet normal -0 1 0
  outer loop
    vertex 94.99999999999997 20 30
    vertex 99.99999999999997 20 30
    vertex 97.28916630662582 20 26.53006168015838
  endloop
endfacet
facet normal 0 1 0
  outer loop
    vertex 89.99999999999997 20 0
    vertex 84.99999999999997 20 0
    vertex 87.70353833784068 20 3.476872694533654
  endloop
endfacet
facet normal -0 1 0
  outer loop
    vertex 92.3925245621954 20 10.16378603624552
    vertex 96.73812587890882 20 12.63702217341003
    vertex 96.04409829836729 20 8.326302056571592
  endloop
endfacet
facet normal 0 1 0
  outer loop
    vertex 92.56882606211275 20 19.85846253180867
    vertex 88.15698604072111 20 17.49999999998111
    vertex 88.91598576535418 20 21.71632354547798
  endloop
endfacet
facet normal -0 1 0
  outer loop
    vertex -140 20 30
    vertex -135 20 30
    vertex -137.5 20 26.65063509461097
  endloop
endfacet
facet normal -0 1 0
  outer loop
    vertex -10.00000000000003 20 30
    vertex -5.000000000000028 20 30
    vertex -7.442970199819626 20 26.64504186869988
  endloop
endfacet
facet normal -0 1 0
  outer loop
    vertex 59.99999999999997 20 30
    vertex 64.99999999999997 20 30
    vertex 62.49999999999994 20 26.65967793697055
  endloop
endfacet
facet normal 0 1 0
  outer loop
    vertex 64.99999999999997 20 0
    vertex 59.99999999999997 20 0
    vertex 62.43956967688749 20 3.418487976080513
  endloop
endfacet
facet normal -0 1 0
  outer loop
    vertex 120 20 30
    vertex 125 20 30
    vertex 122.5573310495954 20 26.58311423166618
  endloop
endfacet
facet normal 0 1 0
  outer loop
    vertex 125 20 0
    vertex 120 20 0
    vertex 122.5 20 3.339253687088057
  endloop
endfacet
facet normal 0 1 0
  outer loop
    vertex -33.18475761201751 20 17.35257059730857
    vertex -37.51250990121073 20 19.96977613923512
    vertex -33.81052959518343 20 21.71790284096242
  endloop
endfacet
facet normal -0 1 0
  outer loop
    vertex -70.00000000000003 20 30
    vertex -65.00000000000003 20 30
    vertex -67.51859702966314 20 26.62512258035608
  endloop
endfacet
facet normal -0 1 0
  outer loop
    vertex -105 20 30
    vertex -100 20 30
    vertex -102.494006297209 20 26.63815462500278
  endloop
endfacet
facet normal 0 1 0
  outer loop
    vertex -100 20 0
    vertex -105 20 0
    vertex -102.4846906406612 20 3.363087311108018
  endloop
endfacet
facet normal 0 1 0
  outer loop
    vertex 29.99999999999997 20 0
    vertex 24.99999999999997 20 0
    vertex 27.49999999999997 20 3.333415972493871
  endloop
endfacet
facet normal 0 1 0
  outer loop
    vertex -136.9313409927623 20 12.6444256765614
    vertex -132.6303876640486 20 10.1985052906934
    vertex -136.1998248486981 20 8.337133045573751
  endloop
endfacet
facet normal 0 1 0
  outer loop
    vertex -33.02014580456888 20 7.581303151314685
    vertex -28.29492569201028 20 4.810317185296348
    vertex -32.64286617621636 20 3.380455243383107
  endloop
endfacet
facet normal 0 1 0
  outer loop
    vertex -7.017025407827163 20 12.64077050595169
    vertex -2.627305213720092 20 10.06191119687241
    vertex -6.414146904029025 20 8.321079840171418
  endloop
endfacet
facet normal -0 1 0
  outer loop
    vertex -72.07118236681137 20 10.2606713414921
    vertex -67.80637394513199 20 12.64247884513902
    vertex -68.24573519457088 20 8.397459621555825
  endloop
endfacet
facet normal 0 1 0
  outer loop
    vertex 32.06562406742373 20 19.93408892958556
    vertex 27.620322762234 20 17.34248005648503
    vertex 27.940068691226 20 21.81058485091494
  endloop
endfacet
facet normal -0 1 0
  outer loop
    vertex -46.59581040042804 20 4.824070861065195
    vertex -41.82751055241712 20 7.599783158715333
    vertex -42.27944259971696 20 3.422521563068571
  endloop
endfacet
facet normal 0 1 0
  outer loop
    vertex -127.371566866085 20 25.70736757348539
    vertex -124.6525036907992 20 20.97852375366114
    vertex -129.1337357275297 20 21.88977539870888
  endloop
endfacet
facet normal 0 1 0
  outer loop
    vertex 5.60045527528851 20 24.56899653019275
    vertex 1.665284220137295 20 22.40977744700013
    vertex 1.92843150562436 20 26.49900813804765
  endloop
endfacet
facet normal 0 1 0
  outer loop
    vertex 53.39859486098842 20 22.39913500436035
    vertex 49.44802351350654 20 24.56099216388253
    vertex 53.09958169680507 20 26.49498975325801
  endloop
endfacet
facet normal 0 1 0
  outer loop
    vertex -142.5440031848052 20 4.161625432834882
    vertex -145 20 0
    vertex -146.3397459621556 20 3.660254037844386
  endloop
endfacet
facet normal 0 1 0
  outer loop
    vertex -145.8936740139889 20 22.34662152565717
    vertex -150 20 25
    vertex -146.3397459621556 20 26.33974596215561
  endloop
endfacet
facet normal 0 1 0
  outer loop
    vertex 150 20 25
    vertex 145.9495035491588 20 22.26821316734873
    vertex 146.3397459621556 20 26.33974596215561
  endloop
endfacet
facet normal -0 1 0
  outer loop
    vertex -68.24573519457088 20 8.397459621555825
    vertex -63.77069841799023 20 10.48690863745733
    vertex -64.28476762818468 20 6.853064724214224
  endloop
endfacet
facet normal -0 1 0
  outer loop
    vertex 37.55437525861777 20 26.38808680008992
    vertex 42.20931257691737 20 26.43323983899148
    vertex 40.23860626636028 20 23.43444274821167
  endloop
endfacet
facet normal -0 1 0
  outer loop
    vertex -150 20 5
    vertex -145.7661397747209 20 7.521186846404383
    vertex -146.3397459621556 20 3.660254037844386
  endloop
endfacet
facet normal 0 1 0
  outer loop
    vertex -145 20 30
    vertex -142.040871904713 20 25.47151376279604
    vertex -146.3397459621556 20 26.33974596215561
  endloop
endfacet
facet normal 0 1 0
  outer loop
    vertex 142.5233760912788 20 25.16994819056548
    vertex 145 20 30
    vertex 146.3397459621556 20 26.33974596215561
  endloop
endfacet
facet normal -0 1 0
  outer loop
    vertex 12.81478412740813 20 26.43594631486597
    vertex 17.48214944843969 20 26.47420628816346
    vertex 14.813911767397 20 23.45802850883529
  endloop
endfacet
facet normal 0 1 0
  outer loop
    vertex 145.8238178078277 20 7.392759749948677
    vertex 150 20 5
    vertex 146.3647730912987 20 3.635226908701213
  endloop
endfacet
facet normal 0 1 0
  outer loop
    vertex -52.42191369647168 20 4.077832781894799
    vertex -57.50000000000001 20 3.497102099151533
    vertex -55.42308353433431 20 6.453055602714532
  endloop
endfacet
facet normal 0 1 0
  outer loop
    vertex -17.50000000000003 20 3.533769303610701
    vertex -22.57525055874808 20 3.985313712630102
    vertex -19.73743112691511 20 6.527349424922825
  endloop
endfacet
facet normal 0 1 0
  outer loop
    vertex -20.0861612019562 20 10.36383017423619
    vertex -16.11266270003941 20 7.845601267957303
    vertex -19.73743112691511 20 6.527349424922825
  endloop
endfacet
facet normal -0 1 0
  outer loop
    vertex -59.74948524932329 20 7.732059383199839
    vertex -54.91720441547594 20 10.4040937992639
    vertex -55.42308353433431 20 6.453055602714532
  endloop
endfacet
facet normal 0 1 0
  outer loop
    vertex 18.68267767460583 20 22.20678997432542
    vertex 14.59379497001086 20 19.60050887984616
    vertex 14.813911767397 20 23.45802850883529
  endloop
endfacet
facet normal 0 1 0
  outer loop
    vertex 40.47323883588615 20 19.59705841723576
    vertex 36.40189324821696 20 22.19336624689755
    vertex 40.23860626636028 20 23.43444274821167
  endloop
endfacet
facet normal 0 1 0
  outer loop
    vertex 42.20931257691737 20 26.43323983899148
    vertex 44.99999999999997 20 30
    vertex 46.24230950051739 20 26.71093888814353
  endloop
endfacet
facet normal 0 1 0
  outer loop
    vertex 9.999999999999972 20 30
    vertex 12.81478412740813 20 26.43594631486597
    vertex 8.782278403843407 20 26.71552678640683
  endloop
endfacet
facet normal 0 1 0
  outer loop
    vertex -142.040871904713 20 25.47151376279604
    vertex -145.8936740139889 20 22.34662152565717
    vertex -146.3397459621556 20 26.33974596215561
  endloop
endfacet
facet normal 0 1 -0
  outer loop
    vertex 145.9495035491588 20 22.26821316734873
    vertex 142.5233760912788 20 25.16994819056548
    vertex 146.3397459621556 20 26.33974596215561
  endloop
endfacet
facet normal 0 1 0
  outer loop
    vertex -145.7661397747209 20 7.521186846404383
    vertex -142.5440031848052 20 4.161625432834882
    vertex -146.3397459621556 20 3.660254037844386
  endloop
endfacet
facet normal 0 1 0
  outer loop
    vertex 12.81478412740813 20 26.43594631486597
    vertex 10.49615261652045 20 22.57269108697544
    vertex 8.782278403843407 20 26.71552678640683
  endloop
endfacet
facet normal 0 1 -0
  outer loop
    vertex 44.55421141216323 20 22.56046243784366
    vertex 42.20931257691737 20 26.43323983899148
    vertex 46.24230950051739 20 26.71093888814353
  endloop
endfacet
facet normal -0 1 0
  outer loop
    vertex 142.5 20 4.01073885425188
    vertex 145.8238178078277 20 7.392759749948677
    vertex 146.3647730912987 20 3.635226908701213
  endloop
endfacet
facet normal 0 1 -0
  outer loop
    vertex 145 20 0
    vertex 142.5 20 4.01073885425188
    vertex 146.3647730912987 20 3.635226908701213
  endloop
endfacet
facet normal 0 1 0
  outer loop
    vertex -62.41960053731709 20 3.677142297541401
    vertex -67.23831874172194 20 3.971753681316724
    vertex -64.28476762818468 20 6.853064724214224
  endloop
endfacet
facet normal 0 1 0
  outer loop
    vertex 145.9495035491588 20 22.26821316734873
    vertex 145.2662082327672 20 17.28121204060293
    vertex 142.938086226833 20 20.18606507154676
  endloop
endfacet
facet normal 0 1 -0
  outer loop
    vertex 140.1413732725467 20 17.63663128999539
    vertex 139.7533686064448 20 21.80573119580011
    vertex 142.938086226833 20 20.18606507154676
  endloop
endfacet
facet normal 0 1 0
  outer loop
    vertex -16.11266270003941 20 7.845601267957303
    vertex -17.50000000000003 20 3.533769303610701
    vertex -19.73743112691511 20 6.527349424922825
  endloop
endfacet
facet normal 0 1 -0
  outer loop
    vertex -57.50000000000001 20 3.497102099151533
    vertex -59.74948524932329 20 7.732059383199839
    vertex -55.42308353433431 20 6.453055602714532
  endloop
endfacet
facet normal 0 1 0
  outer loop
    vertex 36.40189324821696 20 22.19336624689755
    vertex 37.55437525861777 20 26.38808680008992
    vertex 40.23860626636028 20 23.43444274821167
  endloop
endfacet
facet normal 0 1 0
  outer loop
    vertex 17.48214944843969 20 26.47420628816346
    vertex 18.68267767460583 20 22.20678997432542
    vertex 14.813911767397 20 23.45802850883529
  endloop
endfacet
facet normal 0 1 -0
  outer loop
    vertex -67.23831874172194 20 3.971753681316724
    vertex -68.24573519457088 20 8.397459621555825
    vertex -64.28476762818468 20 6.853064724214224
  endloop
endfacet
facet normal -1 0 0
  outer loop
    vertex -150 -15.49492590562871 17.97449336159678
    vertex -150 -15.6815802232335 22.74423651409177
    vertex -150 -10.69283522707354 21.00159408086781
  endloop
endfacet
facet normal -1 0 -0
  outer loop
    vertex -150 11.80186428363031 10.06947967492686
    vertex -150 12.01833072586436 4.543152432458189
    vertex -150 7.38707910325498 8.734273179306925
  endloop
endfacet
facet normal -1 -0 0
  outer loop
    vertex -150 12.01833072586436 4.543152432458189
    vertex -150 6.555176765814942 4.181757076573781
    vertex -150 7.38707910325498 8.734273179306925
  endloop
endfacet
facet normal -1 0 0
  outer loop
    vertex -150 -15.49492590562871 17.97449336159678
    vertex -150 -10.69283522707354 21.00159408086781
    vertex -150 -11.65727744611151 16.23827557051724
  endloop
endfacet
facet normal -1 -0 0
  outer loop
    vertex -150 -7.815356677448428 4.03677375581622
    vertex -150 -12.745783076702 3.939218014219463
    vertex -150 -11.50384893717921 8.498023034561758
  endloop
endfacet
facet normal -1 -0 0
  outer loop
    vertex -150 -6.784408858154915 8.489081612890089
    vertex -150 -7.815356677448428 4.03677375581622
    vertex -150 -11.50384893717921 8.498023034561758
  endloop
endfacet
facet normal -1 0 -0
  outer loop
    vertex -150 2.435332536447284 8.239351182004022
    vertex -150 6.555176765814942 4.181757076573781
    vertex -150 2.298101860452448 3.350247055499992
  endloop
endfacet
facet normal -1 0 0
  outer loop
    vertex -150 -2.5 4.330127018922191
    vertex -150 2.435332536447284 8.239351182004022
    vertex -150 2.298101860452448 3.350247055499992
  endloop
endfacet
facet normal -1 0 0
  outer loop
    vertex -150 -2.5 4.330127018922191
    vertex -150 -6.784408858154915 8.489081612890089
    vertex -150 -2.373078026125235 9.32367816943729
  endloop
endfacet
facet normal -1 0 -0
  outer loop
    vertex -150 -6.784408858154915 8.489081612890089
    vertex -150 -2.5 4.330127018922191
    vertex -150 -7.815356677448428 4.03677375581622
  endloop
endfacet
facet normal -1 -0 0
  outer loop
    vertex -150 2.435332536447284 8.239351182004022
    vertex -150 -2.5 4.330127018922191
    vertex -150 -2.373078026125235 9.32367816943729
  endloop
endfacet
facet normal -1 0 0
  outer loop
    vertex -150 6.555176765814942 4.181757076573781
    vertex -150 2.435332536447284 8.239351182004022
    vertex -150 7.38707910325498 8.734273179306925
  endloop
endfacet
facet normal -1 0 0
  outer loop
    vertex -150 10.02200872031602 21.79389388589684
    vertex -150 12.47881315359562 25.76613977472084
    vertex -150 15.42443793758815 22.13434760360181
  endloop
endfacet
facet normal -1 0 0
  outer loop
    vertex -150 11.80186428363031 10.06947967492686
    vertex -150 15.76613977472084 7.521186846404387
    vertex -150 12.01833072586436 4.543152432458189
  endloop
endfacet
facet normal -1 -0 0
  outer loop
    vertex -150 -9.80661702724781 12.65162466038588
    vertex -150 -14.93440674106865 12.61906307195835
    vertex -150 -11.65727744611151 16.23827557051724
  endloop
endfacet
facet normal -1 0 0
  outer loop
    vertex -150 -10.69283522707354 21.00159408086781
    vertex -150 -15.6815802232335 22.74423651409177
    vertex -150 -12.45057607812843 25.91981953863446
  endloop
endfacet
facet normal -1 0 0
  outer loop
    vertex -150 -14.93440674106865 12.61906307195835
    vertex -150 -9.80661702724781 12.65162466038588
    vertex -150 -11.50384893717921 8.498023034561758
  endloop
endfacet
facet normal -1 0 0
  outer loop
    vertex -150 10.02200872031602 21.79389388589684
    vertex -150 15.42443793758815 22.13434760360181
    vertex -150 12.20862902210111 18.49505039433848
  endloop
endfacet
facet normal -1 0 0
  outer loop
    vertex -150 -14.93440674106865 12.61906307195835
    vertex -150 -15.49492590562871 17.97449336159678
    vertex -150 -11.65727744611151 16.23827557051724
  endloop
endfacet
facet normal -1 0 -0
  outer loop
    vertex -150 -7.459134911936115 25.69346645067195
    vertex -150 -4.97198427594418 21.3357115558691
    vertex -150 -10.69283522707354 21.00159408086781
  endloop
endfacet
facet normal -1 0 -0
  outer loop
    vertex -150 10 30
    vertex -150 12.47881315359562 25.76613977472084
    vertex -150 7.496468858932598 25.68591744668498
  endloop
endfacet
facet normal -1 0 0
  outer loop
    vertex -150 7.496468858932598 25.68591744668498
    vertex -150 12.47881315359562 25.76613977472084
    vertex -150 10.02200872031602 21.79389388589684
  endloop
endfacet
facet normal -1 0 -0
  outer loop
    vertex -150 20 15
    vertex -150 20 10
    vertex -150 15.71398533217137 12.45491613734393
  endloop
endfacet
facet normal -1 0 -0
  outer loop
    vertex -150 -0.00873389648674916 21.34517752854224
    vertex -150 2.437995598689568 17.04587109140303
    vertex -150 -2.511789716299536 17.01656622899279
  endloop
endfacet
facet normal -1 0 0
  outer loop
    vertex -150 -4.97198427594418 21.3357115558691
    vertex -150 -7.357602329538853 16.94460267777736
    vertex -150 -10.69283522707354 21.00159408086781
  endloop
endfacet
facet normal -1 -0 0
  outer loop
    vertex -150 20 10
    vertex -150 15.76613977472084 7.521186846404387
    vertex -150 15.71398533217137 12.45491613734393
  endloop
endfacet
facet normal -1 0 0
  outer loop
    vertex -150 4.947596621079537 21.37233536047535
    vertex -150 7.496468858932598 25.68591744668498
    vertex -150 10.02200872031602 21.79389388589684
  endloop
endfacet
facet normal -1 0 0
  outer loop
    vertex -150 -0.00873389648674916 21.34517752854224
    vertex -150 -2.511789716299536 17.01656622899279
    vertex -150 -4.97198427594418 21.3357115558691
  endloop
endfacet
facet normal -1 0 0
  outer loop
    vertex -150 -2.511789716299536 17.01656622899279
    vertex -150 2.437995598689568 17.04587109140303
    vertex -150 -0.01229901960166302 12.77497925174629
  endloop
endfacet
facet normal -1 0 -0
  outer loop
    vertex -150 -2.511789716299536 17.01656622899279
    vertex -150 -0.01229901960166302 12.77497925174629
    vertex -150 -5.004014789316866 12.78485178162386
  endloop
endfacet
facet normal -1 0 -0
  outer loop
    vertex -150 -7.357602329538853 16.94460267777736
    vertex -150 -5.004014789316866 12.78485178162386
    vertex -150 -9.80661702724781 12.65162466038588
  endloop
endfacet
facet normal -1 0 0
  outer loop
    vertex -150 5 30
    vertex -150 10 30
    vertex -150 7.496468858932598 25.68591744668498
  endloop
endfacet
facet normal -1 0 0
  outer loop
    vertex -150 0 30
    vertex -150 5 30
    vertex -150 2.499999999999996 25.66987298107781
  endloop
endfacet
facet normal -1 0 0
  outer loop
    vertex -150 2.499999999999996 25.66987298107781
    vertex -150 7.496468858932598 25.68591744668498
    vertex -150 4.947596621079537 21.37233536047535
  endloop
endfacet
facet normal -1 0 0
  outer loop
    vertex -150 -0.00873389648674916 21.34517752854224
    vertex -150 4.947596621079537 21.37233536047535
    vertex -150 2.437995598689568 17.04587109140303
  endloop
endfacet
facet normal -1 -0 0
  outer loop
    vertex -150 -2.511789716299536 17.01656622899279
    vertex -150 -7.357602329538853 16.94460267777736
    vertex -150 -4.97198427594418 21.3357115558691
  endloop
endfacet
facet normal -1 0 0
  outer loop
    vertex -150 -9.80661702724781 12.65162466038588
    vertex -150 -5.004014789316866 12.78485178162386
    vertex -150 -6.784408858154915 8.489081612890089
  endloop
endfacet
facet normal -1 0 0
  outer loop
    vertex -150 10 0
    vertex -150 5 0
    vertex -150 6.555176765814942 4.181757076573781
  endloop
endfacet
facet normal -1 0 0
  outer loop
    vertex -150 -15.49492590562871 17.97449336159678
    vertex -150 -19.99999999999999 20
    vertex -150 -15.6815802232335 22.74423651409177
  endloop
endfacet
facet normal -1 0 0
  outer loop
    vertex -150 -19.99999999999999 10
    vertex -150 -19.99999999999999 15
    vertex -150 -14.93440674106865 12.61906307195835
  endloop
endfacet
facet normal -1 0 0
  outer loop
    vertex -150 -19.99999999999999 5
    vertex -150 -19.99999999999999 10
    vertex -150 -15.93109219105069 7.37639488420076
  endloop
endfacet
facet normal -1 0 0
  outer loop
    vertex -150 2.499999999999996 25.66987298107781
    vertex -150 5 30
    vertex -150 7.496468858932598 25.68591744668498
  endloop
endfacet
facet normal -1 0 0
  outer loop
    vertex -150 -7.459134911936115 25.69346645067195
    vertex -150 -2.494644801403812 25.67471048707461
    vertex -150 -4.97198427594418 21.3357115558691
  endloop
endfacet
facet normal -1 0 -0
  outer loop
    vertex -150 15.71398533217137 12.45491613734393
    vertex -150 15.76613977472084 7.521186846404387
    vertex -150 11.80186428363031 10.06947967492686
  endloop
endfacet
facet normal -1 0 0
  outer loop
    vertex -150 -2.511789716299536 17.01656622899279
    vertex -150 -5.004014789316866 12.78485178162386
    vertex -150 -7.357602329538853 16.94460267777736
  endloop
endfacet
facet normal -1 -0 0
  outer loop
    vertex -150 15.71398533217137 12.45491613734393
    vertex -150 11.80186428363031 10.06947967492686
    vertex -150 11.902020639548 14.65281117530219
  endloop
endfacet
facet normal -1 0 -0
  outer loop
    vertex -150 20 20
    vertex -150 20 15
    vertex -150 15.83828029399619 17.2083099776592
  endloop
endfacet
facet normal -1 0 -0
  outer loop
    vertex -150 15.83828029399619 17.2083099776592
    vertex -150 20 15
    vertex -150 15.71398533217137 12.45491613734393
  endloop
endfacet
facet normal -1 0 -0
  outer loop
    vertex -150 20 10
    vertex -150 20 5
    vertex -150 15.76613977472084 7.521186846404387
  endloop
endfacet
facet normal -1 0 0
  outer loop
    vertex -150 0 0
    vertex -150 -4.999999999999998 0
    vertex -150 -2.5 4.330127018922191
  endloop
endfacet
facet normal -1 0 0
  outer loop
    vertex -150 -19.99999999999999 20
    vertex -150 -19.99999999999999 25
    vertex -150 -15.6815802232335 22.74423651409177
  endloop
endfacet
facet normal -1 0 0
  outer loop
    vertex -150 -19.99999999999999 15
    vertex -150 -19.99999999999999 20
    vertex -150 -15.49492590562871 17.97449336159678
  endloop
endfacet
facet normal -1 0 0
  outer loop
    vertex -150 -15.93109219105069 7.37639488420076
    vertex -150 -19.99999999999999 10
    vertex -150 -14.93440674106865 12.61906307195835
  endloop
endfacet
facet normal -1 0 0
  outer loop
    vertex -150 10 30
    vertex -150 15 30
    vertex -150 12.47881315359562 25.76613977472084
  endloop
endfacet
facet normal -1 0 0
  outer loop
    vertex -150 -7.459134911936115 25.69346645067195
    vertex -150 -4.999999999999998 30
    vertex -150 -2.494644801403812 25.67471048707461
  endloop
endfacet
facet normal -1 0 -0
  outer loop
    vertex -150 -2.494644801403812 25.67471048707461
    vertex -150 -0.00873389648674916 21.34517752854224
    vertex -150 -4.97198427594418 21.3357115558691
  endloop
endfacet
facet normal -1 0 0
  outer loop
    vertex -150 -0.01229901960166302 12.77497925174629
    vertex -150 2.437995598689568 17.04587109140303
    vertex -150 4.641885434624982 12.76858916342308
  endloop
endfacet
facet normal -1 0 0
  outer loop
    vertex -150 -19.99999999999999 15
    vertex -150 -15.49492590562871 17.97449336159678
    vertex -150 -14.93440674106865 12.61906307195835
  endloop
endfacet
facet normal -1 0 0
  outer loop
    vertex -150 -4.999999999999998 30
    vertex -150 0 30
    vertex -150 -2.494644801403812 25.67471048707461
  endloop
endfacet
facet normal -1 0 -0
  outer loop
    vertex -150 0 30
    vertex -150 2.499999999999996 25.66987298107781
    vertex -150 -2.494644801403812 25.67471048707461
  endloop
endfacet
facet normal -1 0 -0
  outer loop
    vertex -150 2.499999999999996 25.66987298107781
    vertex -150 4.947596621079537 21.37233536047535
    vertex -150 -0.00873389648674916 21.34517752854224
  endloop
endfacet
facet normal -1 -0 0
  outer loop
    vertex -150 2.499999999999996 25.66987298107781
    vertex -150 -0.00873389648674916 21.34517752854224
    vertex -150 -2.494644801403812 25.67471048707461
  endloop
endfacet
facet normal -1 0 0
  outer loop
    vertex -150 15.83828029399619 17.2083099776592
    vertex -150 15.71398533217137 12.45491613734393
    vertex -150 11.902020639548 14.65281117530219
  endloop
endfacet
facet normal -1 0 0
  outer loop
    vertex -150 -0.01229901960166302 12.77497925174629
    vertex -150 4.641885434624982 12.76858916342308
    vertex -150 2.435332536447284 8.239351182004022
  endloop
endfacet
facet normal -1 0 0
  outer loop
    vertex -150 -9.999999999999993 30
    vertex -150 -4.999999999999998 30
    vertex -150 -7.459134911936115 25.69346645067195
  endloop
endfacet
facet normal -1 0 0
  outer loop
    vertex -150 -15.93109219105069 7.37639488420076
    vertex -150 -14.93440674106865 12.61906307195835
    vertex -150 -11.50384893717921 8.498023034561758
  endloop
endfacet
facet normal -1 0 0
  outer loop
    vertex -150 15 0
    vertex -150 10 0
    vertex -150 12.01833072586436 4.543152432458189
  endloop
endfacet
facet normal -1 -0 0
  outer loop
    vertex -150 -7.459134911936115 25.69346645067195
    vertex -150 -10.69283522707354 21.00159408086781
    vertex -150 -12.45057607812843 25.91981953863446
  endloop
endfacet
facet normal -1 0 -0
  outer loop
    vertex -150 20 25
    vertex -150 20 20
    vertex -150 15.42443793758815 22.13434760360181
  endloop
endfacet
facet normal -1 0 0
  outer loop
    vertex -150 -14.99999999999999 30
    vertex -150 -9.999999999999993 30
    vertex -150 -12.45057607812843 25.91981953863446
  endloop
endfacet
facet normal -1 0 0
  outer loop
    vertex -150 4.641885434624982 12.76858916342308
    vertex -150 2.437995598689568 17.04587109140303
    vertex -150 7.831484296314795 16.94693586726271
  endloop
endfacet
facet normal -1 0 0
  outer loop
    vertex -150 4.947596621079537 21.37233536047535
    vertex -150 10.02200872031602 21.79389388589684
    vertex -150 7.831484296314795 16.94693586726271
  endloop
endfacet
facet normal -1 0 0
  outer loop
    vertex -150 -6.784408858154915 8.489081612890089
    vertex -150 -5.004014789316866 12.78485178162386
    vertex -150 -2.373078026125235 9.32367816943729
  endloop
endfacet
facet normal -1 0 0
  outer loop
    vertex -150 6.555176765814942 4.181757076573781
    vertex -150 5 0
    vertex -150 2.298101860452448 3.350247055499992
  endloop
endfacet
facet normal -1 0 0
  outer loop
    vertex -150 0 0
    vertex -150 -2.5 4.330127018922191
    vertex -150 2.298101860452448 3.350247055499992
  endloop
endfacet
facet normal -1 0 0
  outer loop
    vertex -150 -2.5 4.330127018922191
    vertex -150 -4.999999999999998 0
    vertex -150 -7.815356677448428 4.03677375581622
  endloop
endfacet
facet normal -1 0 -0
  outer loop
    vertex -150 -0.01229901960166302 12.77497925174629
    vertex -150 2.435332536447284 8.239351182004022
    vertex -150 -2.373078026125235 9.32367816943729
  endloop
endfacet
facet normal -1 -0 0
  outer loop
    vertex -150 20 20
    vertex -150 15.83828029399619 17.2083099776592
    vertex -150 15.42443793758815 22.13434760360181
  endloop
endfacet
facet normal -1 0 0
  outer loop
    vertex -150 10 0
    vertex -150 6.555176765814942 4.181757076573781
    vertex -150 12.01833072586436 4.543152432458189
  endloop
endfacet
facet normal -1 0 -0
  outer loop
    vertex -150 -9.999999999999993 30
    vertex -150 -7.459134911936115 25.69346645067195
    vertex -150 -12.45057607812843 25.91981953863446
  endloop
endfacet
facet normal -1 0 0
  outer loop
    vertex -150 -9.999999999999993 0
    vertex -150 -14.99999999999999 0
    vertex -150 -12.745783076702 3.939218014219463
  endloop
endfacet
facet normal -1 0 0
  outer loop
    vertex -150 2.437995598689568 17.04587109140303
    vertex -150 4.947596621079537 21.37233536047535
    vertex -150 7.831484296314795 16.94693586726271
  endloop
endfacet
facet normal -1 0 -0
  outer loop
    vertex -150 -10.69283522707354 21.00159408086781
    vertex -150 -7.357602329538853 16.94460267777736
    vertex -150 -11.65727744611151 16.23827557051724
  endloop
endfacet
facet normal -1 0 -0
  outer loop
    vertex -150 20 5
    vertex -150 20 0
    vertex -150 16.33974596215561 3.660254037844382
  endloop
endfacet
facet normal -1 0 0
  outer loop
    vertex -150 -19.99999999999999 25
    vertex -150 -19.99999999999999 30
    vertex -150 -16.3397459621556 26.33974596215561
  endloop
endfacet
facet normal -1 0 0
  outer loop
    vertex -150 -19.99999999999999 30
    vertex -150 -14.99999999999999 30
    vertex -150 -16.3397459621556 26.33974596215561
  endloop
endfacet
facet normal -1 0 0
  outer loop
    vertex -150 20 0
    vertex -150 15 0
    vertex -150 16.33974596215561 3.660254037844382
  endloop
endfacet
facet normal -1 0 -0
  outer loop
    vertex -150 20 30
    vertex -150 20 25
    vertex -150 16.33974596215561 26.33974596215563
  endloop
endfacet
facet normal -1 0 0
  outer loop
    vertex -150 15 30
    vertex -150 20 30
    vertex -150 16.33974596215561 26.33974596215563
  endloop
endfacet
facet normal -1 0 0
  outer loop
    vertex -150 -9.999999999999993 0
    vertex -150 -12.745783076702 3.939218014219463
    vertex -150 -7.815356677448428 4.03677375581622
  endloop
endfacet
facet normal -1 0 0
  outer loop
    vertex -150 -14.99999999999999 0
    vertex -150 -19.99999999999999 0
    vertex -150 -16.36520367722471 3.63479632277528
  endloop
endfacet
facet normal -1 0 0
  outer loop
    vertex -150 -19.99999999999999 0
    vertex -150 -19.99999999999999 5
    vertex -150 -16.36520367722471 3.63479632277528
  endloop
endfacet
facet normal -1 0 0
  outer loop
    vertex -150 7.831484296314795 16.94693586726271
    vertex -150 10.02200872031602 21.79389388589684
    vertex -150 12.20862902210111 18.49505039433848
  endloop
endfacet
facet normal -1 0 0
  outer loop
    vertex -150 5 0
    vertex -150 0 0
    vertex -150 2.298101860452448 3.350247055499992
  endloop
endfacet
facet normal -1 0 0
  outer loop
    vertex -150 -4.999999999999998 0
    vertex -150 -9.999999999999993 0
    vertex -150 -7.815356677448428 4.03677375581622
  endloop
endfacet
facet normal -1 0 0
  outer loop
    vertex -150 -5.004014789316866 12.78485178162386
    vertex -150 -0.01229901960166302 12.77497925174629
    vertex -150 -2.373078026125235 9.32367816943729
  endloop
endfacet
facet normal -1 0 0
  outer loop
    vertex -150 2.435332536447284 8.239351182004022
    vertex -150 4.641885434624982 12.76858916342308
    vertex -150 7.38707910325498 8.734273179306925
  endloop
endfacet
facet normal -1 0 -0
  outer loop
    vertex -150 15.42443793758815 22.13434760360181
    vertex -150 15.83828029399619 17.2083099776592
    vertex -150 12.20862902210111 18.49505039433848
  endloop
endfacet
facet normal -1 0 0
  outer loop
    vertex -150 -12.745783076702 3.939218014219463
    vertex -150 -15.93109219105069 7.37639488420076
    vertex -150 -11.50384893717921 8.498023034561758
  endloop
endfacet
facet normal -1 0 0
  outer loop
    vertex -150 4.641885434624982 12.76858916342308
    vertex -150 7.831484296314795 16.94693586726271
    vertex -150 8.712866751474611 12.63441781204435
  endloop
endfacet
facet normal -1 0 0
  outer loop
    vertex -150 11.902020639548 14.65281117530219
    vertex -150 7.831484296314795 16.94693586726271
    vertex -150 12.20862902210111 18.49505039433848
  endloop
endfacet
facet normal -1 0 -0
  outer loop
    vertex -150 -9.80661702724781 12.65162466038588
    vertex -150 -6.784408858154915 8.489081612890089
    vertex -150 -11.50384893717921 8.498023034561758
  endloop
endfacet
facet normal -1 0 0
  outer loop
    vertex -150 -7.357602329538853 16.94460267777736
    vertex -150 -9.80661702724781 12.65162466038588
    vertex -150 -11.65727744611151 16.23827557051724
  endloop
endfacet
facet normal -1 0 0
  outer loop
    vertex -150 7.831484296314795 16.94693586726271
    vertex -150 11.902020639548 14.65281117530219
    vertex -150 8.712866751474611 12.63441781204435
  endloop
endfacet
facet normal -1 -0 0
  outer loop
    vertex -150 20 25
    vertex -150 15.42443793758815 22.13434760360181
    vertex -150 16.33974596215561 26.33974596215563
  endloop
endfacet
facet normal -1 0 0
  outer loop
    vertex -150 15 0
    vertex -150 12.01833072586436 4.543152432458189
    vertex -150 16.33974596215561 3.660254037844382
  endloop
endfacet
facet normal -1 0 -0
  outer loop
    vertex -150 -14.99999999999999 30
    vertex -150 -12.45057607812843 25.91981953863446
    vertex -150 -16.3397459621556 26.33974596215561
  endloop
endfacet
facet normal -1 0 0
  outer loop
    vertex -150 -19.99999999999999 5
    vertex -150 -15.93109219105069 7.37639488420076
    vertex -150 -16.36520367722471 3.63479632277528
  endloop
endfacet
facet normal -1 0 0
  outer loop
    vertex -150 15.76613977472084 7.521186846404387
    vertex -150 20 5
    vertex -150 16.33974596215561 3.660254037844382
  endloop
endfacet
facet normal -1 0 0
  outer loop
    vertex -150 -15.6815802232335 22.74423651409177
    vertex -150 -19.99999999999999 25
    vertex -150 -16.3397459621556 26.33974596215561
  endloop
endfacet
facet normal -1 0 0
  outer loop
    vertex -150 12.47881315359562 25.76613977472084
    vertex -150 15 30
    vertex -150 16.33974596215561 26.33974596215563
  endloop
endfacet
facet normal -1 0 0
  outer loop
    vertex -150 11.902020639548 14.65281117530219
    vertex -150 11.80186428363031 10.06947967492686
    vertex -150 8.712866751474611 12.63441781204435
  endloop
endfacet
facet normal -1 -0 0
  outer loop
    vertex -150 15.83828029399619 17.2083099776592
    vertex -150 11.902020639548 14.65281117530219
    vertex -150 12.20862902210111 18.49505039433848
  endloop
endfacet
facet normal -1 0 0
  outer loop
    vertex -150 12.01833072586436 4.543152432458189
    vertex -150 15.76613977472084 7.521186846404387
    vertex -150 16.33974596215561 3.660254037844382
  endloop
endfacet
facet normal -1 -0 0
  outer loop
    vertex -150 -12.45057607812843 25.91981953863446
    vertex -150 -15.6815802232335 22.74423651409177
    vertex -150 -16.3397459621556 26.33974596215561
  endloop
endfacet
facet normal -1 0 0
  outer loop
    vertex -150 15.42443793758815 22.13434760360181
    vertex -150 12.47881315359562 25.76613977472084
    vertex -150 16.33974596215561 26.33974596215563
  endloop
endfacet
facet normal -1 0 -0
  outer loop
    vertex -150 -15.93109219105069 7.37639488420076
    vertex -150 -12.745783076702 3.939218014219463
    vertex -150 -16.36520367722471 3.63479632277528
  endloop
endfacet
facet normal -1 0 0
  outer loop
    vertex -150 -12.745783076702 3.939218014219463
    vertex -150 -14.99999999999999 0
    vertex -150 -16.36520367722471 3.63479632277528
  endloop
endfacet
facet normal -1 -0 0
  outer loop
    vertex -150 11.80186428363031 10.06947967492686
    vertex -150 7.38707910325498 8.734273179306925
    vertex -150 8.712866751474611 12.63441781204435
  endloop
endfacet
facet normal -1 0 0
  outer loop
    vertex -150 7.38707910325498 8.734273179306925
    vertex -150 4.641885434624982 12.76858916342308
    vertex -150 8.712866751474611 12.63441781204435
  endloop
endfacet
facet normal 0 -1 0
  outer loop
    vertex 76.84453348597447 -19.99999999999999 7.510371498055644
    vertex 81.72940119650877 -19.99999999999999 4.754088918330567
    vertex 80.95479408451999 -19.99999999999999 10.04948796894885
  endloop
endfacet
facet normal 0 -1 0
  outer loop
    vertex 119.9542261173037 -19.99999999999999 17.66468816849289
    vertex 124.2189839985254 -19.99999999999999 15.26543085940651
    vertex 124.652503690799 -19.99999999999999 20.97852375366098
  endloop
endfacet
facet normal 0 -1 0
  outer loop
    vertex -23.18928155204949 -19.99999999999999 19.96771825767287
    vertex -22.68788249060759 -19.99999999999999 25.55670372618285
    vertex -27.94006869124216 -19.99999999999999 21.81058485095868
  endloop
endfacet
facet normal 0 -1 -0
  outer loop
    vertex -136.2644671150409 -19.99999999999999 10.20237235000689
    vertex -136.8623129130073 -19.99999999999999 4.761840305452523
    vertex -131.7904031961704 -19.99999999999999 7.545268459299379
  endloop
endfacet
facet normal 0 -1 -0
  outer loop
    vertex 11.02529759534769 -19.99999999999999 9.295979856450106
    vertex 7.970149253607048 -19.99999999999999 4.486459034512574
    vertex 12.93468492487779 -19.99999999999999 4.193634910461753
  endloop
endfacet
facet normal 0 -1 -0
  outer loop
    vertex 140.9185700100741 -19.99999999999999 9.242173243529383
    vertex 137.9336282735328 -19.99999999999999 4.481480624777156
    vertex 142.5440031848051 -19.99999999999999 4.161625432834885
  endloop
endfacet
facet normal 0 -1 0
  outer loop
    vertex 49.99999999999997 -19.99999999999999 0
    vertex 52.42191369647074 -19.99999999999999 4.07783278190173
    vertex 46.59581099834378 -19.99999999999999 4.82407124125076
  endloop
endfacet
facet normal 0 -1 0
  outer loop
    vertex -6.77700262049791 -19.99999999999999 4.751206705182781
    vertex -1.827020405649534 -19.99999999999999 7.505923968431599
    vertex -5.996242786661355 -19.99999999999999 10.04540724849846
  endloop
endfacet
facet normal 0 -1 0
  outer loop
    vertex 7.970149253607048 -19.99999999999999 4.486459034512574
    vertex 11.02529759534769 -19.99999999999999 9.295979856450106
    vertex 6.414146904046618 -19.99999999999999 8.321079840212121
  endloop
endfacet
facet normal -0 -1 0
  outer loop
    vertex -22.68788249060759 -19.99999999999999 25.55670372618285
    vertex -27.61744625884799 -19.99999999999999 26.60251205707943
    vertex -27.94006869124216 -19.99999999999999 21.81058485095868
  endloop
endfacet
facet normal 0 -1 0
  outer loop
    vertex 29.19666814413731 -19.99999999999999 20.71540865521821
    vertex 32.10275277520148 -19.99999999999999 25.52362725550421
    vertex 27.30197530034943 -19.99999999999999 25.7674702335346
  endloop
endfacet
facet normal -0 -1 0
  outer loop
    vertex 81.72940119650877 -19.99999999999999 4.754088918330567
    vertex 76.84453348597447 -19.99999999999999 7.510371498055644
    vertex 77.49999999999997 -19.99999999999999 3.415793223795081
  endloop
endfacet
facet normal 0 -1 0
  outer loop
    vertex -87.12714921110951 -19.99999999999999 25.41580081513753
    vertex -84.22121578860887 -19.99999999999999 20.77276732712216
    vertex -82.3408770887863 -19.99999999999999 25.74661217452378
  endloop
endfacet
facet normal -0 -1 0
  outer loop
    vertex -97.85885795121808 -19.99999999999999 4.582784788825744
    vertex -100.7438700399115 -19.99999999999999 9.247917284563382
    vertex -102.6457261857464 -19.99999999999999 4.252325474864552
  endloop
endfacet
facet normal 0 -1 0
  outer loop
    vertex 137.9336282735328 -19.99999999999999 4.481480624777156
    vertex 140.9185700100741 -19.99999999999999 9.242173243529383
    vertex 136.1998248486979 -19.99999999999999 8.337133045573694
  endloop
endfacet
facet normal -0 -1 0
  outer loop
    vertex 127.2014365863983 -19.99999999999999 4.461788894234516
    vertex 124.4152566174452 -19.99999999999999 9.263136914565269
    vertex 122.4171534007042 -19.99999999999999 4.235381137008257
  endloop
endfacet
facet normal 0 -1 0
  outer loop
    vertex 22.57525055874649 -19.99999999999999 3.985313712646928
    vertex 24.99999999999997 -19.99999999999999 0
    vertex 28.29492569496782 -19.99999999999999 4.810317187207815
  endloop
endfacet
facet normal 0 -1 0
  outer loop
    vertex -131.7904031961704 -19.99999999999999 7.545268459299379
    vertex -136.8623129130073 -19.99999999999999 4.761840305452523
    vertex -132.5 -19.99999999999999 3.405682005571258
  endloop
endfacet
facet normal 0 -1 0
  outer loop
    vertex 46.84363515187454 -19.99999999999999 25.24787103486756
    vertex 41.89114732442832 -19.99999999999999 22.50165862253444
    vertex 46.07695154587051 -19.99999999999999 20.00000000003229
  endloop
endfacet
facet normal -0 -1 0
  outer loop
    vertex 92.38920490492214 -19.99999999999999 4.41083802438089
    vertex 89.62823687833111 -19.99999999999999 9.292813852810905
    vertex 87.50000000000003 -19.99999999999999 4.330127018922287
  endloop
endfacet
facet normal 0 -1 -0
  outer loop
    vertex 32.10275277520148 -19.99999999999999 25.52362725550421
    vertex 29.19666814413731 -19.99999999999999 20.71540865521821
    vertex 33.81052963133087 -19.99999999999999 21.71790286396502
  endloop
endfacet
facet normal 0 -1 -0
  outer loop
    vertex -49.51918199492545 -19.99999999999999 9.243370221774715
    vertex -52.32114406190435 -19.99999999999999 4.563738540543987
    vertex -47.59207470608968 -19.99999999999999 4.183302604717955
  endloop
endfacet
facet normal 0 -1 0
  outer loop
    vertex -12.50000000000003 -19.99999999999999 4.330127018922191
    vertex -14.69553750467099 -19.99999999999999 9.284701822417137
    vertex -17.42302400183456 -19.99999999999999 4.4054771346973
  endloop
endfacet
facet normal 0 -1 0
  outer loop
    vertex -135.4686046147142 -19.99999999999999 20.78094897824629
    vertex -132.6650023705485 -19.99999999999999 25.43779101824364
    vertex -137.3681172134093 -19.99999999999999 25.8647556934278
  endloop
endfacet
facet normal -0 -1 0
  outer loop
    vertex -97.06774881698647 -19.99999999999999 22.36945467781323
    vertex -101.8723309918941 -19.99999999999999 25.24626666966052
    vertex -101.1960994542386 -19.99999999999999 19.95028001263962
  endloop
endfacet
facet normal 0 -1 0
  outer loop
    vertex 112.5603102897666 -19.99999999999999 25.60167505130599
    vertex 115.2889099363122 -19.99999999999999 20.75305739371376
    vertex 117.5 -19.99999999999999 25.66987298107784
  endloop
endfacet
facet normal 0 -1 0
  outer loop
    vertex 52.49999999999997 -19.99999999999999 25.66987298107781
    vertex 54.83728278191396 -19.99999999999999 20.71263059867409
    vertex 57.5 -19.99999999999999 25.66987298107781
  endloop
endfacet
facet normal 0 -1 0
  outer loop
    vertex 77.49999999999997 -19.99999999999999 25.66987298107781
    vertex 80.38501506694138 -19.99999999999999 20.83150265372057
    vertex 82.26549983896004 -19.99999999999999 25.87197117588042
  endloop
endfacet
facet normal 0 -1 0
  outer loop
    vertex -112.5 -19.99999999999999 25.66987298107781
    vertex -109.8602276111698 -19.99999999999999 20.7101407211274
    vertex -107.5 -19.99999999999999 25.66987298107783
  endloop
endfacet
facet normal 0 -1 0
  outer loop
    vertex -72.50000000000003 -19.99999999999999 4.330127018922191
    vertex -75.09802953164201 -19.99999999999999 9.285693728487779
    vertex -77.50000000000003 -19.99999999999999 4.330127018922191
  endloop
endfacet
facet normal 0 -1 0
  outer loop
    vertex -83.11715786684063 -19.99999999999999 4.754330782958238
    vertex -83.82685902180211 -19.99999999999999 10.00000000010995
    vertex -87.92918551229938 -19.99999999999999 7.602735017186912
  endloop
endfacet
facet normal 0 -1 0
  outer loop
    vertex -84.22121578860887 -19.99999999999999 20.77276732712216
    vertex -87.12714921110951 -19.99999999999999 25.41580081513753
    vertex -88.91598576535813 -19.99999999999999 21.7163235455831
  endloop
endfacet
facet normal 0 -1 0
  outer loop
    vertex 89.69625061327716 -19.99999999999999 20.76778803149077
    vertex 92.49999999999997 -19.99999999999999 25.66987298107781
    vertex 87.68941194250505 -19.99999999999999 25.84542923545364
  endloop
endfacet
facet normal 0 -1 0
  outer loop
    vertex -100.7438700399115 -19.99999999999999 9.247917284563382
    vertex -97.85885795121808 -19.99999999999999 4.582784788825744
    vertex -96.03650494743337 -19.99999999999999 8.329726557250982
  endloop
endfacet
facet normal 0 -1 0
  outer loop
    vertex -1.827020405649534 -19.99999999999999 7.505923968431599
    vertex -6.77700262049791 -19.99999999999999 4.751206705182781
    vertex -2.5 -19.99999999999999 3.392938200406043
  endloop
endfacet
facet normal -0 -1 0
  outer loop
    vertex -37.50000000000003 -19.99999999999999 4.330127018922191
    vertex -40.23148618457662 -19.99999999999999 9.17711932514786
    vertex -42.26278432367496 -19.99999999999999 4.144504861171868
  endloop
endfacet
facet normal 0 -1 -0
  outer loop
    vertex 115.1549726421196 -19.99999999999999 9.233844494550976
    vertex 112.4765584134066 -19.99999999999999 4.405023567897146
    vertex 117.3297577519273 -19.99999999999999 4.219980111576049
  endloop
endfacet
facet normal -0 -1 0
  outer loop
    vertex 17.35479759425604 -19.99999999999999 25.53534509264545
    vertex 14.99999999999997 -19.99999999999999 30
    vertex 11.96254932051869 -19.99999999999999 25.19044161259976
  endloop
endfacet
facet normal 0 -1 -0
  outer loop
    vertex -109.9841099870436 -19.99999999999999 9.21699058045661
    vertex -112.5778287310278 -19.99999999999999 4.42946412687828
    vertex -107.8396070471555 -19.99999999999999 4.145474137419022
  endloop
endfacet
facet normal 0 -1 0
  outer loop
    vertex -74.97912389575323 -19.99999999999999 20.76076402820446
    vertex -72.41522761533002 -19.99999999999999 25.57140139160141
    vertex -77.1487920313408 -19.99999999999999 25.85302928806539
  endloop
endfacet
facet normal 0 -1 0
  outer loop
    vertex 17.35479759425604 -19.99999999999999 25.53534509264545
    vertex 19.89820074729059 -19.99999999999999 20.83687195526815
    vertex 22.03537609187961 -19.99999999999999 25.92332348163854
  endloop
endfacet
facet normal 0 -1 0
  outer loop
    vertex 141.485336283223 -19.99999999999999 20.02968344675231
    vertex 142.0408719047129 -19.99999999999999 25.47151376279599
    vertex 137.2363513999632 -19.99999999999999 22.48324773479948
  endloop
endfacet
facet normal 0 -1 -0
  outer loop
    vertex -70.00000000000003 -19.99999999999999 30
    vertex -72.41522761533002 -19.99999999999999 25.57140139160141
    vertex -66.99953491963954 -19.99999999999999 25.19735963562007
  endloop
endfacet
facet normal 0 -1 0
  outer loop
    vertex 124.4152566174452 -19.99999999999999 9.263136914565269
    vertex 127.2014365863983 -19.99999999999999 4.461788894234516
    vertex 128.9854970459065 -19.99999999999999 8.337119801394028
  endloop
endfacet
facet normal 0 -1 0
  outer loop
    vertex -115 -19.99999999999999 0
    vertex -112.5778287310278 -19.99999999999999 4.42946412687828
    vertex -117.9926378252788 -19.99999999999999 4.809237272661257
  endloop
endfacet
facet normal 0 -1 0
  outer loop
    vertex -67.01911563223874 -19.99999999999999 4.762530035189286
    vertex -62.33389867943585 -19.99999999999999 7.63116331661746
    vertex -66.50635094611334 -19.99999999999999 10.00000000009976
  endloop
endfacet
facet normal 0 -1 0
  outer loop
    vertex -117.9703132027795 -19.99999999999999 25.23680024023017
    vertex -122.6532306574966 -19.99999999999999 22.37849903055962
    vertex -118.4678751731739 -19.99999999999999 20.00000000013002
  endloop
endfacet
facet normal 0 -1 0
  outer loop
    vertex 41.89114732442832 -19.99999999999999 22.50165862253444
    vertex 46.84363515187454 -19.99999999999999 25.24787103486756
    vertex 42.49999999999997 -19.99999999999999 26.62884844713863
  endloop
endfacet
facet normal 0 -1 0
  outer loop
    vertex -52.32114406190435 -19.99999999999999 4.563738540543987
    vertex -49.51918199492545 -19.99999999999999 9.243370221774715
    vertex -54.21915614142307 -19.99999999999999 8.287912684505862
  endloop
endfacet
facet normal 0 -1 0
  outer loop
    vertex 119.9542261173037 -19.99999999999999 17.66468816849289
    vertex 124.652503690799 -19.99999999999999 20.97852375366098
    vertex 119.979127948883 -19.99999999999999 22.16792899776833
  endloop
endfacet
facet normal 0 -1 0
  outer loop
    vertex -140.1185102677863 -19.99999999999999 17.5000000001425
    vertex -145.4333563744441 -19.99999999999999 17.3974004922421
    vertex -141.0980634036399 -19.99999999999999 13.00580815348879
  endloop
endfacet
facet normal 0 -1 -0
  outer loop
    vertex -132.6650023705485 -19.99999999999999 25.43779101824364
    vertex -135.4686046147142 -19.99999999999999 20.78094897824629
    vertex -130.7648404363437 -19.99999999999999 21.71733631761114
  endloop
endfacet
facet normal -0 -1 0
  outer loop
    vertex 67.59908799222512 -19.99999999999999 22.37447333828001
    vertex 62.94140940080754 -19.99999999999999 25.23494557506314
    vertex 63.39745962155757 -19.99999999999999 20.00000000002275
  endloop
endfacet
facet normal 0 -1 0
  outer loop
    vertex 124.2189839985254 -19.99999999999999 15.26543085940651
    vertex 128.4976719994148 -19.99999999999999 17.57870689245368
    vertex 124.652503690799 -19.99999999999999 20.97852375366098
  endloop
endfacet
facet normal 0 -1 0
  outer loop
    vertex 110 -19.99999999999999 0
    vertex 112.4765584134066 -19.99999999999999 4.405023567897146
    vertex 107.0784703733945 -19.99999999999999 4.817098077252904
  endloop
endfacet
facet normal 0 -1 0
  outer loop
    vertex 80.38501506694138 -19.99999999999999 20.83150265372057
    vertex 77.49999999999997 -19.99999999999999 25.66987298107781
    vertex 75.93854526907435 -19.99999999999999 21.72179752358472
  endloop
endfacet
facet normal 0 -1 0
  outer loop
    vertex -136.2644671150409 -19.99999999999999 10.20237235000689
    vertex -135.9345833792551 -19.99999999999999 15.05475477960455
    vertex -141.0980634036399 -19.99999999999999 13.00580815348879
  endloop
endfacet
facet normal 0 -1 0
  outer loop
    vertex -101.8723309918941 -19.99999999999999 25.24626666966052
    vertex -97.06774881698647 -19.99999999999999 22.36945467781323
    vertex -97.28916630662343 -19.99999999999999 26.53006168021681
  endloop
endfacet
facet normal 0 -1 0
  outer loop
    vertex 107.0981286375457 -19.99999999999999 25.23235419178291
    vertex 102.4686186403621 -19.99999999999999 22.37975273140864
    vertex 106.6987298107809 -19.99999999999999 20.00000000000454
  endloop
endfacet
facet normal 0 -1 0
  outer loop
    vertex 44.99999999999997 -19.99999999999999 0
    vertex 49.99999999999997 -19.99999999999999 0
    vertex 46.59581099834378 -19.99999999999999 4.82407124125076
  endloop
endfacet
facet normal -0 -1 0
  outer loop
    vertex -83.11715786684063 -19.99999999999999 4.754330782958238
    vertex -87.92918551229938 -19.99999999999999 7.602735017186912
    vertex -87.70669128775788 -19.99999999999999 3.471413160052009
  endloop
endfacet
facet normal 0 -1 0
  outer loop
    vertex 89.62823687833111 -19.99999999999999 9.292813852810905
    vertex 92.38920490492214 -19.99999999999999 4.41083802438089
    vertex 94.33654408731675 -19.99999999999999 8.243091896140168
  endloop
endfacet
facet normal 0 -1 -0
  outer loop
    vertex 92.49999999999997 -19.99999999999999 25.66987298107781
    vertex 89.69625061327716 -19.99999999999999 20.76778803149077
    vertex 94.38363350448006 -19.99999999999999 21.77118332607105
  endloop
endfacet
facet normal -0 -1 0
  outer loop
    vertex -141.1878699517244 -19.99999999999999 8.592888896491843
    vertex -145.6698729810778 -19.99999999999999 12.5
    vertex -145.8238178078286 -19.99999999999999 7.392759749954688
  endloop
endfacet
facet normal 0 -1 0
  outer loop
    vertex 46.59581099834378 -19.99999999999999 4.82407124125076
    vertex 52.42191369647074 -19.99999999999999 4.07783278190173
    vertex 50.52707125206953 -19.99999999999999 8.070693404423096
  endloop
endfacet
facet normal 0 -1 0
  outer loop
    vertex -22.86226908043065 -19.99999999999999 4.770302154540072
    vertex -23.2203256387227 -19.99999999999999 10.07874659151411
    vertex -27.47709664887185 -19.99999999999999 7.609365199818761
  endloop
endfacet
facet normal 0 -1 -0
  outer loop
    vertex -145.4333563744441 -19.99999999999999 17.3974004922421
    vertex -145.6698729810778 -19.99999999999999 12.5
    vertex -141.0980634036399 -19.99999999999999 13.00580815348879
  endloop
endfacet
facet normal 0 -1 0
  outer loop
    vertex 24.99999999999997 -19.99999999999999 0
    vertex 29.99999999999997 -19.99999999999999 0
    vertex 28.29492569496782 -19.99999999999999 4.810317187207815
  endloop
endfacet
facet normal 0 -1 0
  outer loop
    vertex -40.23148618457662 -19.99999999999999 9.17711932514786
    vertex -37.50000000000003 -19.99999999999999 4.330127018922191
    vertex -35.55785246324027 -19.99999999999999 8.216922912357632
  endloop
endfacet
facet normal 0 -1 0
  outer loop
    vertex -37.50000000000003 -19.99999999999999 4.330127018922191
    vertex -35.00000000000003 -19.99999999999999 0
    vertex -32.14610943162393 -19.99999999999999 4.809597948018382
  endloop
endfacet
facet normal 0 -1 0
  outer loop
    vertex -17.42302400183456 -19.99999999999999 4.4054771346973
    vertex -14.69553750467099 -19.99999999999999 9.284701822417137
    vertex -19.41522199272529 -19.99999999999999 8.207845540648236
  endloop
endfacet
facet normal -0 -1 0
  outer loop
    vertex 14.99999999999997 -19.99999999999999 30
    vertex 9.999999999999972 -19.99999999999999 30
    vertex 11.96254932051869 -19.99999999999999 25.19044161259976
  endloop
endfacet
facet normal 0 -1 0
  outer loop
    vertex 97.79352036097484 -19.99999999999999 4.775050631876574
    vertex 102.3339470914457 -19.99999999999999 7.629678740284405
    vertex 98.07657688696966 -19.99999999999999 10.13351438497991
  endloop
endfacet
facet normal 0 -1 0
  outer loop
    vertex 115.2889099363122 -19.99999999999999 20.75305739371376
    vertex 112.5603102897666 -19.99999999999999 25.60167505130599
    vertex 110.6195678601815 -19.99999999999999 21.79109070980908
  endloop
endfacet
facet normal 0 -1 0
  outer loop
    vertex 112.4765584134066 -19.99999999999999 4.405023567897146
    vertex 115.1549726421196 -19.99999999999999 9.233844494550976
    vertex 110.4599970324328 -19.99999999999999 8.243620079357346
  endloop
endfacet
facet normal -0 -1 0
  outer loop
    vertex -65.00000000000003 -19.99999999999999 30
    vertex -70.00000000000003 -19.99999999999999 30
    vertex -66.99953491963954 -19.99999999999999 25.19735963562007
  endloop
endfacet
facet normal 0 -1 0
  outer loop
    vertex -145.6698729810778 -19.99999999999999 12.5
    vertex -141.1878699517244 -19.99999999999999 8.592888896491843
    vertex -141.0980634036399 -19.99999999999999 13.00580815348879
  endloop
endfacet
facet normal 0 -1 0
  outer loop
    vertex -120 -19.99999999999999 0
    vertex -115 -19.99999999999999 0
    vertex -117.9926378252788 -19.99999999999999 4.809237272661257
  endloop
endfacet
facet normal 0 -1 -0
  outer loop
    vertex 94.99999999999997 -19.99999999999999 30
    vertex 92.49999999999997 -19.99999999999999 25.66987298107781
    vertex 97.81812567888485 -19.99999999999999 25.1899207362312
  endloop
endfacet
facet normal 0 -1 0
  outer loop
    vertex 137.2363513999632 -19.99999999999999 22.48324773479948
    vertex 142.0408719047129 -19.99999999999999 25.47151376279599
    vertex 137.5 -19.99999999999999 26.65063509461069
  endloop
endfacet
facet normal 0 -1 0
  outer loop
    vertex -136.8623129130073 -19.99999999999999 4.761840305452523
    vertex -136.2644671150409 -19.99999999999999 10.20237235000689
    vertex -141.1878699517244 -19.99999999999999 8.592888896491843
  endloop
endfacet
facet normal 0 -1 -0
  outer loop
    vertex 57.5 -19.99999999999999 25.66987298107781
    vertex 54.83728278191396 -19.99999999999999 20.71263059867409
    vertex 59.564492170363 -19.99999999999999 21.80405626443062
  endloop
endfacet
facet normal 0 -1 0
  outer loop
    vertex 22.57525055874649 -19.99999999999999 3.985313712646928
    vertex 28.29492569496782 -19.99999999999999 4.810317187207815
    vertex 24.36941979637939 -19.99999999999999 8.0778981736823
  endloop
endfacet
facet normal 0 -1 0
  outer loop
    vertex 105 -19.99999999999999 0
    vertex 110 -19.99999999999999 0
    vertex 107.0784703733945 -19.99999999999999 4.817098077252904
  endloop
endfacet
facet normal 0 -1 0
  outer loop
    vertex 19.89820074729059 -19.99999999999999 20.83687195526815
    vertex 24.51211356574893 -19.99999999999999 22.17449694061413
    vertex 22.03537609187961 -19.99999999999999 25.92332348163854
  endloop
endfacet
facet normal 0 -1 0
  outer loop
    vertex -127.340626804725 -19.99999999999999 4.534990813307104
    vertex -122.7990922228034 -19.99999999999999 7.588945123509774
    vertex -127.2196317291339 -19.99999999999999 9.945814403406402
  endloop
endfacet
facet normal 0 -1 0
  outer loop
    vertex -112.5778287310278 -19.99999999999999 4.42946412687828
    vertex -109.9841099870436 -19.99999999999999 9.21699058045661
    vertex -114.6604629233146 -19.99999999999999 8.24036838809241
  endloop
endfacet
facet normal 0 -1 0
  outer loop
    vertex -109.8602276111698 -19.99999999999999 20.7101407211274
    vertex -112.5 -19.99999999999999 25.66987298107781
    vertex -114.5872328282753 -19.99999999999999 21.82336278853858
  endloop
endfacet
facet normal 0 -1 0
  outer loop
    vertex -57.65129010952577 -19.99999999999999 25.51482159809305
    vertex -62.18737647681399 -19.99999999999999 22.42773532959788
    vertex -57.79998755542951 -19.99999999999999 20.0559558661942
  endloop
endfacet
facet normal 0 -1 0
  outer loop
    vertex -75.09802953164201 -19.99999999999999 9.285693728487779
    vertex -72.50000000000003 -19.99999999999999 4.330127018922191
    vertex -70.37678437156254 -19.99999999999999 8.193792071145424
  endloop
endfacet
facet normal 0 -1 -0
  outer loop
    vertex -72.41522761533002 -19.99999999999999 25.57140139160141
    vertex -74.97912389575323 -19.99999999999999 20.76076402820446
    vertex -70.31980379614345 -19.99999999999999 21.75815777539907
  endloop
endfacet
facet normal 0 -1 0
  outer loop
    vertex -79.71218075094336 -19.99999999999999 22.02884144306688
    vertex -74.97912389575323 -19.99999999999999 20.76076402820446
    vertex -77.1487920313408 -19.99999999999999 25.85302928806539
  endloop
endfacet
facet normal -0 -1 0
  outer loop
    vertex -105.2526159687326 -19.99999999999999 7.950530067491115
    vertex -109.9841099870436 -19.99999999999999 9.21699058045661
    vertex -107.8396070471555 -19.99999999999999 4.145474137419022
  endloop
endfacet
facet normal -0 -1 0
  outer loop
    vertex 77.49999999999997 -19.99999999999999 25.66987298107781
    vertex 74.99999999999997 -19.99999999999999 30
    vertex 72.21720971857215 -19.99999999999999 25.18566515999116
  endloop
endfacet
facet normal 0 -1 0
  outer loop
    vertex -35.00000000000003 -19.99999999999999 0
    vertex -30.00000000000003 -19.99999999999999 0
    vertex -32.14610943162393 -19.99999999999999 4.809597948018382
  endloop
endfacet
facet normal 0 -1 0
  outer loop
    vertex 19.89820074729059 -19.99999999999999 20.83687195526815
    vertex 17.35479759425604 -19.99999999999999 25.53534509264545
    vertex 15.25659687596462 -19.99999999999999 21.76678528596435
  endloop
endfacet
facet normal -0 -1 0
  outer loop
    vertex 7.131419853733377 -19.99999999999999 22.42026444373884
    vertex 2.623581967304062 -19.99999999999999 25.5162667130724
    vertex 2.730927132429258 -19.99999999999999 20.05707411179922
  endloop
endfacet
facet normal -0 -1 0
  outer loop
    vertex 99.99999999999997 -19.99999999999999 30
    vertex 94.99999999999997 -19.99999999999999 30
    vertex 97.81812567888485 -19.99999999999999 25.1899207362312
  endloop
endfacet
facet normal 0 -1 0
  outer loop
    vertex -32.37816122962485 -19.99999999999999 25.26720892844931
    vertex -32.06562406742216 -19.99999999999999 19.93408892965363
    vertex -27.94006869124216 -19.99999999999999 21.81058485095868
  endloop
endfacet
facet normal 0 -1 0
  outer loop
    vertex -141.1878699517244 -19.99999999999999 8.592888896491843
    vertex -136.2644671150409 -19.99999999999999 10.20237235000689
    vertex -141.0980634036399 -19.99999999999999 13.00580815348879
  endloop
endfacet
facet normal -0 -1 0
  outer loop
    vertex 74.99999999999997 -19.99999999999999 30
    vertex 69.99999999999997 -19.99999999999999 30
    vertex 72.21720971857215 -19.99999999999999 25.18566515999116
  endloop
endfacet
facet normal -0 -1 0
  outer loop
    vertex -125 -19.99999999999999 30
    vertex -130 -19.99999999999999 30
    vertex -127.2675738436585 -19.99999999999999 25.15089649212413
  endloop
endfacet
facet normal 0 -1 0
  outer loop
    vertex -60.00000000000003 -19.99999999999999 0
    vertex -55.00000000000003 -19.99999999999999 0
    vertex -57.72397342654418 -19.99999999999999 4.855078354922163
  endloop
endfacet
facet normal -0 -1 0
  outer loop
    vertex 119.8730177829392 -19.99999999999999 7.961704684195439
    vertex 115.1549726421196 -19.99999999999999 9.233844494550976
    vertex 117.3297577519273 -19.99999999999999 4.219980111576049
  endloop
endfacet
facet normal 0 -1 -0
  outer loop
    vertex -130 -19.99999999999999 30
    vertex -132.6650023705485 -19.99999999999999 25.43779101824364
    vertex -127.2675738436585 -19.99999999999999 25.15089649212413
  endloop
endfacet
facet normal -0 -1 0
  outer loop
    vertex 137.2363513999632 -19.99999999999999 22.48324773479948
    vertex 132.6773140080067 -19.99999999999999 25.24393310781853
    vertex 132.8615350606713 -19.99999999999999 19.95355392052711
  endloop
endfacet
facet normal 0 -1 0
  outer loop
    vertex -95.00000000000003 -19.99999999999999 0
    vertex -90.00000000000003 -19.99999999999999 0
    vertex -92.48711305964935 -19.99999999999999 5.000000000114873
  endloop
endfacet
facet normal -0 -1 0
  outer loop
    vertex -90.00000000000003 -19.99999999999999 30
    vertex -95.00000000000003 -19.99999999999999 30
    vertex -92.50575172423655 -19.99999999999999 25.0345870536103
  endloop
endfacet
facet normal 0 -1 0
  outer loop
    vertex -55.00000000000003 -19.99999999999999 0
    vertex -52.32114406190435 -19.99999999999999 4.563738540543987
    vertex -57.72397342654418 -19.99999999999999 4.855078354922163
  endloop
endfacet
facet normal 0 -1 0
  outer loop
    vertex -62.33389867943585 -19.99999999999999 7.63116331661746
    vertex -67.01911563223874 -19.99999999999999 4.762530035189286
    vertex -62.43956967688842 -19.99999999999999 3.418487976125693
  endloop
endfacet
facet normal 0 -1 0
  outer loop
    vertex -40.23148618457662 -19.99999999999999 9.17711932514786
    vertex -44.83471292822964 -19.99999999999999 7.809284868234148
    vertex -42.26278432367496 -19.99999999999999 4.144504861171868
  endloop
endfacet
facet normal 0 -1 -0
  outer loop
    vertex 84.99999999999997 -19.99999999999999 30
    vertex 82.26549983896004 -19.99999999999999 25.87197117588042
    vertex 87.68941194250505 -19.99999999999999 25.84542923545364
  endloop
endfacet
facet normal 0 -1 0
  outer loop
    vertex -47.59207470608968 -19.99999999999999 4.183302604717955
    vertex -45.00000000000003 -19.99999999999999 0
    vertex -42.26278432367496 -19.99999999999999 4.144504861171868
  endloop
endfacet
facet normal 0 -1 0
  outer loop
    vertex 120 -19.99999999999999 0
    vertex 122.4171534007042 -19.99999999999999 4.235381137008257
    vertex 117.3297577519273 -19.99999999999999 4.219980111576049
  endloop
endfacet
facet normal 0 -1 0
  outer loop
    vertex -105 -19.99999999999999 0
    vertex -102.6457261857464 -19.99999999999999 4.252325474864552
    vertex -107.8396070471555 -19.99999999999999 4.145474137419022
  endloop
endfacet
facet normal 0 -1 -0
  outer loop
    vertex -80.00000000000003 -19.99999999999999 30
    vertex -82.3408770887863 -19.99999999999999 25.74661217452378
    vertex -77.1487920313408 -19.99999999999999 25.85302928806539
  endloop
endfacet
facet normal 0 -1 0
  outer loop
    vertex 27.30197530034943 -19.99999999999999 25.7674702335346
    vertex 24.99999999999997 -19.99999999999999 30
    vertex 22.03537609187961 -19.99999999999999 25.92332348163854
  endloop
endfacet
facet normal 0 -1 0
  outer loop
    vertex 33.02014581834624 -19.99999999999999 7.581303160112519
    vertex 37.44427141715437 -19.99999999999999 4.542756506028066
    vertex 37.42393978479731 -19.99999999999999 9.954218412063351
  endloop
endfacet
facet normal 0 -1 0
  outer loop
    vertex -122.6532306574966 -19.99999999999999 22.37849903055962
    vertex -117.9703132027795 -19.99999999999999 25.23680024023017
    vertex -122.5399099697893 -19.99999999999999 26.60589572093765
  endloop
endfacet
facet normal 0 -1 0
  outer loop
    vertex -77.50000000000003 -19.99999999999999 4.330127018922191
    vertex -75.09802953164201 -19.99999999999999 9.285693728487779
    vertex -79.82587213337254 -19.99999999999999 8.119402839591398
  endloop
endfacet
facet normal 0 -1 -0
  outer loop
    vertex -107.5 -19.99999999999999 25.66987298107783
    vertex -109.8602276111698 -19.99999999999999 20.7101407211274
    vertex -105.1548024599106 -19.99999999999999 21.85415856949318
  endloop
endfacet
facet normal 0 -1 0
  outer loop
    vertex 84.99183830178268 -19.99999999999999 22.17263782624438
    vertex 89.69625061327716 -19.99999999999999 20.76778803149077
    vertex 87.68941194250505 -19.99999999999999 25.84542923545364
  endloop
endfacet
facet normal 0 -1 0
  outer loop
    vertex 72.43720662508773 -19.99999999999999 4.765375913311672
    vertex 72.23185895335931 -19.99999999999999 10.06225336844312
    vertex 68.24573519456237 -19.99999999999999 8.397459621566366
  endloop
endfacet
facet normal 0 -1 0
  outer loop
    vertex 54.83728278191396 -19.99999999999999 20.71263059867409
    vertex 52.49999999999997 -19.99999999999999 25.66987298107781
    vertex 50.09502890809355 -19.99999999999999 21.90766358837051
  endloop
endfacet
facet normal 0 -1 0
  outer loop
    vertex 80.38501506694138 -19.99999999999999 20.83150265372057
    vertex 84.99183830178268 -19.99999999999999 22.17263782624438
    vertex 82.26549983896004 -19.99999999999999 25.87197117588042
  endloop
endfacet
facet normal 0 -1 0
  outer loop
    vertex 17.35479759425604 -19.99999999999999 25.53534509264545
    vertex 11.96254932051869 -19.99999999999999 25.19044161259976
    vertex 15.25659687596462 -19.99999999999999 21.76678528596435
  endloop
endfacet
facet normal 0 -1 0
  outer loop
    vertex -140.282949134101 -19.99999999999999 22.37914102142832
    vertex -135.4686046147142 -19.99999999999999 20.78094897824629
    vertex -137.3681172134093 -19.99999999999999 25.8647556934278
  endloop
endfacet
facet normal -0 -1 0
  outer loop
    vertex -44.83471292822964 -19.99999999999999 7.809284868234148
    vertex -49.51918199492545 -19.99999999999999 9.243370221774715
    vertex -47.59207470608968 -19.99999999999999 4.183302604717955
  endloop
endfacet
facet normal 0 -1 -0
  outer loop
    vertex 117.5 -19.99999999999999 25.66987298107784
    vertex 115.2889099363122 -19.99999999999999 20.75305739371376
    vertex 119.979127948883 -19.99999999999999 22.16792899776833
  endloop
endfacet
facet normal 0 -1 0
  outer loop
    vertex 62.94140940080754 -19.99999999999999 25.23494557506314
    vertex 67.59908799222512 -19.99999999999999 22.37447333828001
    vertex 67.51878331717234 -19.99999999999999 26.62524102420412
  endloop
endfacet
facet normal 0 -1 0
  outer loop
    vertex 37.44427141715437 -19.99999999999999 4.542756506028066
    vertex 41.82751160218004 -19.99999999999999 7.599783826202096
    vertex 37.42393978479731 -19.99999999999999 9.954218412063351
  endloop
endfacet
facet normal 0 -1 0
  outer loop
    vertex 37.51251003535143 -19.99999999999999 19.96977622455037
    vertex 41.89114732442832 -19.99999999999999 22.50165862253444
    vertex 37.51265593637351 -19.99999999999999 25.18078389104375
  endloop
endfacet
facet normal 0 -1 0
  outer loop
    vertex 124.4152566174452 -19.99999999999999 9.263136914565269
    vertex 119.8730177829392 -19.99999999999999 7.961704684195439
    vertex 122.4171534007042 -19.99999999999999 4.235381137008257
  endloop
endfacet
facet normal 0 -1 -0
  outer loop
    vertex 2.627305213724924 -19.99999999999999 10.0619111969228
    vertex 2.552512881075273 -19.99999999999999 4.832606282123816
    vertex 6.414146904046618 -19.99999999999999 8.321079840212121
  endloop
endfacet
facet normal -0 -1 0
  outer loop
    vertex -66.99953491963954 -19.99999999999999 25.19735963562007
    vertex -72.41522761533002 -19.99999999999999 25.57140139160141
    vertex -70.31980379614345 -19.99999999999999 21.75815777539907
  endloop
endfacet
facet normal 0 -1 0
  outer loop
    vertex -100.7438700399115 -19.99999999999999 9.247917284563382
    vertex -105.2526159687326 -19.99999999999999 7.950530067491115
    vertex -102.6457261857464 -19.99999999999999 4.252325474864552
  endloop
endfacet
facet normal 0 -1 0
  outer loop
    vertex -84.22121578860887 -19.99999999999999 20.77276732712216
    vertex -79.71218075094336 -19.99999999999999 22.02884144306688
    vertex -82.3408770887863 -19.99999999999999 25.74661217452378
  endloop
endfacet
facet normal 0 -1 0
  outer loop
    vertex -14.69553750467099 -19.99999999999999 9.284701822417137
    vertex -12.50000000000003 -19.99999999999999 4.330127018922191
    vertex -10.01013285492684 -19.99999999999999 8.094244796920528
  endloop
endfacet
facet normal 0 -1 0
  outer loop
    vertex 24.51211356574893 -19.99999999999999 22.17449694061413
    vertex 29.19666814413731 -19.99999999999999 20.71540865521821
    vertex 27.30197530034943 -19.99999999999999 25.7674702335346
  endloop
endfacet
facet normal 0 -1 0
  outer loop
    vertex 2.627305213724924 -19.99999999999999 10.0619111969228
    vertex -1.827020405649534 -19.99999999999999 7.505923968431599
    vertex 2.552512881075273 -19.99999999999999 4.832606282123816
  endloop
endfacet
facet normal 0 -1 -0
  outer loop
    vertex 2.623581967304062 -19.99999999999999 25.5162667130724
    vertex -1.665284220136243 -19.99999999999999 22.40977744705578
    vertex 2.730927132429258 -19.99999999999999 20.05707411179922
  endloop
endfacet
facet normal 0 -1 0
  outer loop
    vertex -117.9926378252788 -19.99999999999999 4.809237272661257
    vertex -112.5778287310278 -19.99999999999999 4.42946412687828
    vertex -114.6604629233146 -19.99999999999999 8.24036838809241
  endloop
endfacet
facet normal -0 -1 0
  outer loop
    vertex 145.7661397747208 -19.99999999999999 7.521186846404383
    vertex 140.9185700100741 -19.99999999999999 9.242173243529383
    vertex 142.5440031848051 -19.99999999999999 4.161625432834885
  endloop
endfacet
facet normal 0 -1 0
  outer loop
    vertex 102.4686186403621 -19.99999999999999 22.37975273140864
    vertex 107.0981286375457 -19.99999999999999 25.23235419178291
    vertex 102.4940062972091 -19.99999999999999 26.63815462500592
  endloop
endfacet
facet normal -0 -1 0
  outer loop
    vertex 16.11266270031217 -19.99999999999999 7.845601268167453
    vertex 11.02529759534769 -19.99999999999999 9.295979856450106
    vertex 12.93468492487779 -19.99999999999999 4.193634910461753
  endloop
endfacet
facet normal 0 -1 -0
  outer loop
    vertex 132.6303876640485 -19.99999999999999 10.19850529069328
    vertex 132.585197303072 -19.99999999999999 5.119080392307396
    vertex 136.1998248486979 -19.99999999999999 8.337133045573694
  endloop
endfacet
facet normal -0 -1 0
  outer loop
    vertex -53.39859486098092 -19.99999999999999 22.39913500444643
    vertex -57.65129010952577 -19.99999999999999 25.51482159809305
    vertex -57.79998755542951 -19.99999999999999 20.0559558661942
  endloop
endfacet
facet normal 0 -1 0
  outer loop
    vertex -131.7904031961704 -19.99999999999999 7.545268459299379
    vertex -127.340626804725 -19.99999999999999 4.534990813307104
    vertex -127.2196317291339 -19.99999999999999 9.945814403406402
  endloop
endfacet
facet normal 0 -1 0
  outer loop
    vertex -23.18928155204949 -19.99999999999999 19.96771825767287
    vertex -18.6826776746116 -19.99999999999999 22.20678997437999
    vertex -22.68788249060759 -19.99999999999999 25.55670372618285
  endloop
endfacet
facet normal 0 -1 0
  outer loop
    vertex -36.40189324820756 -19.99999999999999 22.19336624696192
    vertex -32.06562406742216 -19.99999999999999 19.93408892965363
    vertex -32.37816122962485 -19.99999999999999 25.26720892844931
  endloop
endfacet
facet normal -0 -1 0
  outer loop
    vertex 76.84453348597447 -19.99999999999999 7.510371498055644
    vertex 72.23185895335931 -19.99999999999999 10.06225336844312
    vertex 72.43720662508773 -19.99999999999999 4.765375913311672
  endloop
endfacet
facet normal 0 -1 0
  outer loop
    vertex 37.51251003535143 -19.99999999999999 19.96977622455037
    vertex 37.51265593637351 -19.99999999999999 25.18078389104375
    vertex 33.81052963133087 -19.99999999999999 21.71790286396502
  endloop
endfacet
facet normal 0 -1 -0
  outer loop
    vertex 142.0408719047129 -19.99999999999999 25.47151376279599
    vertex 141.485336283223 -19.99999999999999 20.02968344675231
    vertex 145.8936740139887 -19.99999999999999 22.34662152565716
  endloop
endfacet
facet normal 0 -1 0
  outer loop
    vertex 87.50000000000003 -19.99999999999999 4.330127018922287
    vertex 89.62823687833111 -19.99999999999999 9.292813852810905
    vertex 84.99273880026695 -19.99999999999999 8.072425573280462
  endloop
endfacet
facet normal 0 -1 0
  outer loop
    vertex -27.61744625884799 -19.99999999999999 26.60251205707943
    vertex -32.37816122962485 -19.99999999999999 25.26720892844931
    vertex -27.94006869124216 -19.99999999999999 21.81058485095868
  endloop
endfacet
facet normal -0 -1 0
  outer loop
    vertex -22.86226908043065 -19.99999999999999 4.770302154540072
    vertex -27.47709664887185 -19.99999999999999 7.609365199818761
    vertex -27.50000000000003 -19.99999999999999 3.333415972541427
  endloop
endfacet
facet normal 0 -1 0
  outer loop
    vertex -97.85885795121808 -19.99999999999999 4.582784788825744
    vertex -95.00000000000003 -19.99999999999999 0
    vertex -92.48711305964935 -19.99999999999999 5.000000000114873
  endloop
endfacet
facet normal -0 -1 0
  outer loop
    vertex -87.12714921110951 -19.99999999999999 25.41580081513753
    vertex -90.00000000000003 -19.99999999999999 30
    vertex -92.50575172423655 -19.99999999999999 25.0345870536103
  endloop
endfacet
facet normal 0 -1 0
  outer loop
    vertex 80.95479408451999 -19.99999999999999 10.04948796894885
    vertex 81.72940119650877 -19.99999999999999 4.754088918330567
    vertex 84.99273880026695 -19.99999999999999 8.072425573280462
  endloop
endfacet
facet normal 0 -1 0
  outer loop
    vertex 107.0784703733945 -19.99999999999999 4.817098077252904
    vertex 112.4765584134066 -19.99999999999999 4.405023567897146
    vertex 110.4599970324328 -19.99999999999999 8.243620079357346
  endloop
endfacet
facet normal 0 -1 0
  outer loop
    vertex 132.585197303072 -19.99999999999999 5.119080392307396
    vertex 132.6303876640485 -19.99999999999999 10.19850529069328
    vertex 128.9854970459065 -19.99999999999999 8.337119801394028
  endloop
endfacet
facet normal 0 -1 -0
  outer loop
    vertex 63.77191600349485 -19.99999999999999 10.48768279298501
    vertex 59.74973128509737 -19.99999999999999 7.732215815723425
    vertex 64.28506855363037 -19.99999999999999 6.853256056245996
  endloop
endfacet
facet normal 0 -1 0
  outer loop
    vertex 82.26549983896004 -19.99999999999999 25.87197117588042
    vertex 84.99183830178268 -19.99999999999999 22.17263782624438
    vertex 87.68941194250505 -19.99999999999999 25.84542923545364
  endloop
endfacet
facet normal 0 -1 -0
  outer loop
    vertex -44.83471292822964 -19.99999999999999 7.809284868234148
    vertex -47.59207470608968 -19.99999999999999 4.183302604717955
    vertex -42.26278432367496 -19.99999999999999 4.144504861171868
  endloop
endfacet
facet normal -0 -1 0
  outer loop
    vertex 122.4171534007042 -19.99999999999999 4.235381137008257
    vertex 119.8730177829392 -19.99999999999999 7.961704684195439
    vertex 117.3297577519273 -19.99999999999999 4.219980111576049
  endloop
endfacet
facet normal 0 -1 0
  outer loop
    vertex 59.74973128509737 -19.99999999999999 7.732215815723425
    vertex 62.41964154327854 -19.99999999999999 3.677168369633669
    vertex 64.28506855363037 -19.99999999999999 6.853256056245996
  endloop
endfacet
facet normal -0 -1 0
  outer loop
    vertex -102.6457261857464 -19.99999999999999 4.252325474864552
    vertex -105.2526159687326 -19.99999999999999 7.950530067491115
    vertex -107.8396070471555 -19.99999999999999 4.145474137419022
  endloop
endfacet
facet normal 0 -1 0
  outer loop
    vertex -82.3408770887863 -19.99999999999999 25.74661217452378
    vertex -79.71218075094336 -19.99999999999999 22.02884144306688
    vertex -77.1487920313408 -19.99999999999999 25.85302928806539
  endloop
endfacet
facet normal 0 -1 0
  outer loop
    vertex 24.51211356574893 -19.99999999999999 22.17449694061413
    vertex 27.30197530034943 -19.99999999999999 25.7674702335346
    vertex 22.03537609187961 -19.99999999999999 25.92332348163854
  endloop
endfacet
facet normal 0 -1 0
  outer loop
    vertex 67.23831874171859 -19.99999999999999 3.971753681321502
    vertex 72.43720662508773 -19.99999999999999 4.765375913311672
    vertex 68.24573519456237 -19.99999999999999 8.397459621566366
  endloop
endfacet
facet normal 0 -1 -0
  outer loop
    vertex 102.3339470914457 -19.99999999999999 7.629678740284405
    vertex 97.79352036097484 -19.99999999999999 4.775050631876574
    vertex 102.4846906406609 -19.99999999999999 3.363087311111002
  endloop
endfacet
facet normal 0 -1 0
  outer loop
    vertex -6.77700262049791 -19.99999999999999 4.751206705182781
    vertex -5.996242786661355 -19.99999999999999 10.04540724849846
    vertex -10.01013285492684 -19.99999999999999 8.094244796920528
  endloop
endfacet
facet normal -0 -1 0
  outer loop
    vertex -135.9345833792551 -19.99999999999999 15.05475477960455
    vertex -140.1185102677863 -19.99999999999999 17.5000000001425
    vertex -141.0980634036399 -19.99999999999999 13.00580815348879
  endloop
endfacet
facet normal 0 -1 0
  outer loop
    vertex 97.79352036097484 -19.99999999999999 4.775050631876574
    vertex 98.07657688696966 -19.99999999999999 10.13351438497991
    vertex 94.33654408731675 -19.99999999999999 8.243091896140168
  endloop
endfacet
facet normal 0 -1 0
  outer loop
    vertex -23.2203256387227 -19.99999999999999 10.07874659151411
    vertex -22.86226908043065 -19.99999999999999 4.770302154540072
    vertex -19.41522199272529 -19.99999999999999 8.207845540648236
  endloop
endfacet
facet normal 0 -1 -0
  outer loop
    vertex 46.84363515187454 -19.99999999999999 25.24787103486756
    vertex 46.07695154587051 -19.99999999999999 20.00000000003229
    vertex 50.09502890809355 -19.99999999999999 21.90766358837051
  endloop
endfacet
facet normal 0 -1 0
  outer loop
    vertex -101.1960994542386 -19.99999999999999 19.95028001263962
    vertex -101.8723309918941 -19.99999999999999 25.24626666966052
    vertex -105.1548024599106 -19.99999999999999 21.85415856949318
  endloop
endfacet
facet normal 0 -1 -0
  outer loop
    vertex 107.0981286375457 -19.99999999999999 25.23235419178291
    vertex 106.6987298107809 -19.99999999999999 20.00000000000454
    vertex 110.6195678601815 -19.99999999999999 21.79109070980908
  endloop
endfacet
facet normal 0 -1 0
  outer loop
    vertex -83.82685902180211 -19.99999999999999 10.00000000010995
    vertex -83.11715786684063 -19.99999999999999 4.754330782958238
    vertex -79.82587213337254 -19.99999999999999 8.119402839591398
  endloop
endfacet
facet normal 0 -1 0
  outer loop
    vertex 2.552512881075273 -19.99999999999999 4.832606282123816
    vertex 7.970149253607048 -19.99999999999999 4.486459034512574
    vertex 6.414146904046618 -19.99999999999999 8.321079840212121
  endloop
endfacet
facet normal 0 -1 0
  outer loop
    vertex 63.39745962155757 -19.99999999999999 20.00000000002275
    vertex 62.94140940080754 -19.99999999999999 25.23494557506314
    vertex 59.564492170363 -19.99999999999999 21.80405626443062
  endloop
endfacet
facet normal 0 -1 0
  outer loop
    vertex -92.50575172423655 -19.99999999999999 25.0345870536103
    vertex -95.00000000000003 -19.99999999999999 30
    vertex -97.28916630662343 -19.99999999999999 26.53006168021681
  endloop
endfacet
facet normal 0 -1 -0
  outer loop
    vertex -117.9703132027795 -19.99999999999999 25.23680024023017
    vertex -118.4678751731739 -19.99999999999999 20.00000000013002
    vertex -114.5872328282753 -19.99999999999999 21.82336278853858
  endloop
endfacet
facet normal 0 -1 0
  outer loop
    vertex -67.01911563223874 -19.99999999999999 4.762530035189286
    vertex -66.50635094611334 -19.99999999999999 10.00000000009976
    vertex -70.37678437156254 -19.99999999999999 8.193792071145424
  endloop
endfacet
facet normal 0 -1 0
  outer loop
    vertex -37.50000000000003 -19.99999999999999 4.330127018922191
    vertex -32.14610943162393 -19.99999999999999 4.809597948018382
    vertex -35.55785246324027 -19.99999999999999 8.216922912357632
  endloop
endfacet
facet normal 0 -1 0
  outer loop
    vertex -92.48711305964935 -19.99999999999999 5.000000000114873
    vertex -90.00000000000003 -19.99999999999999 0
    vertex -87.70669128775788 -19.99999999999999 3.471413160052009
  endloop
endfacet
facet normal 0 -1 -0
  outer loop
    vertex -122.7990922228034 -19.99999999999999 7.588945123509774
    vertex -127.340626804725 -19.99999999999999 4.534990813307104
    vertex -122.5 -19.99999999999999 3.339253687173407
  endloop
endfacet
facet normal 0 -1 0
  outer loop
    vertex 132.8615350606713 -19.99999999999999 19.95355392052711
    vertex 132.6773140080067 -19.99999999999999 25.24393310781853
    vertex 129.1337357275296 -19.99999999999999 21.88977539870871
  endloop
endfacet
facet normal 0 -1 0
  outer loop
    vertex -62.18737647681399 -19.99999999999999 22.42773532959788
    vertex -57.65129010952577 -19.99999999999999 25.51482159809305
    vertex -62.50000000000004 -19.99999999999999 26.65967793703202
  endloop
endfacet
facet normal 0 -1 0
  outer loop
    vertex 132.585197303072 -19.99999999999999 5.119080392307396
    vertex 137.9336282735328 -19.99999999999999 4.481480624777156
    vertex 136.1998248486979 -19.99999999999999 8.337133045573694
  endloop
endfacet
facet normal -0 -1 0
  outer loop
    vertex 97.81812567888485 -19.99999999999999 25.1899207362312
    vertex 92.49999999999997 -19.99999999999999 25.66987298107781
    vertex 94.38363350448006 -19.99999999999999 21.77118332607105
  endloop
endfacet
facet normal 0 -1 0
  outer loop
    vertex -145.3654616103244 -19.99999999999999 22.52346050135492
    vertex -140.282949134101 -19.99999999999999 22.37914102142832
    vertex -142.427640994851 -19.99999999999999 26.21852079525629
  endloop
endfacet
facet normal 0 -1 0
  outer loop
    vertex 2.623581967304062 -19.99999999999999 25.5162667130724
    vertex 7.131419853733377 -19.99999999999999 22.42026444373884
    vertex 7.442970199821872 -19.99999999999999 26.64504186873014
  endloop
endfacet
facet normal -0 -1 0
  outer loop
    vertex 37.51265593637351 -19.99999999999999 25.18078389104375
    vertex 32.10275277520148 -19.99999999999999 25.52362725550421
    vertex 33.81052963133087 -19.99999999999999 21.71790286396502
  endloop
endfacet
facet normal 0 -1 0
  outer loop
    vertex -137.3681172134093 -19.99999999999999 25.8647556934278
    vertex -140 -19.99999999999999 30
    vertex -142.427640994851 -19.99999999999999 26.21852079525629
  endloop
endfacet
facet normal 0 -1 0
  outer loop
    vertex 132.6773140080067 -19.99999999999999 25.24393310781853
    vertex 137.2363513999632 -19.99999999999999 22.48324773479948
    vertex 137.5 -19.99999999999999 26.65063509461069
  endloop
endfacet
facet normal 0 -1 0
  outer loop
    vertex 77.49999999999997 -19.99999999999999 25.66987298107781
    vertex 72.21720971857215 -19.99999999999999 25.18566515999116
    vertex 75.93854526907435 -19.99999999999999 21.72179752358472
  endloop
endfacet
facet normal -0 -1 0
  outer loop
    vertex -136.8623129130073 -19.99999999999999 4.761840305452523
    vertex -141.1878699517244 -19.99999999999999 8.592888896491843
    vertex -142.5 -19.99999999999999 4.010738854272859
  endloop
endfacet
facet normal 0 -1 0
  outer loop
    vertex 119.8730177829392 -19.99999999999999 7.961704684195439
    vertex 119.7884050080504 -19.99999999999999 12.42142796232861
    vertex 115.1549726421196 -19.99999999999999 9.233844494550976
  endloop
endfacet
facet normal -0 -1 0
  outer loop
    vertex 119.7884050080504 -19.99999999999999 12.42142796232861
    vertex 115.4197187469996 -19.99999999999999 15.01435268847103
    vertex 115.1549726421196 -19.99999999999999 9.233844494550976
  endloop
endfacet
facet normal 0 -1 -0
  outer loop
    vertex 102.4686186403621 -19.99999999999999 22.37975273140864
    vertex 102.3656804711271 -19.99999999999999 17.50559969975984
    vertex 106.6987298107809 -19.99999999999999 20.00000000000454
  endloop
endfacet
facet normal 0 -1 0
  outer loop
    vertex 67.71511050287452 -19.99999999999999 17.47838217758085
    vertex 67.59908799222512 -19.99999999999999 22.37447333828001
    vertex 63.39745962155757 -19.99999999999999 20.00000000002275
  endloop
endfacet
facet normal 0 -1 0
  outer loop
    vertex 102.3656804711271 -19.99999999999999 17.50559969975984
    vertex 106.689047753246 -19.99999999999999 15.0200906105224
    vertex 106.6987298107809 -19.99999999999999 20.00000000000454
  endloop
endfacet
facet normal 0 -1 0
  outer loop
    vertex 59.74973128509737 -19.99999999999999 7.732215815723425
    vertex 59.13173661839974 -19.99999999999999 12.58473476771396
    vertex 54.91735839137303 -19.99999999999999 10.40419169901418
  endloop
endfacet
facet normal 0 -1 0
  outer loop
    vertex 28.77547152963996 -19.99999999999999 14.97144626362887
    vertex 33.18475768898577 -19.99999999999999 17.3525706462813
    vertex 29.19666814413731 -19.99999999999999 20.71540865521821
  endloop
endfacet
facet normal 0 -1 0
  outer loop
    vertex 41.74508652695116 -19.99999999999999 17.50313671313943
    vertex 46.06857621722693 -19.99999999999999 15.01559866688506
    vertex 46.07695154587051 -19.99999999999999 20.00000000003229
  endloop
endfacet
facet normal 0 -1 0
  outer loop
    vertex 63.40942733422014 -19.99999999999999 15.02072581319667
    vertex 67.71511050287452 -19.99999999999999 17.47838217758085
    vertex 63.39745962155757 -19.99999999999999 20.00000000002275
  endloop
endfacet
facet normal 0 -1 0
  outer loop
    vertex 2.758541093218895 -19.99999999999999 15.01955808187585
    vertex 7.091749762731382 -19.99999999999999 17.47657798498989
    vertex 2.730927132429258 -19.99999999999999 20.05707411179922
  endloop
endfacet
facet normal -0 -1 0
  outer loop
    vertex 85.04809471616591 -19.99999999999999 12.5000000000121
    vertex 80.71876203973454 -19.99999999999999 14.99979875289748
    vertex 80.95479408451999 -19.99999999999999 10.04948796894885
  endloop
endfacet
facet normal 0 -1 0
  outer loop
    vertex -1.554445662275782 -19.99999999999999 17.50000000006254
    vertex 2.758541093218895 -19.99999999999999 15.01955808187585
    vertex 2.730927132429258 -19.99999999999999 20.05707411179922
  endloop
endfacet
facet normal -0 -1 0
  outer loop
    vertex 59.13173661839974 -19.99999999999999 12.58473476771396
    vertex 54.76110232715587 -19.99999999999999 14.99792782252345
    vertex 54.91735839137303 -19.99999999999999 10.40419169901418
  endloop
endfacet
facet normal 0 -1 -0
  outer loop
    vertex 41.89114732442832 -19.99999999999999 22.50165862253444
    vertex 41.74508652695116 -19.99999999999999 17.50313671313943
    vertex 46.07695154587051 -19.99999999999999 20.00000000003229
  endloop
endfacet
facet normal 0 -1 0
  outer loop
    vertex 24.44150826835696 -19.99999999999999 17.5138289285954
    vertex 28.77547152963996 -19.99999999999999 14.97144626362887
    vertex 29.19666814413731 -19.99999999999999 20.71540865521821
  endloop
endfacet
facet normal 0 -1 0
  outer loop
    vertex 115.4197187469996 -19.99999999999999 15.01435268847103
    vertex 110.9707644845081 -19.99999999999999 12.62054366311209
    vertex 115.1549726421196 -19.99999999999999 9.233844494550976
  endloop
endfacet
facet normal 0 -1 -0
  outer loop
    vertex 80.71876203973454 -19.99999999999999 14.99979875289748
    vertex 76.38797306873639 -19.99999999999999 12.49996645882954
    vertex 80.95479408451999 -19.99999999999999 10.04948796894885
  endloop
endfacet
facet normal 0 -1 -0
  outer loop
    vertex 72.05773572446947 -19.99999999999999 14.99999440982009
    vertex 67.81186905406892 -19.99999999999999 12.64597270150497
    vertex 72.23185895335931 -19.99999999999999 10.06225336844312
  endloop
endfacet
facet normal 0 -1 0
  outer loop
    vertex -18.87214493589988 -19.99999999999999 17.49927294405806
    vertex -14.52797390665523 -19.99999999999999 14.9956376639831
    vertex -14.59379497000921 -19.99999999999999 19.60050887990845
  endloop
endfacet
facet normal 0 -1 0
  outer loop
    vertex 132.6706914886148 -19.99999999999999 15.02469111222991
    vertex 137.0350942795261 -19.99999999999999 17.50372099681945
    vertex 132.8615350606713 -19.99999999999999 19.95355392052711
  endloop
endfacet
facet normal -0 -1 0
  outer loop
    vertex 115.4197187469996 -19.99999999999999 15.01435268847103
    vertex 111.028856829701 -19.99999999999999 17.5000000000019
    vertex 110.9707644845081 -19.99999999999999 12.62054366311209
  endloop
endfacet
facet normal 0 -1 0
  outer loop
    vertex 7.091749762731382 -19.99999999999999 17.47657798498989
    vertex 7.131419853733377 -19.99999999999999 22.42026444373884
    vertex 2.730927132429258 -19.99999999999999 20.05707411179922
  endloop
endfacet
facet normal 0 -1 0
  outer loop
    vertex 115.4197187469996 -19.99999999999999 15.01435268847103
    vertex 115.2889099363122 -19.99999999999999 20.75305739371376
    vertex 111.028856829701 -19.99999999999999 17.5000000000019
  endloop
endfacet
facet normal 0 -1 -0
  outer loop
    vertex -18.6826776746116 -19.99999999999999 22.20678997437999
    vertex -18.87214493589988 -19.99999999999999 17.49927294405806
    vertex -14.59379497000921 -19.99999999999999 19.60050887990845
  endloop
endfacet
facet normal 0 -1 0
  outer loop
    vertex -44.89415581360051 -19.99999999999999 17.3981596437611
    vertex -40.52116770625243 -19.99999999999999 15.01664438731521
    vertex -40.47323883588467 -19.99999999999999 19.59705841731321
  endloop
endfacet
facet normal 0 -1 -0
  outer loop
    vertex -31.88187192726963 -19.99999999999999 14.96936775617378
    vertex -36.13279732150315 -19.99999999999999 12.61595687585272
    vertex -31.77886937849752 -19.99999999999999 10.15181339384697
  endloop
endfacet
facet normal -0 -1 0
  outer loop
    vertex 124.4152566174452 -19.99999999999999 9.263136914565269
    vertex 119.7884050080504 -19.99999999999999 12.42142796232861
    vertex 119.8730177829392 -19.99999999999999 7.961704684195439
  endloop
endfacet
facet normal 0 -1 0
  outer loop
    vertex 11.42594847073704 -19.99999999999999 14.98703347636278
    vertex 7.017025407847541 -19.99999999999999 12.64077050601994
    vertex 11.02529759534769 -19.99999999999999 9.295979856450106
  endloop
endfacet
facet normal 0 -1 -0
  outer loop
    vertex 54.76110232715587 -19.99999999999999 14.99792782252345
    vertex 50.35682659294855 -19.99999999999999 12.59359200114762
    vertex 54.91735839137303 -19.99999999999999 10.40419169901418
  endloop
endfacet
facet normal 0 -1 0
  outer loop
    vertex 76.38797306873639 -19.99999999999999 12.49996645882954
    vertex 76.84453348597447 -19.99999999999999 7.510371498055644
    vertex 80.95479408451999 -19.99999999999999 10.04948796894885
  endloop
endfacet
facet normal 0 -1 0
  outer loop
    vertex 59.14630904753599 -19.99999999999999 17.40283216731535
    vertex 63.40942733422014 -19.99999999999999 15.02072581319667
    vertex 63.39745962155757 -19.99999999999999 20.00000000002275
  endloop
endfacet
facet normal -0 -1 0
  outer loop
    vertex 15.76633720777383 -19.99999999999999 12.52336752198868
    vertex 11.42594847073704 -19.99999999999999 14.98703347636278
    vertex 11.02529759534769 -19.99999999999999 9.295979856450106
  endloop
endfacet
facet normal 0 -1 0
  outer loop
    vertex 137.0350942795261 -19.99999999999999 17.50372099681945
    vertex 141.485336283223 -19.99999999999999 20.02968344675231
    vertex 137.2363513999632 -19.99999999999999 22.48324773479948
  endloop
endfacet
facet normal 0 -1 0
  outer loop
    vertex 59.13173661839974 -19.99999999999999 12.58473476771396
    vertex 63.40942733422014 -19.99999999999999 15.02072581319667
    vertex 59.14630904753599 -19.99999999999999 17.40283216731535
  endloop
endfacet
facet normal -0 -1 0
  outer loop
    vertex -23.2203256387227 -19.99999999999999 10.07874659151411
    vertex -27.54931558460392 -19.99999999999999 12.47372648015752
    vertex -27.47709664887185 -19.99999999999999 7.609365199818761
  endloop
endfacet
facet normal -0 -1 0
  outer loop
    vertex 150 -19.99999999999999 15
    vertex 145.6934664506719 -19.99999999999999 17.45913491193612
    vertex 145.6898496916172 -19.99999999999999 12.49672029305675
  endloop
endfacet
facet normal 0 -1 0
  outer loop
    vertex 128.4976719994148 -19.99999999999999 17.57870689245368
    vertex 132.6706914886148 -19.99999999999999 15.02469111222991
    vertex 132.8615350606713 -19.99999999999999 19.95355392052711
  endloop
endfacet
facet normal -0 -1 0
  outer loop
    vertex 72.05773572446947 -19.99999999999999 14.99999440982009
    vertex 67.71511050287452 -19.99999999999999 17.47838217758085
    vertex 67.81186905406892 -19.99999999999999 12.64597270150497
  endloop
endfacet
facet normal -0 -1 0
  outer loop
    vertex -27.54931558460392 -19.99999999999999 12.47372648015752
    vertex -31.88187192726963 -19.99999999999999 14.96936775617378
    vertex -31.77886937849752 -19.99999999999999 10.15181339384697
  endloop
endfacet
facet normal 0 -1 0
  outer loop
    vertex -79.49255690772897 -19.99999999999999 17.49894192897607
    vertex -75.14155441307543 -19.99999999999999 14.99365157331709
    vertex -74.97912389575323 -19.99999999999999 20.76076402820446
  endloop
endfacet
facet normal 0 -1 0
  outer loop
    vertex 124.4152566174452 -19.99999999999999 9.263136914565269
    vertex 124.2189839985254 -19.99999999999999 15.26543085940651
    vertex 119.7884050080504 -19.99999999999999 12.42142796232861
  endloop
endfacet
facet normal 0 -1 0
  outer loop
    vertex -5.836009510933081 -19.99999999999999 19.91493605907621
    vertex -1.554445662275782 -19.99999999999999 17.50000000006254
    vertex -1.665284220136243 -19.99999999999999 22.40977744705578
  endloop
endfacet
facet normal 0 -1 -0
  outer loop
    vertex 46.01294556670402 -19.99999999999999 10.11213580872947
    vertex 41.82751160218004 -19.99999999999999 7.599783826202096
    vertex 46.59581099834378 -19.99999999999999 4.82407124125076
  endloop
endfacet
facet normal 0 -1 0
  outer loop
    vertex 54.76110232715587 -19.99999999999999 14.99792782252345
    vertex 54.83728278191396 -19.99999999999999 20.71263059867409
    vertex 50.40707856479042 -19.99999999999999 17.50000000002901
  endloop
endfacet
facet normal 0 -1 0
  outer loop
    vertex 37.41439724947304 -19.99999999999999 15.00407096543141
    vertex 37.51251003535143 -19.99999999999999 19.96977622455037
    vertex 33.18475768898577 -19.99999999999999 17.3525706462813
  endloop
endfacet
facet normal 0 -1 0
  outer loop
    vertex -79.71218075094336 -19.99999999999999 22.02884144306688
    vertex -79.49255690772897 -19.99999999999999 17.49894192897607
    vertex -74.97912389575323 -19.99999999999999 20.76076402820446
  endloop
endfacet
facet normal 0 -1 -0
  outer loop
    vertex 24.51211356574893 -19.99999999999999 22.17449694061413
    vertex 24.44150826835696 -19.99999999999999 17.5138289285954
    vertex 29.19666814413731 -19.99999999999999 20.71540865521821
  endloop
endfacet
facet normal 0 -1 0
  outer loop
    vertex -40.52116770625243 -19.99999999999999 15.01664438731521
    vertex -36.23159954785838 -19.99999999999999 17.48390944769371
    vertex -40.47323883588467 -19.99999999999999 19.59705841731321
  endloop
endfacet
facet normal 0 -1 0
  outer loop
    vertex 102.353737355259 -19.99999999999999 12.5269468674205
    vertex 106.689047753246 -19.99999999999999 15.0200906105224
    vertex 102.3656804711271 -19.99999999999999 17.50559969975984
  endloop
endfacet
facet normal 0 -1 0
  outer loop
    vertex 81.72940119650877 -19.99999999999999 4.754088918330567
    vertex 84.99999999999997 -19.99999999999999 0
    vertex 87.50000000000003 -19.99999999999999 4.330127018922287
  endloop
endfacet
facet normal 0 -1 0
  outer loop
    vertex -23.20461262321085 -19.99999999999999 14.99987882407255
    vertex -27.54931558460392 -19.99999999999999 12.47372648015752
    vertex -23.2203256387227 -19.99999999999999 10.07874659151411
  endloop
endfacet
facet normal 0 -1 0
  outer loop
    vertex 84.99999999999997 -19.99999999999999 0
    vertex 89.99999999999997 -19.99999999999999 0
    vertex 87.50000000000003 -19.99999999999999 4.330127018922287
  endloop
endfacet
facet normal 0 -1 0
  outer loop
    vertex 119.7884050080504 -19.99999999999999 12.42142796232861
    vertex 119.9542261173037 -19.99999999999999 17.66468816849289
    vertex 115.4197187469996 -19.99999999999999 15.01435268847103
  endloop
endfacet
facet normal 0 -1 0
  outer loop
    vertex 85.04809471616591 -19.99999999999999 12.5000000000121
    vertex 85.05286077110728 -19.99999999999999 17.49879251731411
    vertex 80.71876203973454 -19.99999999999999 14.99979875289748
  endloop
endfacet
facet normal 0 -1 0
  outer loop
    vertex 72.05773572446947 -19.99999999999999 14.99999440982009
    vertex 71.98283476870571 -19.99999999999999 19.87029865557971
    vertex 67.71511050287452 -19.99999999999999 17.47838217758085
  endloop
endfacet
facet normal 0 -1 0
  outer loop
    vertex 16.11266270031217 -19.99999999999999 7.845601268167453
    vertex 15.76633720777383 -19.99999999999999 12.52336752198868
    vertex 11.02529759534769 -19.99999999999999 9.295979856450106
  endloop
endfacet
facet normal 0 -1 0
  outer loop
    vertex -1.665284220136243 -19.99999999999999 22.40977744705578
    vertex -1.554445662275782 -19.99999999999999 17.50000000006254
    vertex 2.730927132429258 -19.99999999999999 20.05707411179922
  endloop
endfacet
facet normal 0 -1 0
  outer loop
    vertex 41.82751160218004 -19.99999999999999 7.599783826202096
    vertex 41.73476097564287 -19.99999999999999 12.52128907929317
    vertex 37.42393978479731 -19.99999999999999 9.954218412063351
  endloop
endfacet
facet normal -0 -1 0
  outer loop
    vertex 110.9707644845081 -19.99999999999999 12.62054366311209
    vertex 106.689047753246 -19.99999999999999 15.0200906105224
    vertex 106.6192192487349 -19.99999999999999 10.14159059397362
  endloop
endfacet
facet normal -0 -1 0
  outer loop
    vertex 41.73476097564287 -19.99999999999999 12.52128907929317
    vertex 37.41439724947304 -19.99999999999999 15.00407096543141
    vertex 37.42393978479731 -19.99999999999999 9.954218412063351
  endloop
endfacet
facet normal 0 -1 0
  outer loop
    vertex 19.89820074729059 -19.99999999999999 20.83687195526815
    vertex 24.44150826835696 -19.99999999999999 17.5138289285954
    vertex 24.51211356574893 -19.99999999999999 22.17449694061413
  endloop
endfacet
facet normal 0 -1 -0
  outer loop
    vertex -92.4870937304994 -19.99999999999999 14.99999510163746
    vertex -96.73812587891791 -19.99999999999999 12.6370221735373
    vertex -92.35455780747006 -19.99999999999999 10.1809085392136
  endloop
endfacet
facet normal 0 -1 0
  outer loop
    vertex 93.79518140538596 -19.99999999999999 12.60324258665256
    vertex 93.79309408045572 -19.99999999999999 17.35328803624118
    vertex 89.40681806472551 -19.99999999999999 14.99275510382303
  endloop
endfacet
facet normal 0 -1 0
  outer loop
    vertex 33.10255164598746 -19.99999999999999 12.47610693531282
    vertex 33.18475768898577 -19.99999999999999 17.3525706462813
    vertex 28.77547152963996 -19.99999999999999 14.97144626362887
  endloop
endfacet
facet normal 0 -1 0
  outer loop
    vertex -27.47709664887185 -19.99999999999999 7.609365199818761
    vertex -27.54931558460392 -19.99999999999999 12.47372648015752
    vertex -31.77886937849752 -19.99999999999999 10.15181339384697
  endloop
endfacet
facet normal 0 -1 0
  outer loop
    vertex 141.3470076588445 -19.99999999999999 14.99264253416542
    vertex 141.485336283223 -19.99999999999999 20.02968344675231
    vertex 137.0350942795261 -19.99999999999999 17.50372099681945
  endloop
endfacet
facet normal 0 -1 0
  outer loop
    vertex -18.8749537379675 -19.99999999999999 12.50000000007256
    vertex -14.52797390665523 -19.99999999999999 14.9956376639831
    vertex -18.87214493589988 -19.99999999999999 17.49927294405806
  endloop
endfacet
facet normal -0 -1 0
  outer loop
    vertex 54.76110232715587 -19.99999999999999 14.99792782252345
    vertex 50.40707856479042 -19.99999999999999 17.50000000002901
    vertex 50.35682659294855 -19.99999999999999 12.59359200114762
  endloop
endfacet
facet normal -0 -1 0
  outer loop
    vertex 50.35682659294855 -19.99999999999999 12.59359200114762
    vertex 46.06857621722693 -19.99999999999999 15.01559866688506
    vertex 46.01294556670402 -19.99999999999999 10.11213580872947
  endloop
endfacet
facet normal -0 -1 0
  outer loop
    vertex 37.41439724947304 -19.99999999999999 15.00407096543141
    vertex 33.18475768898577 -19.99999999999999 17.3525706462813
    vertex 33.10255164598746 -19.99999999999999 12.47610693531282
  endloop
endfacet
facet normal 0 -1 0
  outer loop
    vertex -23.20461262321085 -19.99999999999999 14.99987882407255
    vertex -23.18928155204949 -19.99999999999999 19.96771825767287
    vertex -27.62032276223852 -19.99999999999999 17.34248005656075
  endloop
endfacet
facet normal 0 -1 0
  outer loop
    vertex 145.7661397747208 -19.99999999999999 7.521186846404383
    vertex 150 -19.99999999999999 10
    vertex 145.6898496916172 -19.99999999999999 12.49672029305675
  endloop
endfacet
facet normal 0 -1 0
  outer loop
    vertex 150 -19.99999999999999 15
    vertex 150 -19.99999999999999 20
    vertex 145.6934664506719 -19.99999999999999 17.45913491193612
  endloop
endfacet
facet normal 0 -1 0
  outer loop
    vertex 150 -19.99999999999999 10
    vertex 150 -19.99999999999999 15
    vertex 145.6898496916172 -19.99999999999999 12.49672029305675
  endloop
endfacet
facet normal 0 -1 0
  outer loop
    vertex 150 -19.99999999999999 5
    vertex 150 -19.99999999999999 10
    vertex 145.7661397747208 -19.99999999999999 7.521186846404383
  endloop
endfacet
facet normal 0 -1 0
  outer loop
    vertex 106.6192192487349 -19.99999999999999 10.14159059397362
    vertex 106.689047753246 -19.99999999999999 15.0200906105224
    vertex 102.353737355259 -19.99999999999999 12.5269468674205
  endloop
endfacet
facet normal 0 -1 -0
  outer loop
    vertex 110 -19.99999999999999 30
    vertex 107.0981286375457 -19.99999999999999 25.23235419178291
    vertex 112.5603102897666 -19.99999999999999 25.60167505130599
  endloop
endfacet
facet normal 0 -1 0
  outer loop
    vertex -62.33389867943585 -19.99999999999999 7.63116331661746
    vertex -62.19392065504391 -19.99999999999999 12.52862995612048
    vertex -66.50635094611334 -19.99999999999999 10.00000000009976
  endloop
endfacet
facet normal 0 -1 0
  outer loop
    vertex -66.5095322635494 -19.99999999999999 15.00509640727882
    vertex -66.44290579302398 -19.99999999999999 19.88996395511938
    vertex -70.76222675697045 -19.99999999999999 17.37129986645001
  endloop
endfacet
facet normal 0 -1 0
  outer loop
    vertex -150 -19.99999999999999 15
    vertex -145.6698729810778 -19.99999999999999 12.5
    vertex -145.4333563744441 -19.99999999999999 17.3974004922421
  endloop
endfacet
facet normal -0 -1 0
  outer loop
    vertex 145.6898496916172 -19.99999999999999 12.49672029305675
    vertex 141.3470076588445 -19.99999999999999 14.99264253416542
    vertex 140.9185700100741 -19.99999999999999 9.242173243529383
  endloop
endfacet
facet normal 0 -1 0
  outer loop
    vertex 98.1106971497826 -19.99999999999999 19.87504684531432
    vertex 102.3656804711271 -19.99999999999999 17.50559969975984
    vertex 102.4686186403621 -19.99999999999999 22.37975273140864
  endloop
endfacet
facet normal -0 -1 0
  outer loop
    vertex 76.38797306873639 -19.99999999999999 12.49996645882954
    vertex 72.05773572446947 -19.99999999999999 14.99999440982009
    vertex 72.23185895335931 -19.99999999999999 10.06225336844312
  endloop
endfacet
facet normal -0 -1 0
  outer loop
    vertex 67.81186905406892 -19.99999999999999 12.64597270150497
    vertex 63.40942733422014 -19.99999999999999 15.02072581319667
    vertex 63.77191600349485 -19.99999999999999 10.48768279298501
  endloop
endfacet
facet normal -0 -1 0
  outer loop
    vertex -62.19392065504391 -19.99999999999999 12.52862995612048
    vertex -66.5095322635494 -19.99999999999999 15.00509640727882
    vertex -66.50635094611334 -19.99999999999999 10.00000000009976
  endloop
endfacet
facet normal -0 -1 0
  outer loop
    vertex -66.5095322635494 -19.99999999999999 15.00509640727882
    vertex -70.76222675697045 -19.99999999999999 17.37129986645001
    vertex -70.76042574781849 -19.99999999999999 12.5906095730281
  endloop
endfacet
facet normal -0 -1 0
  outer loop
    vertex -88.15687006585767 -19.99999999999999 12.49997060924765
    vertex -92.4870937304994 -19.99999999999999 14.99999510163746
    vertex -92.35455780747006 -19.99999999999999 10.1809085392136
  endloop
endfacet
facet normal -0 -1 0
  outer loop
    vertex -105.4084252016087 -19.99999999999999 12.37780376361239
    vertex -109.8076211353324 -19.99999999999999 15.00000000012498
    vertex -109.9841099870436 -19.99999999999999 9.21699058045661
  endloop
endfacet
facet normal 0 -1 0
  outer loop
    vertex -122.8001692594272 -19.99999999999999 17.50375347085098
    vertex -118.4786686981732 -19.99999999999999 15.01869493381672
    vertex -118.4678751731739 -19.99999999999999 20.00000000013002
  endloop
endfacet
facet normal 0 -1 -0
  outer loop
    vertex -131.4440358521603 -19.99999999999999 12.47536958331197
    vertex -131.7904031961704 -19.99999999999999 7.545268459299379
    vertex -127.2196317291339 -19.99999999999999 9.945814403406402
  endloop
endfacet
facet normal -0 -1 0
  outer loop
    vertex -27.47709664887185 -19.99999999999999 7.609365199818761
    vertex -31.77886937849752 -19.99999999999999 10.15181339384697
    vertex -32.14610943162393 -19.99999999999999 4.809597948018382
  endloop
endfacet
facet normal 0 -1 0
  outer loop
    vertex 7.017025407847541 -19.99999999999999 12.64077050601994
    vertex 7.091749762731382 -19.99999999999999 17.47657798498989
    vertex 2.758541093218895 -19.99999999999999 15.01955808187585
  endloop
endfacet
facet normal 0 -1 0
  outer loop
    vertex -75.09802953164201 -19.99999999999999 9.285693728487779
    vertex -75.14155441307543 -19.99999999999999 14.99365157331709
    vertex -79.49673200287846 -19.99999999999999 12.50000000010734
  endloop
endfacet
facet normal 0 -1 0
  outer loop
    vertex 128.4187723701811 -19.99999999999999 12.67413230183087
    vertex 128.4976719994148 -19.99999999999999 17.57870689245368
    vertex 124.2189839985254 -19.99999999999999 15.26543085940651
  endloop
endfacet
facet normal 0 -1 0
  outer loop
    vertex -14.69553750467099 -19.99999999999999 9.284701822417137
    vertex -14.52797390665523 -19.99999999999999 14.9956376639831
    vertex -18.8749537379675 -19.99999999999999 12.50000000007256
  endloop
endfacet
facet normal 0 -1 -0
  outer loop
    vertex 76.38797306873639 -19.99999999999999 12.49996645882954
    vertex 72.23185895335931 -19.99999999999999 10.06225336844312
    vertex 76.84453348597447 -19.99999999999999 7.510371498055644
  endloop
endfacet
facet normal 0 -1 0
  outer loop
    vertex -96.83085569078614 -19.99999999999999 17.47640960567424
    vertex -97.06774881698647 -19.99999999999999 22.36945467781323
    vertex -101.1960994542386 -19.99999999999999 19.95028001263962
  endloop
endfacet
facet normal 0 -1 -0
  outer loop
    vertex 34.99999999999997 -19.99999999999999 30
    vertex 32.10275277520148 -19.99999999999999 25.52362725550421
    vertex 37.51265593637351 -19.99999999999999 25.18078389104375
  endloop
endfacet
facet normal 0 -1 -0
  outer loop
    vertex 54.99999999999997 -19.99999999999999 30
    vertex 52.49999999999997 -19.99999999999999 25.66987298107781
    vertex 57.5 -19.99999999999999 25.66987298107781
  endloop
endfacet
facet normal 0 -1 0
  outer loop
    vertex 46.01294556670402 -19.99999999999999 10.11213580872947
    vertex 46.06857621722693 -19.99999999999999 15.01559866688506
    vertex 41.73476097564287 -19.99999999999999 12.52128907929317
  endloop
endfacet
facet normal 0 -1 0
  outer loop
    vertex -5.889170359153553 -19.99999999999999 15.00226303558408
    vertex -1.554445662275782 -19.99999999999999 17.50000000006254
    vertex -5.836009510933081 -19.99999999999999 19.91493605907621
  endloop
endfacet
facet normal 0 -1 0
  outer loop
    vertex 63.77191600349485 -19.99999999999999 10.48768279298501
    vertex 63.40942733422014 -19.99999999999999 15.02072581319667
    vertex 59.13173661839974 -19.99999999999999 12.58473476771396
  endloop
endfacet
facet normal 0 -1 0
  outer loop
    vertex 20.11074187570622 -19.99999999999999 15.02089270609196
    vertex 24.44150826835696 -19.99999999999999 17.5138289285954
    vertex 19.89820074729059 -19.99999999999999 20.83687195526815
  endloop
endfacet
facet normal 0 -1 0
  outer loop
    vertex 15.76633720777383 -19.99999999999999 12.52336752198868
    vertex 20.11074187570622 -19.99999999999999 15.02089270609196
    vertex 15.7058660765363 -19.99999999999999 17.39883333596593
  endloop
endfacet
facet normal 0 -1 0
  outer loop
    vertex -31.88187192726963 -19.99999999999999 14.96936775617378
    vertex -32.06562406742216 -19.99999999999999 19.93408892965363
    vertex -36.23159954785838 -19.99999999999999 17.48390944769371
  endloop
endfacet
facet normal 0 -1 0
  outer loop
    vertex -44.83471292822964 -19.99999999999999 7.809284868234148
    vertex -44.80596188911285 -19.99999999999999 12.36562728546961
    vertex -49.51918199492545 -19.99999999999999 9.243370221774715
  endloop
endfacet
facet normal 0 -1 0
  outer loop
    vertex -101.1364506662501 -19.99999999999999 15.01890529661607
    vertex -96.83085569078614 -19.99999999999999 17.47640960567424
    vertex -101.1960994542386 -19.99999999999999 19.95028001263962
  endloop
endfacet
facet normal 0 -1 0
  outer loop
    vertex 89.99999999999997 -19.99999999999999 0
    vertex 92.38920490492214 -19.99999999999999 4.41083802438089
    vertex 87.50000000000003 -19.99999999999999 4.330127018922287
  endloop
endfacet
facet normal 0 -1 0
  outer loop
    vertex 41.73476097564287 -19.99999999999999 12.52128907929317
    vertex 46.06857621722693 -19.99999999999999 15.01559866688506
    vertex 41.74508652695116 -19.99999999999999 17.50313671313943
  endloop
endfacet
facet normal 0 -1 0
  outer loop
    vertex -36.23159954785838 -19.99999999999999 17.48390944769371
    vertex -36.40189324820756 -19.99999999999999 22.19336624696192
    vertex -40.47323883588467 -19.99999999999999 19.59705841731321
  endloop
endfacet
facet normal 0 -1 0
  outer loop
    vertex -49.18395720370739 -19.99999999999999 14.9606311549325
    vertex -49.23940439653819 -19.99999999999999 19.89424616474751
    vertex -53.52458253257659 -19.99999999999999 17.47581288667567
  endloop
endfacet
facet normal 0 -1 0
  outer loop
    vertex -105.2526159687326 -19.99999999999999 7.950530067491115
    vertex -105.4084252016087 -19.99999999999999 12.37780376361239
    vertex -109.9841099870436 -19.99999999999999 9.21699058045661
  endloop
endfacet
facet normal 0 -1 0
  outer loop
    vertex 15.76633720777383 -19.99999999999999 12.52336752198868
    vertex 15.7058660765363 -19.99999999999999 17.39883333596593
    vertex 11.42594847073704 -19.99999999999999 14.98703347636278
  endloop
endfacet
facet normal 0 -1 0
  outer loop
    vertex -92.4870937304994 -19.99999999999999 14.99999510163746
    vertex -88.15698604071994 -19.99999999999999 17.5000000001124
    vertex -92.56882606211573 -19.99999999999999 19.85846253193312
  endloop
endfacet
facet normal -0 -1 0
  outer loop
    vertex -18.8749537379675 -19.99999999999999 12.50000000007256
    vertex -23.20461262321085 -19.99999999999999 14.99987882407255
    vertex -23.2203256387227 -19.99999999999999 10.07874659151411
  endloop
endfacet
facet normal -0 -1 0
  outer loop
    vertex -31.88187192726963 -19.99999999999999 14.96936775617378
    vertex -36.23159954785838 -19.99999999999999 17.48390944769371
    vertex -36.13279732150315 -19.99999999999999 12.61595687585272
  endloop
endfacet
facet normal -0 -1 0
  outer loop
    vertex -44.80596188911285 -19.99999999999999 12.36562728546961
    vertex -49.18395720370739 -19.99999999999999 14.9606311549325
    vertex -49.51918199492545 -19.99999999999999 9.243370221774715
  endloop
endfacet
facet normal 0 -1 0
  outer loop
    vertex -53.39859486098092 -19.99999999999999 22.39913500444643
    vertex -49.23940439653819 -19.99999999999999 19.89424616474751
    vertex -49.44802351349905 -19.99999999999999 24.56099216393542
  endloop
endfacet
facet normal -0 -1 0
  outer loop
    vertex -53.5935732887942 -19.99999999999999 12.62187846016347
    vertex -57.86046624871321 -19.99999999999999 15.01628189120386
    vertex -57.93790793494719 -19.99999999999999 10.15549784512498
  endloop
endfacet
facet normal -0 -1 0
  outer loop
    vertex -57.93790793494719 -19.99999999999999 10.15549784512498
    vertex -62.19392065504391 -19.99999999999999 12.52862995612048
    vertex -62.33389867943585 -19.99999999999999 7.63116331661746
  endloop
endfacet
facet normal 0 -1 0
  outer loop
    vertex -88.15687006585767 -19.99999999999999 12.49997060924765
    vertex -88.15698604071994 -19.99999999999999 17.5000000001124
    vertex -92.4870937304994 -19.99999999999999 14.99999510163746
  endloop
endfacet
facet normal 0 -1 0
  outer loop
    vertex 69.99999999999997 -19.99999999999999 0
    vertex 74.99999999999997 -19.99999999999999 0
    vertex 72.43720662508773 -19.99999999999999 4.765375913311672
  endloop
endfacet
facet normal 0 -1 0
  outer loop
    vertex 145.7661397747208 -19.99999999999999 7.521186846404383
    vertex 145.6898496916172 -19.99999999999999 12.49672029305675
    vertex 140.9185700100741 -19.99999999999999 9.242173243529383
  endloop
endfacet
facet normal 0 -1 0
  outer loop
    vertex -92.4870937304994 -19.99999999999999 14.99999510163746
    vertex -92.56882606211573 -19.99999999999999 19.85846253193312
    vertex -96.83085569078614 -19.99999999999999 17.47640960567424
  endloop
endfacet
facet normal 0 -1 0
  outer loop
    vertex -36.13279732150315 -19.99999999999999 12.61595687585272
    vertex -36.23159954785838 -19.99999999999999 17.48390944769371
    vertex -40.52116770625243 -19.99999999999999 15.01664438731521
  endloop
endfacet
facet normal 0 -1 -0
  outer loop
    vertex -57.93790793494719 -19.99999999999999 10.15549784512498
    vertex -62.33389867943585 -19.99999999999999 7.63116331661746
    vertex -57.72397342654418 -19.99999999999999 4.855078354922163
  endloop
endfacet
facet normal 0 -1 -0
  outer loop
    vertex -66.5095322635494 -19.99999999999999 15.00509640727882
    vertex -70.76042574781849 -19.99999999999999 12.5906095730281
    vertex -66.50635094611334 -19.99999999999999 10.00000000009976
  endloop
endfacet
facet normal 0 -1 0
  outer loop
    vertex -150 -19.99999999999999 25
    vertex -150 -19.99999999999999 20
    vertex -145.3654616103244 -19.99999999999999 22.52346050135492
  endloop
endfacet
facet normal 0 -1 0
  outer loop
    vertex -150 -19.99999999999999 20
    vertex -150 -19.99999999999999 15
    vertex -145.4333563744441 -19.99999999999999 17.3974004922421
  endloop
endfacet
facet normal 0 -1 0
  outer loop
    vertex -145.3654616103244 -19.99999999999999 22.52346050135492
    vertex -150 -19.99999999999999 20
    vertex -145.4333563744441 -19.99999999999999 17.3974004922421
  endloop
endfacet
facet normal 0 -1 0
  outer loop
    vertex -150 -19.99999999999999 15
    vertex -150 -19.99999999999999 10
    vertex -145.6698729810778 -19.99999999999999 12.5
  endloop
endfacet
facet normal 0 -1 0
  outer loop
    vertex 33.10255164598746 -19.99999999999999 12.47610693531282
    vertex 28.82054607241915 -19.99999999999999 10.09218154026231
    vertex 33.02014581834624 -19.99999999999999 7.581303160112519
  endloop
endfacet
facet normal -0 -1 0
  outer loop
    vertex 7.017025407847541 -19.99999999999999 12.64077050601994
    vertex 2.758541093218895 -19.99999999999999 15.01955808187585
    vertex 2.627305213724924 -19.99999999999999 10.0619111969228
  endloop
endfacet
facet normal 0 -1 0
  outer loop
    vertex -27.54931558460392 -19.99999999999999 12.47372648015752
    vertex -27.62032276223852 -19.99999999999999 17.34248005656075
    vertex -31.88187192726963 -19.99999999999999 14.96936775617378
  endloop
endfacet
facet normal 0 -1 0
  outer loop
    vertex -44.80596188911285 -19.99999999999999 12.36562728546961
    vertex -40.52116770625243 -19.99999999999999 15.01664438731521
    vertex -44.89415581360051 -19.99999999999999 17.3981596437611
  endloop
endfacet
facet normal 0 -1 0
  outer loop
    vertex -62.19392065504391 -19.99999999999999 12.52862995612048
    vertex -62.17761510396645 -19.99999999999999 17.50194848714833
    vertex -66.5095322635494 -19.99999999999999 15.00509640727882
  endloop
endfacet
facet normal 0 -1 0
  outer loop
    vertex -66.44290579302398 -19.99999999999999 19.88996395511938
    vertex -62.18737647681399 -19.99999999999999 22.42773532959788
    vertex -66.99953491963954 -19.99999999999999 25.19735963562007
  endloop
endfacet
facet normal 0 -1 0
  outer loop
    vertex -79.49673200287846 -19.99999999999999 12.50000000010734
    vertex -75.14155441307543 -19.99999999999999 14.99365157331709
    vertex -79.49255690772897 -19.99999999999999 17.49894192897607
  endloop
endfacet
facet normal 0 -1 0
  outer loop
    vertex -79.49673200287846 -19.99999999999999 12.50000000010734
    vertex -79.49255690772897 -19.99999999999999 17.49894192897607
    vertex -83.82616317260812 -19.99999999999999 14.99982365492134
  endloop
endfacet
facet normal 0 -1 0
  outer loop
    vertex -87.92918551229938 -19.99999999999999 7.602735017186912
    vertex -88.15687006585767 -19.99999999999999 12.49997060924765
    vertex -92.35455780747006 -19.99999999999999 10.1809085392136
  endloop
endfacet
facet normal 0 -1 0
  outer loop
    vertex -105.4084252016087 -19.99999999999999 12.37780376361239
    vertex -105.408199167203 -19.99999999999999 17.38585225125504
    vertex -109.8076211353324 -19.99999999999999 15.00000000012498
  endloop
endfacet
facet normal 0 -1 0
  outer loop
    vertex -118.5452287689878 -19.99999999999999 10.13398035821812
    vertex -118.4786686981732 -19.99999999999999 15.01869493381672
    vertex -122.8126933789012 -19.99999999999999 12.52544588209499
  endloop
endfacet
facet normal 0 -1 0
  outer loop
    vertex -122.8126933789012 -19.99999999999999 12.52544588209499
    vertex -122.8001692594272 -19.99999999999999 17.50375347085098
    vertex -127.1309389200429 -19.99999999999999 15.00486655891518
  endloop
endfacet
facet normal 0 -1 0
  outer loop
    vertex -127.1309389200429 -19.99999999999999 15.00486655891518
    vertex -127.0528970985837 -19.99999999999999 19.86969415903755
    vertex -131.3701242542134 -19.99999999999999 17.34735094040406
  endloop
endfacet
facet normal 0 -1 0
  outer loop
    vertex -131.4440358521603 -19.99999999999999 12.47536958331197
    vertex -131.3701242542134 -19.99999999999999 17.34735094040406
    vertex -135.9345833792551 -19.99999999999999 15.05475477960455
  endloop
endfacet
facet normal 0 -1 0
  outer loop
    vertex 80.71876203973454 -19.99999999999999 14.99979875289748
    vertex 80.38501506694138 -19.99999999999999 20.83150265372057
    vertex 76.38784067832358 -19.99999999999999 17.50000000001564
  endloop
endfacet
facet normal 0 -1 0
  outer loop
    vertex -53.52458253257659 -19.99999999999999 17.47581288667567
    vertex -49.23940439653819 -19.99999999999999 19.89424616474751
    vertex -53.39859486098092 -19.99999999999999 22.39913500444643
  endloop
endfacet
facet normal -0 -1 0
  outer loop
    vertex -10.17023985776549 -19.99999999999999 12.5730672480323
    vertex -14.52797390665523 -19.99999999999999 14.9956376639831
    vertex -14.69553750467099 -19.99999999999999 9.284701822417137
  endloop
endfacet
facet normal -0 -1 0
  outer loop
    vertex -23.20461262321085 -19.99999999999999 14.99987882407255
    vertex -27.62032276223852 -19.99999999999999 17.34248005656075
    vertex -27.54931558460392 -19.99999999999999 12.47372648015752
  endloop
endfacet
facet normal 0 -1 0
  outer loop
    vertex -109.8076211353324 -19.99999999999999 15.00000000012498
    vertex -109.8602276111698 -19.99999999999999 20.7101407211274
    vertex -114.1377481542531 -19.99999999999999 17.5000000001275
  endloop
endfacet
facet normal 0 -1 0
  outer loop
    vertex -118.4786686981732 -19.99999999999999 15.01869493381672
    vertex -114.1377481542531 -19.99999999999999 17.5000000001275
    vertex -118.4678751731739 -19.99999999999999 20.00000000013002
  endloop
endfacet
facet normal 0 -1 0
  outer loop
    vertex 145.6898496916172 -19.99999999999999 12.49672029305675
    vertex 145.6934664506719 -19.99999999999999 17.45913491193612
    vertex 141.3470076588445 -19.99999999999999 14.99264253416542
  endloop
endfacet
facet normal 0 -1 0
  outer loop
    vertex -40.23148618457662 -19.99999999999999 9.17711932514786
    vertex -40.52116770625243 -19.99999999999999 15.01664438731521
    vertex -44.80596188911285 -19.99999999999999 12.36562728546961
  endloop
endfacet
facet normal 0 -1 0
  outer loop
    vertex -122.8126933789012 -19.99999999999999 12.52544588209499
    vertex -118.4786686981732 -19.99999999999999 15.01869493381672
    vertex -122.8001692594272 -19.99999999999999 17.50375347085098
  endloop
endfacet
facet normal 0 -1 0
  outer loop
    vertex -101.8723309918941 -19.99999999999999 25.24626666966052
    vertex -105 -19.99999999999999 30
    vertex -107.5 -19.99999999999999 25.66987298107783
  endloop
endfacet
facet normal 0 -1 0
  outer loop
    vertex -75.14155441307543 -19.99999999999999 14.99365157331709
    vertex -70.76222675697045 -19.99999999999999 17.37129986645001
    vertex -74.97912389575323 -19.99999999999999 20.76076402820446
  endloop
endfacet
facet normal 0 -1 0
  outer loop
    vertex -127.0528970985837 -19.99999999999999 19.86969415903755
    vertex -122.6532306574966 -19.99999999999999 22.37849903055962
    vertex -127.2675738436585 -19.99999999999999 25.15089649212413
  endloop
endfacet
facet normal 0 -1 0
  outer loop
    vertex 24.4984392943912 -19.99999999999999 12.61152730775619
    vertex 28.77547152963996 -19.99999999999999 14.97144626362887
    vertex 24.44150826835696 -19.99999999999999 17.5138289285954
  endloop
endfacet
facet normal 0 -1 0
  outer loop
    vertex -49.18395720370739 -19.99999999999999 14.9606311549325
    vertex -44.89415581360051 -19.99999999999999 17.3981596437611
    vertex -49.23940439653819 -19.99999999999999 19.89424616474751
  endloop
endfacet
facet normal 0 -1 0
  outer loop
    vertex -83.82616317260812 -19.99999999999999 14.99982365492134
    vertex -84.22121578860887 -19.99999999999999 20.77276732712216
    vertex -88.15698604071994 -19.99999999999999 17.5000000001124
  endloop
endfacet
facet normal 0 -1 0
  outer loop
    vertex -109.8076211353324 -19.99999999999999 15.00000000012498
    vertex -105.408199167203 -19.99999999999999 17.38585225125504
    vertex -109.8602276111698 -19.99999999999999 20.7101407211274
  endloop
endfacet
facet normal 0 -1 0
  outer loop
    vertex -109.8076211353324 -19.99999999999999 15.00000000012498
    vertex -114.202509304235 -19.99999999999999 12.61216960224777
    vertex -109.9841099870436 -19.99999999999999 9.21699058045661
  endloop
endfacet
facet normal -0 -1 0
  outer loop
    vertex -130 -19.99999999999999 30
    vertex -135 -19.99999999999999 30
    vertex -132.6650023705485 -19.99999999999999 25.43779101824364
  endloop
endfacet
facet normal -0 -1 0
  outer loop
    vertex -115 -19.99999999999999 30
    vertex -120 -19.99999999999999 30
    vertex -117.9703132027795 -19.99999999999999 25.23680024023017
  endloop
endfacet
facet normal -0 -1 0
  outer loop
    vertex -110 -19.99999999999999 30
    vertex -115 -19.99999999999999 30
    vertex -112.5 -19.99999999999999 25.66987298107781
  endloop
endfacet
facet normal -0 -1 0
  outer loop
    vertex -100 -19.99999999999999 30
    vertex -105 -19.99999999999999 30
    vertex -101.8723309918941 -19.99999999999999 25.24626666966052
  endloop
endfacet
facet normal -0 -1 0
  outer loop
    vertex -85.00000000000003 -19.99999999999999 30
    vertex -90.00000000000003 -19.99999999999999 30
    vertex -87.12714921110951 -19.99999999999999 25.41580081513753
  endloop
endfacet
facet normal -0 -1 0
  outer loop
    vertex -70.00000000000003 -19.99999999999999 30
    vertex -75.00000000000003 -19.99999999999999 30
    vertex -72.41522761533002 -19.99999999999999 25.57140139160141
  endloop
endfacet
facet normal -0 -1 0
  outer loop
    vertex -55.00000000000003 -19.99999999999999 30
    vertex -60.00000000000003 -19.99999999999999 30
    vertex -57.65129010952577 -19.99999999999999 25.51482159809305
  endloop
endfacet
facet normal -0 -1 0
  outer loop
    vertex -40.00000000000003 -19.99999999999999 30
    vertex -45.00000000000003 -19.99999999999999 30
    vertex -42.20931257691257 -19.99999999999999 26.43323983902323
  endloop
endfacet
facet normal -0 -1 0
  outer loop
    vertex -25.00000000000003 -19.99999999999999 30
    vertex -30.00000000000003 -19.99999999999999 30
    vertex -27.61744625884799 -19.99999999999999 26.60251205707943
  endloop
endfacet
facet normal -0 -1 0
  outer loop
    vertex -10.00000000000003 -19.99999999999999 30
    vertex -15.00000000000003 -19.99999999999999 30
    vertex -12.81478412740867 -19.99999999999999 26.43594631489063
  endloop
endfacet
facet normal -0 -1 0
  outer loop
    vertex 4.999999999999972 -19.99999999999999 30
    vertex -2.842170943040401e-14 -19.99999999999999 30
    vertex 2.623581967304062 -19.99999999999999 25.5162667130724
  endloop
endfacet
facet normal -0 -1 0
  outer loop
    vertex 19.99999999999997 -19.99999999999999 30
    vertex 14.99999999999997 -19.99999999999999 30
    vertex 17.35479759425604 -19.99999999999999 25.53534509264545
  endloop
endfacet
facet normal -0 -1 0
  outer loop
    vertex 34.99999999999997 -19.99999999999999 30
    vertex 29.99999999999997 -19.99999999999999 30
    vertex 32.10275277520148 -19.99999999999999 25.52362725550421
  endloop
endfacet
facet normal -0 -1 0
  outer loop
    vertex 39.99999999999997 -19.99999999999999 30
    vertex 34.99999999999997 -19.99999999999999 30
    vertex 37.51265593637351 -19.99999999999999 25.18078389104375
  endloop
endfacet
facet normal -0 -1 0
  outer loop
    vertex 49.99999999999997 -19.99999999999999 30
    vertex 44.99999999999997 -19.99999999999999 30
    vertex 46.84363515187454 -19.99999999999999 25.24787103486756
  endloop
endfacet
facet normal -0 -1 0
  outer loop
    vertex 54.99999999999997 -19.99999999999999 30
    vertex 49.99999999999997 -19.99999999999999 30
    vertex 52.49999999999997 -19.99999999999999 25.66987298107781
  endloop
endfacet
facet normal -0 -1 0
  outer loop
    vertex 59.99999999999997 -19.99999999999999 30
    vertex 54.99999999999997 -19.99999999999999 30
    vertex 57.5 -19.99999999999999 25.66987298107781
  endloop
endfacet
facet normal -0 -1 0
  outer loop
    vertex 64.99999999999997 -19.99999999999999 30
    vertex 59.99999999999997 -19.99999999999999 30
    vertex 62.94140940080754 -19.99999999999999 25.23494557506314
  endloop
endfacet
facet normal -0 -1 0
  outer loop
    vertex 79.99999999999997 -19.99999999999999 30
    vertex 74.99999999999997 -19.99999999999999 30
    vertex 77.49999999999997 -19.99999999999999 25.66987298107781
  endloop
endfacet
facet normal -0 -1 0
  outer loop
    vertex 94.99999999999997 -19.99999999999999 30
    vertex 89.99999999999997 -19.99999999999999 30
    vertex 92.49999999999997 -19.99999999999999 25.66987298107781
  endloop
endfacet
facet normal -0 -1 0
  outer loop
    vertex 110 -19.99999999999999 30
    vertex 105 -19.99999999999999 30
    vertex 107.0981286375457 -19.99999999999999 25.23235419178291
  endloop
endfacet
facet normal -0 -1 0
  outer loop
    vertex 115 -19.99999999999999 30
    vertex 110 -19.99999999999999 30
    vertex 112.5603102897666 -19.99999999999999 25.60167505130599
  endloop
endfacet
facet normal -0 -1 0
  outer loop
    vertex 125 -19.99999999999999 30
    vertex 120 -19.99999999999999 30
    vertex 122.5 -19.99999999999999 25.77350269189617
  endloop
endfacet
facet normal -0 -1 0
  outer loop
    vertex 130 -19.99999999999999 30
    vertex 125 -19.99999999999999 30
    vertex 127.3715668660849 -19.99999999999999 25.70736757348532
  endloop
endfacet
facet normal -0 -1 0
  outer loop
    vertex 135 -19.99999999999999 30
    vertex 130 -19.99999999999999 30
    vertex 132.6773140080067 -19.99999999999999 25.24393310781853
  endloop
endfacet
facet normal 0 -1 0
  outer loop
    vertex 132.6773140080067 -19.99999999999999 25.24393310781853
    vertex 130 -19.99999999999999 30
    vertex 127.3715668660849 -19.99999999999999 25.70736757348532
  endloop
endfacet
facet normal -0 -1 0
  outer loop
    vertex 145 -19.99999999999999 30
    vertex 140 -19.99999999999999 30
    vertex 142.0408719047129 -19.99999999999999 25.47151376279599
  endloop
endfacet
facet normal 0 -1 0
  outer loop
    vertex -31.88187192726963 -19.99999999999999 14.96936775617378
    vertex -27.62032276223852 -19.99999999999999 17.34248005656075
    vertex -32.06562406742216 -19.99999999999999 19.93408892965363
  endloop
endfacet
facet normal 0 -1 0
  outer loop
    vertex -53.5935732887942 -19.99999999999999 12.62187846016347
    vertex -53.52458253257659 -19.99999999999999 17.47581288667567
    vertex -57.86046624871321 -19.99999999999999 15.01628189120386
  endloop
endfacet
facet normal 0 -1 0
  outer loop
    vertex -140 -19.99999999999999 0
    vertex -135 -19.99999999999999 0
    vertex -136.8623129130073 -19.99999999999999 4.761840305452523
  endloop
endfacet
facet normal 0 -1 0
  outer loop
    vertex -130 -19.99999999999999 0
    vertex -125 -19.99999999999999 0
    vertex -127.340626804725 -19.99999999999999 4.534990813307104
  endloop
endfacet
facet normal 0 -1 0
  outer loop
    vertex -115 -19.99999999999999 0
    vertex -110 -19.99999999999999 0
    vertex -112.5778287310278 -19.99999999999999 4.42946412687828
  endloop
endfacet
facet normal 0 -1 0
  outer loop
    vertex -100 -19.99999999999999 0
    vertex -95.00000000000003 -19.99999999999999 0
    vertex -97.85885795121808 -19.99999999999999 4.582784788825744
  endloop
endfacet
facet normal 0 -1 0
  outer loop
    vertex -85.00000000000003 -19.99999999999999 0
    vertex -80.00000000000003 -19.99999999999999 0
    vertex -83.11715786684063 -19.99999999999999 4.754330782958238
  endloop
endfacet
facet normal 0 -1 0
  outer loop
    vertex -80.00000000000003 -19.99999999999999 0
    vertex -75.00000000000003 -19.99999999999999 0
    vertex -77.50000000000003 -19.99999999999999 4.330127018922191
  endloop
endfacet
facet normal 0 -1 0
  outer loop
    vertex -83.11715786684063 -19.99999999999999 4.754330782958238
    vertex -80.00000000000003 -19.99999999999999 0
    vertex -77.50000000000003 -19.99999999999999 4.330127018922191
  endloop
endfacet
facet normal 0 -1 0
  outer loop
    vertex -75.00000000000003 -19.99999999999999 0
    vertex -70.00000000000003 -19.99999999999999 0
    vertex -72.50000000000003 -19.99999999999999 4.330127018922191
  endloop
endfacet
facet normal 0 -1 0
  outer loop
    vertex -75.00000000000003 -19.99999999999999 0
    vertex -72.50000000000003 -19.99999999999999 4.330127018922191
    vertex -77.50000000000003 -19.99999999999999 4.330127018922191
  endloop
endfacet
facet normal 0 -1 0
  outer loop
    vertex -70.00000000000003 -19.99999999999999 0
    vertex -65.00000000000003 -19.99999999999999 0
    vertex -67.01911563223874 -19.99999999999999 4.762530035189286
  endloop
endfacet
facet normal 0 -1 0
  outer loop
    vertex -70.00000000000003 -19.99999999999999 0
    vertex -67.01911563223874 -19.99999999999999 4.762530035189286
    vertex -72.50000000000003 -19.99999999999999 4.330127018922191
  endloop
endfacet
facet normal 0 -1 0
  outer loop
    vertex -55.00000000000003 -19.99999999999999 0
    vertex -50.00000000000003 -19.99999999999999 0
    vertex -52.32114406190435 -19.99999999999999 4.563738540543987
  endloop
endfacet
facet normal 0 -1 0
  outer loop
    vertex -40.00000000000003 -19.99999999999999 0
    vertex -35.00000000000003 -19.99999999999999 0
    vertex -37.50000000000003 -19.99999999999999 4.330127018922191
  endloop
endfacet
facet normal 0 -1 0
  outer loop
    vertex -25.00000000000003 -19.99999999999999 0
    vertex -20.00000000000003 -19.99999999999999 0
    vertex -22.86226908043065 -19.99999999999999 4.770302154540072
  endloop
endfacet
facet normal 0 -1 0
  outer loop
    vertex -20.00000000000003 -19.99999999999999 0
    vertex -15.00000000000003 -19.99999999999999 0
    vertex -17.42302400183456 -19.99999999999999 4.4054771346973
  endloop
endfacet
facet normal 0 -1 0
  outer loop
    vertex -22.86226908043065 -19.99999999999999 4.770302154540072
    vertex -20.00000000000003 -19.99999999999999 0
    vertex -17.42302400183456 -19.99999999999999 4.4054771346973
  endloop
endfacet
facet normal 0 -1 0
  outer loop
    vertex -15.00000000000003 -19.99999999999999 0
    vertex -10.00000000000003 -19.99999999999999 0
    vertex -12.50000000000003 -19.99999999999999 4.330127018922191
  endloop
endfacet
facet normal 0 -1 0
  outer loop
    vertex -15.00000000000003 -19.99999999999999 0
    vertex -12.50000000000003 -19.99999999999999 4.330127018922191
    vertex -17.42302400183456 -19.99999999999999 4.4054771346973
  endloop
endfacet
facet normal 0 -1 0
  outer loop
    vertex -10.00000000000003 -19.99999999999999 0
    vertex -5.000000000000028 -19.99999999999999 0
    vertex -6.77700262049791 -19.99999999999999 4.751206705182781
  endloop
endfacet
facet normal 0 -1 0
  outer loop
    vertex -10.00000000000003 -19.99999999999999 0
    vertex -6.77700262049791 -19.99999999999999 4.751206705182781
    vertex -12.50000000000003 -19.99999999999999 4.330127018922191
  endloop
endfacet
facet normal 0 -1 0
  outer loop
    vertex -2.842170943040401e-14 -19.99999999999999 0
    vertex 4.999999999999972 -19.99999999999999 0
    vertex 2.552512881075273 -19.99999999999999 4.832606282123816
  endloop
endfacet
facet normal 0 -1 0
  outer loop
    vertex 4.999999999999972 -19.99999999999999 0
    vertex 9.999999999999972 -19.99999999999999 0
    vertex 7.970149253607048 -19.99999999999999 4.486459034512574
  endloop
endfacet
facet normal 0 -1 0
  outer loop
    vertex 4.999999999999972 -19.99999999999999 0
    vertex 7.970149253607048 -19.99999999999999 4.486459034512574
    vertex 2.552512881075273 -19.99999999999999 4.832606282123816
  endloop
endfacet
facet normal 0 -1 0
  outer loop
    vertex 19.99999999999997 -19.99999999999999 0
    vertex 24.99999999999997 -19.99999999999999 0
    vertex 22.57525055874649 -19.99999999999999 3.985313712646928
  endloop
endfacet
facet normal 0 -1 0
  outer loop
    vertex 34.99999999999997 -19.99999999999999 0
    vertex 39.99999999999997 -19.99999999999999 0
    vertex 37.44427141715437 -19.99999999999999 4.542756506028066
  endloop
endfacet
facet normal 0 -1 0
  outer loop
    vertex 49.99999999999997 -19.99999999999999 0
    vertex 54.99999999999997 -19.99999999999999 0
    vertex 52.42191369647074 -19.99999999999999 4.07783278190173
  endloop
endfacet
facet normal 0 -1 0
  outer loop
    vertex 64.99999999999997 -19.99999999999999 0
    vertex 69.99999999999997 -19.99999999999999 0
    vertex 67.23831874171859 -19.99999999999999 3.971753681321502
  endloop
endfacet
facet normal 0 -1 0
  outer loop
    vertex 79.99999999999997 -19.99999999999999 0
    vertex 84.99999999999997 -19.99999999999999 0
    vertex 81.72940119650877 -19.99999999999999 4.754088918330567
  endloop
endfacet
facet normal 0 -1 0
  outer loop
    vertex 89.99999999999997 -19.99999999999999 0
    vertex 94.99999999999997 -19.99999999999999 0
    vertex 92.38920490492214 -19.99999999999999 4.41083802438089
  endloop
endfacet
facet normal 0 -1 0
  outer loop
    vertex 94.99999999999997 -19.99999999999999 0
    vertex 99.99999999999997 -19.99999999999999 0
    vertex 97.79352036097484 -19.99999999999999 4.775050631876574
  endloop
endfacet
facet normal 0 -1 0
  outer loop
    vertex 110 -19.99999999999999 0
    vertex 115 -19.99999999999999 0
    vertex 112.4765584134066 -19.99999999999999 4.405023567897146
  endloop
endfacet
facet normal 0 -1 0
  outer loop
    vertex 125 -19.99999999999999 0
    vertex 130 -19.99999999999999 0
    vertex 127.2014365863983 -19.99999999999999 4.461788894234516
  endloop
endfacet
facet normal 0 -1 0
  outer loop
    vertex 130 -19.99999999999999 0
    vertex 135 -19.99999999999999 0
    vertex 132.585197303072 -19.99999999999999 5.119080392307396
  endloop
endfacet
facet normal 0 -1 0
  outer loop
    vertex 127.2014365863983 -19.99999999999999 4.461788894234516
    vertex 130 -19.99999999999999 0
    vertex 132.585197303072 -19.99999999999999 5.119080392307396
  endloop
endfacet
facet normal 0 -1 0
  outer loop
    vertex 135 -19.99999999999999 0
    vertex 140 -19.99999999999999 0
    vertex 137.9336282735328 -19.99999999999999 4.481480624777156
  endloop
endfacet
facet normal 0 -1 0
  outer loop
    vertex 135 -19.99999999999999 0
    vertex 137.9336282735328 -19.99999999999999 4.481480624777156
    vertex 132.585197303072 -19.99999999999999 5.119080392307396
  endloop
endfacet
facet normal 0 -1 -0
  outer loop
    vertex -115 -19.99999999999999 30
    vertex -117.9703132027795 -19.99999999999999 25.23680024023017
    vertex -112.5 -19.99999999999999 25.66987298107781
  endloop
endfacet
facet normal 0 -1 -0
  outer loop
    vertex 49.99999999999997 -19.99999999999999 30
    vertex 46.84363515187454 -19.99999999999999 25.24787103486756
    vertex 52.49999999999997 -19.99999999999999 25.66987298107781
  endloop
endfacet
facet normal 0 -1 -0
  outer loop
    vertex 125 -19.99999999999999 30
    vertex 122.5 -19.99999999999999 25.77350269189617
    vertex 127.3715668660849 -19.99999999999999 25.70736757348532
  endloop
endfacet
facet normal 0 -1 0
  outer loop
    vertex 128.4187723701811 -19.99999999999999 12.67413230183087
    vertex 132.6706914886148 -19.99999999999999 15.02469111222991
    vertex 128.4976719994148 -19.99999999999999 17.57870689245368
  endloop
endfacet
facet normal -0 -1 0
  outer loop
    vertex 98.03551114671245 -19.99999999999999 15.00542442786898
    vertex 93.79309408045572 -19.99999999999999 17.35328803624118
    vertex 93.79518140538596 -19.99999999999999 12.60324258665256
  endloop
endfacet
facet normal -0 -1 0
  outer loop
    vertex 46.01294556670402 -19.99999999999999 10.11213580872947
    vertex 41.73476097564287 -19.99999999999999 12.52128907929317
    vertex 41.82751160218004 -19.99999999999999 7.599783826202096
  endloop
endfacet
facet normal -0 -1 0
  outer loop
    vertex 33.02014581834624 -19.99999999999999 7.581303160112519
    vertex 28.82054607241915 -19.99999999999999 10.09218154026231
    vertex 28.29492569496782 -19.99999999999999 4.810317187207815
  endloop
endfacet
facet normal -0 -1 0
  outer loop
    vertex -36.13279732150315 -19.99999999999999 12.61595687585272
    vertex -40.52116770625243 -19.99999999999999 15.01664438731521
    vertex -40.23148618457662 -19.99999999999999 9.17711932514786
  endloop
endfacet
facet normal -0 -1 0
  outer loop
    vertex -40.23148618457662 -19.99999999999999 9.17711932514786
    vertex -44.80596188911285 -19.99999999999999 12.36562728546961
    vertex -44.83471292822964 -19.99999999999999 7.809284868234148
  endloop
endfacet
facet normal -0 -1 0
  outer loop
    vertex -49.18395720370739 -19.99999999999999 14.9606311549325
    vertex -53.52458253257659 -19.99999999999999 17.47581288667567
    vertex -53.5935732887942 -19.99999999999999 12.62187846016347
  endloop
endfacet
facet normal 0 -1 0
  outer loop
    vertex -66.44290579302398 -19.99999999999999 19.88996395511938
    vertex -62.17761510396645 -19.99999999999999 17.50194848714833
    vertex -62.18737647681399 -19.99999999999999 22.42773532959788
  endloop
endfacet
facet normal -0 -1 0
  outer loop
    vertex -70.76042574781849 -19.99999999999999 12.5906095730281
    vertex -75.14155441307543 -19.99999999999999 14.99365157331709
    vertex -75.09802953164201 -19.99999999999999 9.285693728487779
  endloop
endfacet
facet normal 0 -1 0
  outer loop
    vertex -84.22121578860887 -19.99999999999999 20.77276732712216
    vertex -79.49255690772897 -19.99999999999999 17.49894192897607
    vertex -79.71218075094336 -19.99999999999999 22.02884144306688
  endloop
endfacet
facet normal -0 -1 0
  outer loop
    vertex -83.82616317260812 -19.99999999999999 14.99982365492134
    vertex -88.15698604071994 -19.99999999999999 17.5000000001124
    vertex -88.15687006585767 -19.99999999999999 12.49997060924765
  endloop
endfacet
facet normal -0 -1 0
  outer loop
    vertex -83.82685902180211 -19.99999999999999 10.00000000010995
    vertex -88.15687006585767 -19.99999999999999 12.49997060924765
    vertex -87.92918551229938 -19.99999999999999 7.602735017186912
  endloop
endfacet
facet normal -0 -1 0
  outer loop
    vertex -92.4870937304994 -19.99999999999999 14.99999510163746
    vertex -96.83085569078614 -19.99999999999999 17.47640960567424
    vertex -96.73812587891791 -19.99999999999999 12.6370221735373
  endloop
endfacet
facet normal 0 -1 0
  outer loop
    vertex -97.06774881698647 -19.99999999999999 22.36945467781323
    vertex -92.56882606211573 -19.99999999999999 19.85846253193312
    vertex -92.50575172423655 -19.99999999999999 25.0345870536103
  endloop
endfacet
facet normal -0 -1 0
  outer loop
    vertex -96.73812587891791 -19.99999999999999 12.6370221735373
    vertex -101.1364506662501 -19.99999999999999 15.01890529661607
    vertex -100.7438700399115 -19.99999999999999 9.247917284563382
  endloop
endfacet
facet normal 0 -1 0
  outer loop
    vertex -105.408199167203 -19.99999999999999 17.38585225125504
    vertex -101.1364506662501 -19.99999999999999 15.01890529661607
    vertex -101.1960994542386 -19.99999999999999 19.95028001263962
  endloop
endfacet
facet normal -0 -1 0
  outer loop
    vertex -100.7438700399115 -19.99999999999999 9.247917284563382
    vertex -105.4084252016087 -19.99999999999999 12.37780376361239
    vertex -105.2526159687326 -19.99999999999999 7.950530067491115
  endloop
endfacet
facet normal -0 -1 0
  outer loop
    vertex -109.8076211353324 -19.99999999999999 15.00000000012498
    vertex -114.1377481542531 -19.99999999999999 17.5000000001275
    vertex -114.202509304235 -19.99999999999999 12.61216960224777
  endloop
endfacet
facet normal -0 -1 0
  outer loop
    vertex -114.202509304235 -19.99999999999999 12.61216960224777
    vertex -118.4786686981732 -19.99999999999999 15.01869493381672
    vertex -118.5452287689878 -19.99999999999999 10.13398035821812
  endloop
endfacet
facet normal -0 -1 0
  outer loop
    vertex -118.5452287689878 -19.99999999999999 10.13398035821812
    vertex -122.8126933789012 -19.99999999999999 12.52544588209499
    vertex -122.7990922228034 -19.99999999999999 7.588945123509774
  endloop
endfacet
facet normal -0 -1 0
  outer loop
    vertex -122.8126933789012 -19.99999999999999 12.52544588209499
    vertex -127.1309389200429 -19.99999999999999 15.00486655891518
    vertex -127.2196317291339 -19.99999999999999 9.945814403406402
  endloop
endfacet
facet normal 0 -1 0
  outer loop
    vertex -127.0528970985837 -19.99999999999999 19.86969415903755
    vertex -122.8001692594272 -19.99999999999999 17.50375347085098
    vertex -122.6532306574966 -19.99999999999999 22.37849903055962
  endloop
endfacet
facet normal 0 -1 0
  outer loop
    vertex -131.4440358521603 -19.99999999999999 12.47536958331197
    vertex -136.2644671150409 -19.99999999999999 10.20237235000689
    vertex -131.7904031961704 -19.99999999999999 7.545268459299379
  endloop
endfacet
facet normal -0 -1 0
  outer loop
    vertex -87.92918551229938 -19.99999999999999 7.602735017186912
    vertex -92.35455780747006 -19.99999999999999 10.1809085392136
    vertex -92.48711305964935 -19.99999999999999 5.000000000114873
  endloop
endfacet
facet normal 0 -1 0
  outer loop
    vertex 67.23831874171859 -19.99999999999999 3.971753681321502
    vertex 69.99999999999997 -19.99999999999999 0
    vertex 72.43720662508773 -19.99999999999999 4.765375913311672
  endloop
endfacet
facet normal -0 -1 0
  outer loop
    vertex 127.3715668660849 -19.99999999999999 25.70736757348532
    vertex 122.5 -19.99999999999999 25.77350269189617
    vertex 124.652503690799 -19.99999999999999 20.97852375366098
  endloop
endfacet
facet normal 0 -1 0
  outer loop
    vertex 98.03551114671245 -19.99999999999999 15.00542442786898
    vertex 102.3656804711271 -19.99999999999999 17.50559969975984
    vertex 98.1106971497826 -19.99999999999999 19.87504684531432
  endloop
endfacet
facet normal 0 -1 0
  outer loop
    vertex 7.091749762731382 -19.99999999999999 17.47657798498989
    vertex 11.36157064122153 -19.99999999999999 19.87243443334248
    vertex 7.131419853733377 -19.99999999999999 22.42026444373884
  endloop
endfacet
facet normal 0 -1 0
  outer loop
    vertex -66.5095322635494 -19.99999999999999 15.00509640727882
    vertex -62.17761510396645 -19.99999999999999 17.50194848714833
    vertex -66.44290579302398 -19.99999999999999 19.88996395511938
  endloop
endfacet
facet normal 0 -1 0
  outer loop
    vertex -105.4084252016087 -19.99999999999999 12.37780376361239
    vertex -101.1364506662501 -19.99999999999999 15.01890529661607
    vertex -105.408199167203 -19.99999999999999 17.38585225125504
  endloop
endfacet
facet normal 0 -1 0
  outer loop
    vertex -70.76042574781849 -19.99999999999999 12.5906095730281
    vertex -70.76222675697045 -19.99999999999999 17.37129986645001
    vertex -75.14155441307543 -19.99999999999999 14.99365157331709
  endloop
endfacet
facet normal 0 -1 0
  outer loop
    vertex -96.73812587891791 -19.99999999999999 12.6370221735373
    vertex -96.83085569078614 -19.99999999999999 17.47640960567424
    vertex -101.1364506662501 -19.99999999999999 15.01890529661607
  endloop
endfacet
facet normal 0 -1 0
  outer loop
    vertex 20.08616120336896 -19.99999999999999 10.36383017518134
    vertex 20.11074187570622 -19.99999999999999 15.02089270609196
    vertex 15.76633720777383 -19.99999999999999 12.52336752198868
  endloop
endfacet
facet normal 0 -1 0
  outer loop
    vertex -18.8749537379675 -19.99999999999999 12.50000000007256
    vertex -18.87214493589988 -19.99999999999999 17.49927294405806
    vertex -23.20461262321085 -19.99999999999999 14.99987882407255
  endloop
endfacet
facet normal 0 -1 0
  outer loop
    vertex -57.93790793494719 -19.99999999999999 10.15549784512498
    vertex -57.86046624871321 -19.99999999999999 15.01628189120386
    vertex -62.19392065504391 -19.99999999999999 12.52862995612048
  endloop
endfacet
facet normal 0 -1 -0
  outer loop
    vertex -118.5452287689878 -19.99999999999999 10.13398035821812
    vertex -122.7990922228034 -19.99999999999999 7.588945123509774
    vertex -117.9926378252788 -19.99999999999999 4.809237272661257
  endloop
endfacet
facet normal 0 -1 0
  outer loop
    vertex -127.1309389200429 -19.99999999999999 15.00486655891518
    vertex -122.8001692594272 -19.99999999999999 17.50375347085098
    vertex -127.0528970985837 -19.99999999999999 19.86969415903755
  endloop
endfacet
facet normal 0 -1 0
  outer loop
    vertex -135.9345833792551 -19.99999999999999 15.05475477960455
    vertex -131.3701242542134 -19.99999999999999 17.34735094040406
    vertex -135.4686046147142 -19.99999999999999 20.78094897824629
  endloop
endfacet
facet normal 0 -1 0
  outer loop
    vertex -140.1185102677863 -19.99999999999999 17.5000000001425
    vertex -135.4686046147142 -19.99999999999999 20.78094897824629
    vertex -140.282949134101 -19.99999999999999 22.37914102142832
  endloop
endfacet
facet normal 0 -1 0
  outer loop
    vertex -100.7438700399115 -19.99999999999999 9.247917284563382
    vertex -101.1364506662501 -19.99999999999999 15.01890529661607
    vertex -105.4084252016087 -19.99999999999999 12.37780376361239
  endloop
endfacet
facet normal 0 -1 0
  outer loop
    vertex -114.202509304235 -19.99999999999999 12.61216960224777
    vertex -114.1377481542531 -19.99999999999999 17.5000000001275
    vertex -118.4786686981732 -19.99999999999999 15.01869493381672
  endloop
endfacet
facet normal -0 -1 0
  outer loop
    vertex 2.627305213724924 -19.99999999999999 10.0619111969228
    vertex -1.582031730002768 -19.99999999999999 12.51357821317578
    vertex -1.827020405649534 -19.99999999999999 7.505923968431599
  endloop
endfacet
facet normal 0 -1 0
  outer loop
    vertex -36.23159954785838 -19.99999999999999 17.48390944769371
    vertex -32.06562406742216 -19.99999999999999 19.93408892965363
    vertex -36.40189324820756 -19.99999999999999 22.19336624696192
  endloop
endfacet
facet normal 0 -1 0
  outer loop
    vertex -135.9345833792551 -19.99999999999999 15.05475477960455
    vertex -135.4686046147142 -19.99999999999999 20.78094897824629
    vertex -140.1185102677863 -19.99999999999999 17.5000000001425
  endloop
endfacet
facet normal 0 -1 -0
  outer loop
    vertex -110 -19.99999999999999 30
    vertex -112.5 -19.99999999999999 25.66987298107781
    vertex -107.5 -19.99999999999999 25.66987298107783
  endloop
endfacet
facet normal 0 -1 -0
  outer loop
    vertex 115 -19.99999999999999 30
    vertex 112.5603102897666 -19.99999999999999 25.60167505130599
    vertex 117.5 -19.99999999999999 25.66987298107784
  endloop
endfacet
facet normal 0 -1 0
  outer loop
    vertex -62.19392065504391 -19.99999999999999 12.52862995612048
    vertex -57.86046624871321 -19.99999999999999 15.01628189120386
    vertex -62.17761510396645 -19.99999999999999 17.50194848714833
  endloop
endfacet
facet normal 0 -1 0
  outer loop
    vertex -83.82616317260812 -19.99999999999999 14.99982365492134
    vertex -79.49255690772897 -19.99999999999999 17.49894192897607
    vertex -84.22121578860887 -19.99999999999999 20.77276732712216
  endloop
endfacet
facet normal 0 -1 0
  outer loop
    vertex -96.83085569078614 -19.99999999999999 17.47640960567424
    vertex -92.56882606211573 -19.99999999999999 19.85846253193312
    vertex -97.06774881698647 -19.99999999999999 22.36945467781323
  endloop
endfacet
facet normal 0 -1 0
  outer loop
    vertex 136.9313409927622 -19.99999999999999 12.64442567656123
    vertex 137.0350942795261 -19.99999999999999 17.50372099681945
    vertex 132.6706914886148 -19.99999999999999 15.02469111222991
  endloop
endfacet
facet normal 0 -1 0
  outer loop
    vertex -14.52797390665523 -19.99999999999999 14.9956376639831
    vertex -10.15804266814609 -19.99999999999999 17.40075873558062
    vertex -14.59379497000921 -19.99999999999999 19.60050887990845
  endloop
endfacet
facet normal 0 -1 0
  outer loop
    vertex -127.1309389200429 -19.99999999999999 15.00486655891518
    vertex -131.4440358521603 -19.99999999999999 12.47536958331197
    vertex -127.2196317291339 -19.99999999999999 9.945814403406402
  endloop
endfacet
facet normal 0 -1 0
  outer loop
    vertex 80.71876203973454 -19.99999999999999 14.99979875289748
    vertex 85.05286077110728 -19.99999999999999 17.49879251731411
    vertex 80.38501506694138 -19.99999999999999 20.83150265372057
  endloop
endfacet
facet normal -0 -1 0
  outer loop
    vertex 11.42594847073704 -19.99999999999999 14.98703347636278
    vertex 7.091749762731382 -19.99999999999999 17.47657798498989
    vertex 7.017025407847541 -19.99999999999999 12.64077050601994
  endloop
endfacet
facet normal 0 -1 0
  outer loop
    vertex -5.836009510933081 -19.99999999999999 19.91493605907621
    vertex -1.665284220136243 -19.99999999999999 22.40977744705578
    vertex -5.600455275287942 -19.99999999999999 24.56899653022831
  endloop
endfacet
facet normal -0 -1 0
  outer loop
    vertex -105 -19.99999999999999 30
    vertex -110 -19.99999999999999 30
    vertex -107.5 -19.99999999999999 25.66987298107783
  endloop
endfacet
facet normal 0 -1 0
  outer loop
    vertex 141.3470076588445 -19.99999999999999 14.99264253416542
    vertex 145.6934664506719 -19.99999999999999 17.45913491193612
    vertex 141.485336283223 -19.99999999999999 20.02968344675231
  endloop
endfacet
facet normal 0 -1 0
  outer loop
    vertex 11.42594847073704 -19.99999999999999 14.98703347636278
    vertex 11.36157064122153 -19.99999999999999 19.87243443334248
    vertex 7.091749762731382 -19.99999999999999 17.47657798498989
  endloop
endfacet
facet normal 0 -1 0
  outer loop
    vertex -1.582031730002768 -19.99999999999999 12.51357821317578
    vertex 2.758541093218895 -19.99999999999999 15.01955808187585
    vertex -1.554445662275782 -19.99999999999999 17.50000000006254
  endloop
endfacet
facet normal 0 -1 0
  outer loop
    vertex -10.17023985776549 -19.99999999999999 12.5730672480323
    vertex -10.15804266814609 -19.99999999999999 17.40075873558062
    vertex -14.52797390665523 -19.99999999999999 14.9956376639831
  endloop
endfacet
facet normal 0 -1 0
  outer loop
    vertex -23.20461262321085 -19.99999999999999 14.99987882407255
    vertex -18.87214493589988 -19.99999999999999 17.49927294405806
    vertex -23.18928155204949 -19.99999999999999 19.96771825767287
  endloop
endfacet
facet normal -0 -1 0
  outer loop
    vertex 33.10255164598746 -19.99999999999999 12.47610693531282
    vertex 28.77547152963996 -19.99999999999999 14.97144626362887
    vertex 28.82054607241915 -19.99999999999999 10.09218154026231
  endloop
endfacet
facet normal -0 -1 0
  outer loop
    vertex 20.08616120336896 -19.99999999999999 10.36383017518134
    vertex 15.76633720777383 -19.99999999999999 12.52336752198868
    vertex 16.11266270031217 -19.99999999999999 7.845601268167453
  endloop
endfacet
facet normal 0 -1 -0
  outer loop
    vertex -122.6532306574966 -19.99999999999999 22.37849903055962
    vertex -122.8001692594272 -19.99999999999999 17.50375347085098
    vertex -118.4678751731739 -19.99999999999999 20.00000000013002
  endloop
endfacet
facet normal 0 -1 0
  outer loop
    vertex 94.99999999999997 -19.99999999999999 0
    vertex 97.79352036097484 -19.99999999999999 4.775050631876574
    vertex 92.38920490492214 -19.99999999999999 4.41083802438089
  endloop
endfacet
facet normal 0 -1 0
  outer loop
    vertex 62.94140940080754 -19.99999999999999 25.23494557506314
    vertex 59.99999999999997 -19.99999999999999 30
    vertex 57.5 -19.99999999999999 25.66987298107781
  endloop
endfacet
facet normal 0 -1 0
  outer loop
    vertex 102.353737355259 -19.99999999999999 12.5269468674205
    vertex 102.3656804711271 -19.99999999999999 17.50559969975984
    vertex 98.03551114671245 -19.99999999999999 15.00542442786898
  endloop
endfacet
facet normal 0 -1 0
  outer loop
    vertex 28.82054607241915 -19.99999999999999 10.09218154026231
    vertex 28.77547152963996 -19.99999999999999 14.97144626362887
    vertex 24.4984392943912 -19.99999999999999 12.61152730775619
  endloop
endfacet
facet normal 0 -1 0
  outer loop
    vertex 85.04809471616591 -19.99999999999999 12.5000000000121
    vertex 89.40681806472551 -19.99999999999999 14.99275510382303
    vertex 85.05286077110728 -19.99999999999999 17.49879251731411
  endloop
endfacet
facet normal 0 -1 0
  outer loop
    vertex -122.7990922228034 -19.99999999999999 7.588945123509774
    vertex -122.8126933789012 -19.99999999999999 12.52544588209499
    vertex -127.2196317291339 -19.99999999999999 9.945814403406402
  endloop
endfacet
facet normal 0 -1 0
  outer loop
    vertex 24.4984392943912 -19.99999999999999 12.61152730775619
    vertex 24.44150826835696 -19.99999999999999 17.5138289285954
    vertex 20.11074187570622 -19.99999999999999 15.02089270609196
  endloop
endfacet
facet normal 0 -1 0
  outer loop
    vertex -44.80596188911285 -19.99999999999999 12.36562728546961
    vertex -44.89415581360051 -19.99999999999999 17.3981596437611
    vertex -49.18395720370739 -19.99999999999999 14.9606311549325
  endloop
endfacet
facet normal -0 -1 0
  outer loop
    vertex 120 -19.99999999999999 30
    vertex 115 -19.99999999999999 30
    vertex 117.5 -19.99999999999999 25.66987298107784
  endloop
endfacet
facet normal 0 -1 0
  outer loop
    vertex 54.76110232715587 -19.99999999999999 14.99792782252345
    vertex 59.14630904753599 -19.99999999999999 17.40283216731535
    vertex 54.83728278191396 -19.99999999999999 20.71263059867409
  endloop
endfacet
facet normal 0 -1 0
  outer loop
    vertex -57.86046624871321 -19.99999999999999 15.01628189120386
    vertex -53.52458253257659 -19.99999999999999 17.47581288667567
    vertex -57.79998755542951 -19.99999999999999 20.0559558661942
  endloop
endfacet
facet normal 0 -1 0
  outer loop
    vertex -83.82616317260812 -19.99999999999999 14.99982365492134
    vertex -88.15687006585767 -19.99999999999999 12.49997060924765
    vertex -83.82685902180211 -19.99999999999999 10.00000000010995
  endloop
endfacet
facet normal 0 -1 0
  outer loop
    vertex 11.42594847073704 -19.99999999999999 14.98703347636278
    vertex 15.7058660765363 -19.99999999999999 17.39883333596593
    vertex 11.36157064122153 -19.99999999999999 19.87243443334248
  endloop
endfacet
facet normal -0 -1 0
  outer loop
    vertex 141.3470076588445 -19.99999999999999 14.99264253416542
    vertex 137.0350942795261 -19.99999999999999 17.50372099681945
    vertex 136.9313409927622 -19.99999999999999 12.64442567656123
  endloop
endfacet
facet normal -0 -1 0
  outer loop
    vertex 136.9313409927622 -19.99999999999999 12.64442567656123
    vertex 132.6706914886148 -19.99999999999999 15.02469111222991
    vertex 132.6303876640485 -19.99999999999999 10.19850529069328
  endloop
endfacet
facet normal -0 -1 0
  outer loop
    vertex 128.4187723701811 -19.99999999999999 12.67413230183087
    vertex 124.2189839985254 -19.99999999999999 15.26543085940651
    vertex 124.4152566174452 -19.99999999999999 9.263136914565269
  endloop
endfacet
facet normal -0 -1 0
  outer loop
    vertex 106.6192192487349 -19.99999999999999 10.14159059397362
    vertex 102.353737355259 -19.99999999999999 12.5269468674205
    vertex 102.3339470914457 -19.99999999999999 7.629678740284405
  endloop
endfacet
facet normal -0 -1 0
  outer loop
    vertex 93.79518140538596 -19.99999999999999 12.60324258665256
    vertex 89.40681806472551 -19.99999999999999 14.99275510382303
    vertex 89.62823687833111 -19.99999999999999 9.292813852810905
  endloop
endfacet
facet normal 0 -1 0
  outer loop
    vertex 80.38501506694138 -19.99999999999999 20.83150265372057
    vertex 85.05286077110728 -19.99999999999999 17.49879251731411
    vertex 84.99183830178268 -19.99999999999999 22.17263782624438
  endloop
endfacet
facet normal -0 -1 0
  outer loop
    vertex -79.49673200287846 -19.99999999999999 12.50000000010734
    vertex -83.82616317260812 -19.99999999999999 14.99982365492134
    vertex -83.82685902180211 -19.99999999999999 10.00000000010995
  endloop
endfacet
facet normal -0 -1 0
  outer loop
    vertex -127.1309389200429 -19.99999999999999 15.00486655891518
    vertex -131.3701242542134 -19.99999999999999 17.34735094040406
    vertex -131.4440358521603 -19.99999999999999 12.47536958331197
  endloop
endfacet
facet normal -0 -1 0
  outer loop
    vertex -131.4440358521603 -19.99999999999999 12.47536958331197
    vertex -135.9345833792551 -19.99999999999999 15.05475477960455
    vertex -136.2644671150409 -19.99999999999999 10.20237235000689
  endloop
endfacet
facet normal 0 -1 0
  outer loop
    vertex 37.41439724947304 -19.99999999999999 15.00407096543141
    vertex 41.74508652695116 -19.99999999999999 17.50313671313943
    vertex 37.51251003535143 -19.99999999999999 19.96977622455037
  endloop
endfacet
facet normal 0 -1 0
  outer loop
    vertex -1.582031730002768 -19.99999999999999 12.51357821317578
    vertex -1.554445662275782 -19.99999999999999 17.50000000006254
    vertex -5.889170359153553 -19.99999999999999 15.00226303558408
  endloop
endfacet
facet normal 0 -1 0
  outer loop
    vertex -53.52458253257659 -19.99999999999999 17.47581288667567
    vertex -53.39859486098092 -19.99999999999999 22.39913500444643
    vertex -57.79998755542951 -19.99999999999999 20.0559558661942
  endloop
endfacet
facet normal 0 -1 0
  outer loop
    vertex 89.62823687833111 -19.99999999999999 9.292813852810905
    vertex 89.40681806472551 -19.99999999999999 14.99275510382303
    vertex 85.04809471616591 -19.99999999999999 12.5000000000121
  endloop
endfacet
facet normal 0 -1 0
  outer loop
    vertex 76.38797306873639 -19.99999999999999 12.49996645882954
    vertex 76.38784067832358 -19.99999999999999 17.50000000001564
    vertex 72.05773572446947 -19.99999999999999 14.99999440982009
  endloop
endfacet
facet normal 0 -1 0
  outer loop
    vertex 98.1106971497826 -19.99999999999999 19.87504684531432
    vertex 102.4686186403621 -19.99999999999999 22.37975273140864
    vertex 97.81812567888485 -19.99999999999999 25.1899207362312
  endloop
endfacet
facet normal -0 -1 0
  outer loop
    vertex 24.4984392943912 -19.99999999999999 12.61152730775619
    vertex 20.11074187570622 -19.99999999999999 15.02089270609196
    vertex 20.08616120336896 -19.99999999999999 10.36383017518134
  endloop
endfacet
facet normal 0 -1 0
  outer loop
    vertex 7.131419853733377 -19.99999999999999 22.42026444373884
    vertex 11.36157064122153 -19.99999999999999 19.87243443334248
    vertex 11.96254932051869 -19.99999999999999 25.19044161259976
  endloop
endfacet
facet normal 0 -1 0
  outer loop
    vertex -23.18928155204949 -19.99999999999999 19.96771825767287
    vertex -18.87214493589988 -19.99999999999999 17.49927294405806
    vertex -18.6826776746116 -19.99999999999999 22.20678997437999
  endloop
endfacet
facet normal 0 -1 0
  outer loop
    vertex -62.17761510396645 -19.99999999999999 17.50194848714833
    vertex -57.86046624871321 -19.99999999999999 15.01628189120386
    vertex -57.79998755542951 -19.99999999999999 20.0559558661942
  endloop
endfacet
facet normal 0 -1 -0
  outer loop
    vertex 106.6192192487349 -19.99999999999999 10.14159059397362
    vertex 102.3339470914457 -19.99999999999999 7.629678740284405
    vertex 107.0784703733945 -19.99999999999999 4.817098077252904
  endloop
endfacet
facet normal 0 -1 0
  outer loop
    vertex 67.81186905406892 -19.99999999999999 12.64597270150497
    vertex 67.71511050287452 -19.99999999999999 17.47838217758085
    vertex 63.40942733422014 -19.99999999999999 15.02072581319667
  endloop
endfacet
facet normal 0 -1 0
  outer loop
    vertex 98.03551114671245 -19.99999999999999 15.00542442786898
    vertex 98.1106971497826 -19.99999999999999 19.87504684531432
    vertex 93.79309408045572 -19.99999999999999 17.35328803624118
  endloop
endfacet
facet normal 0 -1 0
  outer loop
    vertex 67.71511050287452 -19.99999999999999 17.47838217758085
    vertex 71.98283476870571 -19.99999999999999 19.87029865557971
    vertex 67.59908799222512 -19.99999999999999 22.37447333828001
  endloop
endfacet
facet normal 0 -1 0
  outer loop
    vertex 2.627305213724924 -19.99999999999999 10.0619111969228
    vertex 2.758541093218895 -19.99999999999999 15.01955808187585
    vertex -1.582031730002768 -19.99999999999999 12.51357821317578
  endloop
endfacet
facet normal -0 -1 0
  outer loop
    vertex -5.889170359153553 -19.99999999999999 15.00226303558408
    vertex -10.15804266814609 -19.99999999999999 17.40075873558062
    vertex -10.17023985776549 -19.99999999999999 12.5730672480323
  endloop
endfacet
facet normal -0 -1 0
  outer loop
    vertex 122.5 -19.99999999999999 25.77350269189617
    vertex 120 -19.99999999999999 30
    vertex 117.5 -19.99999999999999 25.66987298107784
  endloop
endfacet
facet normal 0 -1 0
  outer loop
    vertex -62.18737647681399 -19.99999999999999 22.42773532959788
    vertex -62.17761510396645 -19.99999999999999 17.50194848714833
    vertex -57.79998755542951 -19.99999999999999 20.0559558661942
  endloop
endfacet
facet normal -0 -1 0
  outer loop
    vertex 80.71876203973454 -19.99999999999999 14.99979875289748
    vertex 76.38784067832358 -19.99999999999999 17.50000000001564
    vertex 76.38797306873639 -19.99999999999999 12.49996645882954
  endloop
endfacet
facet normal 0 -1 0
  outer loop
    vertex 67.59908799222512 -19.99999999999999 22.37447333828001
    vertex 71.98283476870571 -19.99999999999999 19.87029865557971
    vertex 72.21720971857215 -19.99999999999999 25.18566515999116
  endloop
endfacet
facet normal 0 -1 0
  outer loop
    vertex 72.05773572446947 -19.99999999999999 14.99999440982009
    vertex 76.38784067832358 -19.99999999999999 17.50000000001564
    vertex 71.98283476870571 -19.99999999999999 19.87029865557971
  endloop
endfacet
facet normal 0 -1 0
  outer loop
    vertex 41.73476097564287 -19.99999999999999 12.52128907929317
    vertex 41.74508652695116 -19.99999999999999 17.50313671313943
    vertex 37.41439724947304 -19.99999999999999 15.00407096543141
  endloop
endfacet
facet normal 0 -1 0
  outer loop
    vertex 59.13173661839974 -19.99999999999999 12.58473476771396
    vertex 59.14630904753599 -19.99999999999999 17.40283216731535
    vertex 54.76110232715587 -19.99999999999999 14.99792782252345
  endloop
endfacet
facet normal 0 -1 0
  outer loop
    vertex 132.6303876640485 -19.99999999999999 10.19850529069328
    vertex 132.6706914886148 -19.99999999999999 15.02469111222991
    vertex 128.4187723701811 -19.99999999999999 12.67413230183087
  endloop
endfacet
facet normal -0 -1 0
  outer loop
    vertex 63.77191600349485 -19.99999999999999 10.48768279298501
    vertex 59.13173661839974 -19.99999999999999 12.58473476771396
    vertex 59.74973128509737 -19.99999999999999 7.732215815723425
  endloop
endfacet
facet normal 0 -1 0
  outer loop
    vertex 115.4197187469996 -19.99999999999999 15.01435268847103
    vertex 119.9542261173037 -19.99999999999999 17.66468816849289
    vertex 115.2889099363122 -19.99999999999999 20.75305739371376
  endloop
endfacet
facet normal 0 -1 0
  outer loop
    vertex -49.18395720370739 -19.99999999999999 14.9606311549325
    vertex -53.5935732887942 -19.99999999999999 12.62187846016347
    vertex -49.51918199492545 -19.99999999999999 9.243370221774715
  endloop
endfacet
facet normal 0 -1 0
  outer loop
    vertex -5.889170359153553 -19.99999999999999 15.00226303558408
    vertex -5.836009510933081 -19.99999999999999 19.91493605907621
    vertex -10.15804266814609 -19.99999999999999 17.40075873558062
  endloop
endfacet
facet normal 0 -1 -0
  outer loop
    vertex 33.10255164598746 -19.99999999999999 12.47610693531282
    vertex 33.02014581834624 -19.99999999999999 7.581303160112519
    vertex 37.42393978479731 -19.99999999999999 9.954218412063351
  endloop
endfacet
facet normal 0 -1 0
  outer loop
    vertex 46.06857621722693 -19.99999999999999 15.01559866688506
    vertex 50.40707856479042 -19.99999999999999 17.50000000002901
    vertex 46.07695154587051 -19.99999999999999 20.00000000003229
  endloop
endfacet
facet normal -0 -1 0
  outer loop
    vertex 102.353737355259 -19.99999999999999 12.5269468674205
    vertex 98.03551114671245 -19.99999999999999 15.00542442786898
    vertex 98.07657688696966 -19.99999999999999 10.13351438497991
  endloop
endfacet
facet normal 0 -1 0
  outer loop
    vertex 119.7884050080504 -19.99999999999999 12.42142796232861
    vertex 124.2189839985254 -19.99999999999999 15.26543085940651
    vertex 119.9542261173037 -19.99999999999999 17.66468816849289
  endloop
endfacet
facet normal 0 -1 0
  outer loop
    vertex 137.0350942795261 -19.99999999999999 17.50372099681945
    vertex 137.2363513999632 -19.99999999999999 22.48324773479948
    vertex 132.8615350606713 -19.99999999999999 19.95355392052711
  endloop
endfacet
facet normal 0 -1 0
  outer loop
    vertex 37.51251003535143 -19.99999999999999 19.96977622455037
    vertex 41.74508652695116 -19.99999999999999 17.50313671313943
    vertex 41.89114732442832 -19.99999999999999 22.50165862253444
  endloop
endfacet
facet normal 0 -1 0
  outer loop
    vertex 141.3470076588445 -19.99999999999999 14.99264253416542
    vertex 136.9313409927622 -19.99999999999999 12.64442567656123
    vertex 140.9185700100741 -19.99999999999999 9.242173243529383
  endloop
endfacet
facet normal 0 -1 0
  outer loop
    vertex 50.35682659294855 -19.99999999999999 12.59359200114762
    vertex 50.40707856479042 -19.99999999999999 17.50000000002901
    vertex 46.06857621722693 -19.99999999999999 15.01559866688506
  endloop
endfacet
facet normal 0 -1 0
  outer loop
    vertex 102.3339470914457 -19.99999999999999 7.629678740284405
    vertex 102.353737355259 -19.99999999999999 12.5269468674205
    vertex 98.07657688696966 -19.99999999999999 10.13351438497991
  endloop
endfacet
facet normal 0 -1 0
  outer loop
    vertex 15.7058660765363 -19.99999999999999 17.39883333596593
    vertex 20.11074187570622 -19.99999999999999 15.02089270609196
    vertex 19.89820074729059 -19.99999999999999 20.83687195526815
  endloop
endfacet
facet normal 0 -1 0
  outer loop
    vertex 106.689047753246 -19.99999999999999 15.0200906105224
    vertex 111.028856829701 -19.99999999999999 17.5000000000019
    vertex 106.6987298107809 -19.99999999999999 20.00000000000454
  endloop
endfacet
facet normal 0 -1 -0
  outer loop
    vertex 37.41439724947304 -19.99999999999999 15.00407096543141
    vertex 33.10255164598746 -19.99999999999999 12.47610693531282
    vertex 37.42393978479731 -19.99999999999999 9.954218412063351
  endloop
endfacet
facet normal 0 -1 -0
  outer loop
    vertex 98.03551114671245 -19.99999999999999 15.00542442786898
    vertex 93.79518140538596 -19.99999999999999 12.60324258665256
    vertex 98.07657688696966 -19.99999999999999 10.13351438497991
  endloop
endfacet
facet normal 0 -1 0
  outer loop
    vertex 110.9707644845081 -19.99999999999999 12.62054366311209
    vertex 111.028856829701 -19.99999999999999 17.5000000000019
    vertex 106.689047753246 -19.99999999999999 15.0200906105224
  endloop
endfacet
facet normal 0 -1 0
  outer loop
    vertex -1.827020405649534 -19.99999999999999 7.505923968431599
    vertex -1.582031730002768 -19.99999999999999 12.51357821317578
    vertex -5.996242786661355 -19.99999999999999 10.04540724849846
  endloop
endfacet
facet normal 0 -1 0
  outer loop
    vertex -5.889170359153553 -19.99999999999999 15.00226303558408
    vertex -10.17023985776549 -19.99999999999999 12.5730672480323
    vertex -5.996242786661355 -19.99999999999999 10.04540724849846
  endloop
endfacet
facet normal -0 -1 0
  outer loop
    vertex -1.582031730002768 -19.99999999999999 12.51357821317578
    vertex -5.889170359153553 -19.99999999999999 15.00226303558408
    vertex -5.996242786661355 -19.99999999999999 10.04540724849846
  endloop
endfacet
facet normal 0 -1 0
  outer loop
    vertex 89.40681806472551 -19.99999999999999 14.99275510382303
    vertex 93.79309408045572 -19.99999999999999 17.35328803624118
    vertex 89.69625061327716 -19.99999999999999 20.76778803149077
  endloop
endfacet
facet normal 0 -1 0
  outer loop
    vertex 84.99183830178268 -19.99999999999999 22.17263782624438
    vertex 85.05286077110728 -19.99999999999999 17.49879251731411
    vertex 89.69625061327716 -19.99999999999999 20.76778803149077
  endloop
endfacet
facet normal 0 -1 0
  outer loop
    vertex 85.05286077110728 -19.99999999999999 17.49879251731411
    vertex 89.40681806472551 -19.99999999999999 14.99275510382303
    vertex 89.69625061327716 -19.99999999999999 20.76778803149077
  endloop
endfacet
facet normal 0 -1 0
  outer loop
    vertex -14.59379497000921 -19.99999999999999 19.60050887990845
    vertex -10.49615261652212 -19.99999999999999 22.57269108702042
    vertex -14.81391176739854 -19.99999999999999 23.45802850888036
  endloop
endfacet
facet normal 0 -1 0
  outer loop
    vertex -145.6698729810778 -19.99999999999999 12.5
    vertex -150 -19.99999999999999 10
    vertex -145.8238178078286 -19.99999999999999 7.392759749954688
  endloop
endfacet
facet normal 0 -1 0
  outer loop
    vertex -44.55421141215533 -19.99999999999999 22.56046243790494
    vertex -40.47323883588467 -19.99999999999999 19.59705841731321
    vertex -40.23860626635499 -19.99999999999999 23.43444274826682
  endloop
endfacet
facet normal 0 -1 0
  outer loop
    vertex -150 -19.99999999999999 10
    vertex -150 -19.99999999999999 5
    vertex -145.8238178078286 -19.99999999999999 7.392759749954688
  endloop
endfacet
facet normal -0 -1 0
  outer loop
    vertex -30.00000000000003 -19.99999999999999 30
    vertex -35.00000000000003 -19.99999999999999 30
    vertex -32.37816122962485 -19.99999999999999 25.26720892844931
  endloop
endfacet
facet normal -0 -1 0
  outer loop
    vertex -127.2675738436585 -19.99999999999999 25.15089649212413
    vertex -132.6650023705485 -19.99999999999999 25.43779101824364
    vertex -130.7648404363437 -19.99999999999999 21.71733631761114
  endloop
endfacet
facet normal -0 -1 0
  outer loop
    vertex -20.00000000000003 -19.99999999999999 30
    vertex -25.00000000000003 -19.99999999999999 30
    vertex -22.68788249060759 -19.99999999999999 25.55670372618285
  endloop
endfacet
facet normal 0 -1 0
  outer loop
    vertex -57.72397342654418 -19.99999999999999 4.855078354922163
    vertex -52.32114406190435 -19.99999999999999 4.563738540543987
    vertex -54.21915614142307 -19.99999999999999 8.287912684505862
  endloop
endfacet
facet normal -0 -1 0
  outer loop
    vertex -27.61744625884799 -19.99999999999999 26.60251205707943
    vertex -30.00000000000003 -19.99999999999999 30
    vertex -32.37816122962485 -19.99999999999999 25.26720892844931
  endloop
endfacet
facet normal 0 -1 0
  outer loop
    vertex 59.99999999999997 -19.99999999999999 0
    vertex 64.99999999999997 -19.99999999999999 0
    vertex 62.41964154327854 -19.99999999999999 3.677168369633669
  endloop
endfacet
facet normal 0 -1 0
  outer loop
    vertex 127.2014365863983 -19.99999999999999 4.461788894234516
    vertex 132.585197303072 -19.99999999999999 5.119080392307396
    vertex 128.9854970459065 -19.99999999999999 8.337119801394028
  endloop
endfacet
facet normal -0 -1 0
  outer loop
    vertex 37.44427141715437 -19.99999999999999 4.542756506028066
    vertex 33.02014581834624 -19.99999999999999 7.581303160112519
    vertex 32.64286617743701 -19.99999999999999 3.380455244180091
  endloop
endfacet
facet normal 0 -1 -0
  outer loop
    vertex -25.00000000000003 -19.99999999999999 30
    vertex -27.61744625884799 -19.99999999999999 26.60251205707943
    vertex -22.68788249060759 -19.99999999999999 25.55670372618285
  endloop
endfacet
facet normal 0 -1 0
  outer loop
    vertex -60.00000000000003 -19.99999999999999 0
    vertex -57.72397342654418 -19.99999999999999 4.855078354922163
    vertex -62.43956967688842 -19.99999999999999 3.418487976125693
  endloop
endfacet
facet normal 0 -1 0
  outer loop
    vertex 9.999999999999972 -19.99999999999999 0
    vertex 14.99999999999997 -19.99999999999999 0
    vertex 12.93468492487779 -19.99999999999999 4.193634910461753
  endloop
endfacet
facet normal 0 -1 -0
  outer loop
    vertex 54.91735839137303 -19.99999999999999 10.40419169901418
    vertex 50.52707125206953 -19.99999999999999 8.070693404423096
    vertex 55.42308353432989 -19.99999999999999 6.453055602733937
  endloop
endfacet
facet normal 0 -1 0
  outer loop
    vertex -10.49615261652212 -19.99999999999999 22.57269108702042
    vertex -12.81478412740867 -19.99999999999999 26.43594631489063
    vertex -14.81391176739854 -19.99999999999999 23.45802850888036
  endloop
endfacet
facet normal 0 -1 -0
  outer loop
    vertex -42.20931257691257 -19.99999999999999 26.43323983902323
    vertex -44.55421141215533 -19.99999999999999 22.56046243790494
    vertex -40.23860626635499 -19.99999999999999 23.43444274826682
  endloop
endfacet
facet normal 0 -1 0
  outer loop
    vertex 150 -19.99999999999999 20
    vertex 150 -19.99999999999999 25
    vertex 145.8936740139887 -19.99999999999999 22.34662152565716
  endloop
endfacet
facet normal 0 -1 0
  outer loop
    vertex 140 -19.99999999999999 0
    vertex 145 -19.99999999999999 0
    vertex 142.5440031848051 -19.99999999999999 4.161625432834885
  endloop
endfacet
facet normal 0 -1 0
  outer loop
    vertex 141.485336283223 -19.99999999999999 20.02968344675231
    vertex 145.6934664506719 -19.99999999999999 17.45913491193612
    vertex 145.8936740139887 -19.99999999999999 22.34662152565716
  endloop
endfacet
facet normal 0 -1 -0
  outer loop
    vertex -125 -19.99999999999999 30
    vertex -127.2675738436585 -19.99999999999999 25.15089649212413
    vertex -122.5399099697893 -19.99999999999999 26.60589572093765
  endloop
endfacet
facet normal 0 -1 0
  outer loop
    vertex 37.51265593637351 -19.99999999999999 25.18078389104375
    vertex 41.89114732442832 -19.99999999999999 22.50165862253444
    vertex 42.49999999999997 -19.99999999999999 26.62884844713863
  endloop
endfacet
facet normal 0 -1 0
  outer loop
    vertex -140 -19.99999999999999 0
    vertex -136.8623129130073 -19.99999999999999 4.761840305452523
    vertex -142.5 -19.99999999999999 4.010738854272859
  endloop
endfacet
facet normal -0 -1 0
  outer loop
    vertex 29.99999999999997 -19.99999999999999 30
    vertex 24.99999999999997 -19.99999999999999 30
    vertex 27.30197530034943 -19.99999999999999 25.7674702335346
  endloop
endfacet
facet normal -0 -1 0
  outer loop
    vertex -80.00000000000003 -19.99999999999999 30
    vertex -85.00000000000003 -19.99999999999999 30
    vertex -82.3408770887863 -19.99999999999999 25.74661217452378
  endloop
endfacet
facet normal 0 -1 0
  outer loop
    vertex -105 -19.99999999999999 0
    vertex -100 -19.99999999999999 0
    vertex -102.6457261857464 -19.99999999999999 4.252325474864552
  endloop
endfacet
facet normal 0 -1 0
  outer loop
    vertex 12.93468492487779 -19.99999999999999 4.193634910461753
    vertex 14.99999999999997 -19.99999999999999 0
    vertex 17.49999999999997 -19.99999999999999 3.533769303640387
  endloop
endfacet
facet normal 0 -1 0
  outer loop
    vertex -140.282949134101 -19.99999999999999 22.37914102142832
    vertex -137.3681172134093 -19.99999999999999 25.8647556934278
    vertex -142.427640994851 -19.99999999999999 26.21852079525629
  endloop
endfacet
facet normal 0 -1 0
  outer loop
    vertex 64.99999999999997 -19.99999999999999 0
    vertex 67.23831874171859 -19.99999999999999 3.971753681321502
    vertex 62.41964154327854 -19.99999999999999 3.677168369633669
  endloop
endfacet
facet normal 0 -1 0
  outer loop
    vertex 120 -19.99999999999999 0
    vertex 125 -19.99999999999999 0
    vertex 122.4171534007042 -19.99999999999999 4.235381137008257
  endloop
endfacet
facet normal 0 -1 0
  outer loop
    vertex 72.21720971857215 -19.99999999999999 25.18566515999116
    vertex 69.99999999999997 -19.99999999999999 30
    vertex 67.51878331717234 -19.99999999999999 26.62524102420412
  endloop
endfacet
facet normal 0 -1 0
  outer loop
    vertex -50.00000000000003 -19.99999999999999 0
    vertex -45.00000000000003 -19.99999999999999 0
    vertex -47.59207470608968 -19.99999999999999 4.183302604717955
  endloop
endfacet
facet normal -0 -1 0
  outer loop
    vertex -135 -19.99999999999999 30
    vertex -140 -19.99999999999999 30
    vertex -137.3681172134093 -19.99999999999999 25.8647556934278
  endloop
endfacet
facet normal 0 -1 0
  outer loop
    vertex -97.06774881698647 -19.99999999999999 22.36945467781323
    vertex -92.50575172423655 -19.99999999999999 25.0345870536103
    vertex -97.28916630662343 -19.99999999999999 26.53006168021681
  endloop
endfacet
facet normal 0 -1 0
  outer loop
    vertex 59.99999999999997 -19.99999999999999 0
    vertex 62.41964154327854 -19.99999999999999 3.677168369633669
    vertex 57.49999999999994 -19.99999999999999 3.497102099164142
  endloop
endfacet
facet normal -0 -1 0
  outer loop
    vertex 84.99999999999997 -19.99999999999999 30
    vertex 79.99999999999997 -19.99999999999999 30
    vertex 82.26549983896004 -19.99999999999999 25.87197117588042
  endloop
endfacet
facet normal 0 -1 -0
  outer loop
    vertex -87.92918551229938 -19.99999999999999 7.602735017186912
    vertex -92.48711305964935 -19.99999999999999 5.000000000114873
    vertex -87.70669128775788 -19.99999999999999 3.471413160052009
  endloop
endfacet
facet normal -0 -1 0
  outer loop
    vertex 89.99999999999997 -19.99999999999999 30
    vertex 84.99999999999997 -19.99999999999999 30
    vertex 87.68941194250505 -19.99999999999999 25.84542923545364
  endloop
endfacet
facet normal 0 -1 0
  outer loop
    vertex -49.44802351349905 -19.99999999999999 24.56099216393542
    vertex -49.23940439653819 -19.99999999999999 19.89424616474751
    vertex -44.55421141215533 -19.99999999999999 22.56046243790494
  endloop
endfacet
facet normal 0 -1 0
  outer loop
    vertex -44.89415581360051 -19.99999999999999 17.3981596437611
    vertex -40.47323883588467 -19.99999999999999 19.59705841731321
    vertex -44.55421141215533 -19.99999999999999 22.56046243790494
  endloop
endfacet
facet normal -0 -1 0
  outer loop
    vertex 2.552512881075273 -19.99999999999999 4.832606282123816
    vertex -1.827020405649534 -19.99999999999999 7.505923968431599
    vertex -2.5 -19.99999999999999 3.392938200406043
  endloop
endfacet
facet normal 0 -1 0
  outer loop
    vertex 7.970149253607048 -19.99999999999999 4.486459034512574
    vertex 9.999999999999972 -19.99999999999999 0
    vertex 12.93468492487779 -19.99999999999999 4.193634910461753
  endloop
endfacet
facet normal 0 -1 0
  outer loop
    vertex -45.00000000000003 -19.99999999999999 0
    vertex -40.00000000000003 -19.99999999999999 0
    vertex -42.26278432367496 -19.99999999999999 4.144504861171868
  endloop
endfacet
facet normal 0 -1 0
  outer loop
    vertex -5.836009510933081 -19.99999999999999 19.91493605907621
    vertex -5.600455275287942 -19.99999999999999 24.56899653022831
    vertex -10.49615261652212 -19.99999999999999 22.57269108702042
  endloop
endfacet
facet normal 0 -1 0
  outer loop
    vertex -14.59379497000921 -19.99999999999999 19.60050887990845
    vertex -10.15804266814609 -19.99999999999999 17.40075873558062
    vertex -10.49615261652212 -19.99999999999999 22.57269108702042
  endloop
endfacet
facet normal 0 -1 0
  outer loop
    vertex 124.652503690799 -19.99999999999999 20.97852375366098
    vertex 122.5 -19.99999999999999 25.77350269189617
    vertex 119.979127948883 -19.99999999999999 22.16792899776833
  endloop
endfacet
facet normal 0 -1 0
  outer loop
    vertex 115.2889099363122 -19.99999999999999 20.75305739371376
    vertex 119.9542261173037 -19.99999999999999 17.66468816849289
    vertex 119.979127948883 -19.99999999999999 22.16792899776833
  endloop
endfacet
facet normal -0 -1 0
  outer loop
    vertex 24.36941979637939 -19.99999999999999 8.0778981736823
    vertex 20.08616120336896 -19.99999999999999 10.36383017518134
    vertex 19.73743112712665 -19.99999999999999 6.527349425087891
  endloop
endfacet
facet normal 0 -1 0
  outer loop
    vertex 92.38920490492214 -19.99999999999999 4.41083802438089
    vertex 97.79352036097484 -19.99999999999999 4.775050631876574
    vertex 94.33654408731675 -19.99999999999999 8.243091896140168
  endloop
endfacet
facet normal 0 -1 0
  outer loop
    vertex 115 -19.99999999999999 0
    vertex 120 -19.99999999999999 0
    vertex 117.3297577519273 -19.99999999999999 4.219980111576049
  endloop
endfacet
facet normal 0 -1 0
  outer loop
    vertex 46.01294556670402 -19.99999999999999 10.11213580872947
    vertex 46.59581099834378 -19.99999999999999 4.82407124125076
    vertex 50.52707125206953 -19.99999999999999 8.070693404423096
  endloop
endfacet
facet normal -0 -1 0
  outer loop
    vertex 54.91735839137303 -19.99999999999999 10.40419169901418
    vertex 50.35682659294855 -19.99999999999999 12.59359200114762
    vertex 50.52707125206953 -19.99999999999999 8.070693404423096
  endloop
endfacet
facet normal 0 -1 0
  outer loop
    vertex 50.40707856479042 -19.99999999999999 17.50000000002901
    vertex 54.83728278191396 -19.99999999999999 20.71263059867409
    vertex 50.09502890809355 -19.99999999999999 21.90766358837051
  endloop
endfacet
facet normal 0 -1 -0
  outer loop
    vertex 99.99999999999997 -19.99999999999999 30
    vertex 97.81812567888485 -19.99999999999999 25.1899207362312
    vertex 102.4940062972091 -19.99999999999999 26.63815462500592
  endloop
endfacet
facet normal 0 -1 -0
  outer loop
    vertex -20.00000000000003 -19.99999999999999 30
    vertex -22.68788249060759 -19.99999999999999 25.55670372618285
    vertex -17.48214944844111 -19.99999999999999 26.47420628820231
  endloop
endfacet
facet normal 0 -1 0
  outer loop
    vertex -109.8602276111698 -19.99999999999999 20.7101407211274
    vertex -105.408199167203 -19.99999999999999 17.38585225125504
    vertex -105.1548024599106 -19.99999999999999 21.85415856949318
  endloop
endfacet
facet normal -0 -1 0
  outer loop
    vertex -75.09802953164201 -19.99999999999999 9.285693728487779
    vertex -79.49673200287846 -19.99999999999999 12.50000000010734
    vertex -79.82587213337254 -19.99999999999999 8.119402839591398
  endloop
endfacet
facet normal 0 -1 0
  outer loop
    vertex 145.6934664506719 -19.99999999999999 17.45913491193612
    vertex 150 -19.99999999999999 20
    vertex 145.8936740139887 -19.99999999999999 22.34662152565716
  endloop
endfacet
facet normal 0 -1 0
  outer loop
    vertex 137.9336282735328 -19.99999999999999 4.481480624777156
    vertex 140 -19.99999999999999 0
    vertex 142.5440031848051 -19.99999999999999 4.161625432834885
  endloop
endfacet
facet normal 0 -1 0
  outer loop
    vertex 28.29492569496782 -19.99999999999999 4.810317187207815
    vertex 28.82054607241915 -19.99999999999999 10.09218154026231
    vertex 24.36941979637939 -19.99999999999999 8.0778981736823
  endloop
endfacet
facet normal 0 -1 0
  outer loop
    vertex 24.4984392943912 -19.99999999999999 12.61152730775619
    vertex 20.08616120336896 -19.99999999999999 10.36383017518134
    vertex 24.36941979637939 -19.99999999999999 8.0778981736823
  endloop
endfacet
facet normal 0 -1 0
  outer loop
    vertex -110 -19.99999999999999 0
    vertex -105 -19.99999999999999 0
    vertex -107.8396070471555 -19.99999999999999 4.145474137419022
  endloop
endfacet
facet normal -0 -1 0
  outer loop
    vertex -75.00000000000003 -19.99999999999999 30
    vertex -80.00000000000003 -19.99999999999999 30
    vertex -77.1487920313408 -19.99999999999999 25.85302928806539
  endloop
endfacet
facet normal 0 -1 0
  outer loop
    vertex 50.52707125206953 -19.99999999999999 8.070693404423096
    vertex 52.42191369647074 -19.99999999999999 4.07783278190173
    vertex 55.42308353432989 -19.99999999999999 6.453055602733937
  endloop
endfacet
facet normal 0 -1 -0
  outer loop
    vertex 16.11266270031217 -19.99999999999999 7.845601268167453
    vertex 12.93468492487779 -19.99999999999999 4.193634910461753
    vertex 17.49999999999997 -19.99999999999999 3.533769303640387
  endloop
endfacet
facet normal 0 -1 0
  outer loop
    vertex -32.37816122962485 -19.99999999999999 25.26720892844931
    vertex -35.00000000000003 -19.99999999999999 30
    vertex -37.5543752586149 -19.99999999999999 26.38808680013079
  endloop
endfacet
facet normal -0 -1 0
  outer loop
    vertex -127.340626804725 -19.99999999999999 4.534990813307104
    vertex -131.7904031961704 -19.99999999999999 7.545268459299379
    vertex -132.5 -19.99999999999999 3.405682005571258
  endloop
endfacet
facet normal -0 -1 0
  outer loop
    vertex 24.99999999999997 -19.99999999999999 30
    vertex 19.99999999999997 -19.99999999999999 30
    vertex 22.03537609187961 -19.99999999999999 25.92332348163854
  endloop
endfacet
facet normal 0 -1 0
  outer loop
    vertex -145.4333563744441 -19.99999999999999 17.3974004922421
    vertex -140.1185102677863 -19.99999999999999 17.5000000001425
    vertex -142.8269614260446 -19.99999999999999 19.96428607413712
  endloop
endfacet
facet normal -0 -1 0
  outer loop
    vertex -140.282949134101 -19.99999999999999 22.37914102142832
    vertex -145.3654616103244 -19.99999999999999 22.52346050135492
    vertex -142.8269614260446 -19.99999999999999 19.96428607413712
  endloop
endfacet
facet normal 0 -1 -0
  outer loop
    vertex 11.96254932051869 -19.99999999999999 25.19044161259976
    vertex 11.36157064122153 -19.99999999999999 19.87243443334248
    vertex 15.25659687596462 -19.99999999999999 21.76678528596435
  endloop
endfacet
facet normal 0 -1 0
  outer loop
    vertex 15.7058660765363 -19.99999999999999 17.39883333596593
    vertex 19.89820074729059 -19.99999999999999 20.83687195526815
    vertex 15.25659687596462 -19.99999999999999 21.76678528596435
  endloop
endfacet
facet normal 0 -1 -0
  outer loop
    vertex -70.76042574781849 -19.99999999999999 12.5906095730281
    vertex -75.09802953164201 -19.99999999999999 9.285693728487779
    vertex -70.37678437156254 -19.99999999999999 8.193792071145424
  endloop
endfacet
facet normal 0 -1 0
  outer loop
    vertex -66.44290579302398 -19.99999999999999 19.88996395511938
    vertex -66.99953491963954 -19.99999999999999 25.19735963562007
    vertex -70.31980379614345 -19.99999999999999 21.75815777539907
  endloop
endfacet
facet normal 0 -1 0
  outer loop
    vertex -74.97912389575323 -19.99999999999999 20.76076402820446
    vertex -70.76222675697045 -19.99999999999999 17.37129986645001
    vertex -70.31980379614345 -19.99999999999999 21.75815777539907
  endloop
endfacet
facet normal 0 -1 -0
  outer loop
    vertex 41.82751160218004 -19.99999999999999 7.599783826202096
    vertex 37.44427141715437 -19.99999999999999 4.542756506028066
    vertex 42.27944259970079 -19.99999999999999 3.422521563092612
  endloop
endfacet
facet normal 0 -1 0
  outer loop
    vertex -118.5452287689878 -19.99999999999999 10.13398035821812
    vertex -117.9926378252788 -19.99999999999999 4.809237272661257
    vertex -114.6604629233146 -19.99999999999999 8.24036838809241
  endloop
endfacet
facet normal -0 -1 0
  outer loop
    vertex -109.9841099870436 -19.99999999999999 9.21699058045661
    vertex -114.202509304235 -19.99999999999999 12.61216960224777
    vertex -114.6604629233146 -19.99999999999999 8.24036838809241
  endloop
endfacet
facet normal 0 -1 0
  outer loop
    vertex -114.1377481542531 -19.99999999999999 17.5000000001275
    vertex -109.8602276111698 -19.99999999999999 20.7101407211274
    vertex -114.5872328282753 -19.99999999999999 21.82336278853858
  endloop
endfacet
facet normal 0 -1 0
  outer loop
    vertex 54.83728278191396 -19.99999999999999 20.71263059867409
    vertex 59.14630904753599 -19.99999999999999 17.40283216731535
    vertex 59.564492170363 -19.99999999999999 21.80405626443062
  endloop
endfacet
facet normal 0 -1 0
  outer loop
    vertex 19.99999999999997 -19.99999999999999 0
    vertex 22.57525055874649 -19.99999999999999 3.985313712646928
    vertex 17.49999999999997 -19.99999999999999 3.533769303640387
  endloop
endfacet
facet normal -0 -1 0
  outer loop
    vertex 62.41964154327854 -19.99999999999999 3.677168369633669
    vertex 59.74973128509737 -19.99999999999999 7.732215815723425
    vertex 57.49999999999994 -19.99999999999999 3.497102099164142
  endloop
endfacet
facet normal 0 -1 0
  outer loop
    vertex -97.85885795121808 -19.99999999999999 4.582784788825744
    vertex -92.48711305964935 -19.99999999999999 5.000000000114873
    vertex -96.03650494743337 -19.99999999999999 8.329726557250982
  endloop
endfacet
facet normal -0 -1 0
  outer loop
    vertex 115.1549726421196 -19.99999999999999 9.233844494550976
    vertex 110.9707644845081 -19.99999999999999 12.62054366311209
    vertex 110.4599970324328 -19.99999999999999 8.243620079357346
  endloop
endfacet
facet normal 0 -1 0
  outer loop
    vertex 106.6192192487349 -19.99999999999999 10.14159059397362
    vertex 107.0784703733945 -19.99999999999999 4.817098077252904
    vertex 110.4599970324328 -19.99999999999999 8.243620079357346
  endloop
endfacet
facet normal 0 -1 0
  outer loop
    vertex 111.028856829701 -19.99999999999999 17.5000000000019
    vertex 115.2889099363122 -19.99999999999999 20.75305739371376
    vertex 110.6195678601815 -19.99999999999999 21.79109070980908
  endloop
endfacet
facet normal 0 -1 -0
  outer loop
    vertex -10.17023985776549 -19.99999999999999 12.5730672480323
    vertex -14.69553750467099 -19.99999999999999 9.284701822417137
    vertex -10.01013285492684 -19.99999999999999 8.094244796920528
  endloop
endfacet
facet normal 0 -1 0
  outer loop
    vertex -145 -19.99999999999999 0
    vertex -140 -19.99999999999999 0
    vertex -142.5 -19.99999999999999 4.010738854272859
  endloop
endfacet
facet normal 0 -1 0
  outer loop
    vertex 32.10275277520148 -19.99999999999999 25.52362725550421
    vertex 29.99999999999997 -19.99999999999999 30
    vertex 27.30197530034943 -19.99999999999999 25.7674702335346
  endloop
endfacet
facet normal 0 -1 0
  outer loop
    vertex 52.42191369647074 -19.99999999999999 4.07783278190173
    vertex 54.99999999999997 -19.99999999999999 0
    vertex 57.49999999999994 -19.99999999999999 3.497102099164142
  endloop
endfacet
facet normal -0 -1 0
  outer loop
    vertex -14.69553750467099 -19.99999999999999 9.284701822417137
    vertex -18.8749537379675 -19.99999999999999 12.50000000007256
    vertex -19.41522199272529 -19.99999999999999 8.207845540648236
  endloop
endfacet
facet normal 0 -1 -0
  outer loop
    vertex -36.13279732150315 -19.99999999999999 12.61595687585272
    vertex -40.23148618457662 -19.99999999999999 9.17711932514786
    vertex -35.55785246324027 -19.99999999999999 8.216922912357632
  endloop
endfacet
facet normal 0 -1 0
  outer loop
    vertex -32.14610943162393 -19.99999999999999 4.809597948018382
    vertex -31.77886937849752 -19.99999999999999 10.15181339384697
    vertex -35.55785246324027 -19.99999999999999 8.216922912357632
  endloop
endfacet
facet normal 0 -1 0
  outer loop
    vertex -22.68788249060759 -19.99999999999999 25.55670372618285
    vertex -18.6826776746116 -19.99999999999999 22.20678997437999
    vertex -17.48214944844111 -19.99999999999999 26.47420628820231
  endloop
endfacet
facet normal 0 -1 0
  outer loop
    vertex -141.1878699517244 -19.99999999999999 8.592888896491843
    vertex -145.8238178078286 -19.99999999999999 7.392759749954688
    vertex -142.5 -19.99999999999999 4.010738854272859
  endloop
endfacet
facet normal 0 -1 -0
  outer loop
    vertex 76.84453348597447 -19.99999999999999 7.510371498055644
    vertex 72.43720662508773 -19.99999999999999 4.765375913311672
    vertex 77.49999999999997 -19.99999999999999 3.415793223795081
  endloop
endfacet
facet normal 0 -1 0
  outer loop
    vertex -12.81478412740867 -19.99999999999999 26.43594631489063
    vertex -15.00000000000003 -19.99999999999999 30
    vertex -17.48214944844111 -19.99999999999999 26.47420628820231
  endloop
endfacet
facet normal 0 -1 -0
  outer loop
    vertex 93.79518140538596 -19.99999999999999 12.60324258665256
    vertex 89.62823687833111 -19.99999999999999 9.292813852810905
    vertex 94.33654408731675 -19.99999999999999 8.243091896140168
  endloop
endfacet
facet normal 0 -1 0
  outer loop
    vertex 89.69625061327716 -19.99999999999999 20.76778803149077
    vertex 93.79309408045572 -19.99999999999999 17.35328803624118
    vertex 94.38363350448006 -19.99999999999999 21.77118332607105
  endloop
endfacet
facet normal 0 -1 0
  outer loop
    vertex 98.1106971497826 -19.99999999999999 19.87504684531432
    vertex 97.81812567888485 -19.99999999999999 25.1899207362312
    vertex 94.38363350448006 -19.99999999999999 21.77118332607105
  endloop
endfacet
facet normal 0 -1 0
  outer loop
    vertex -36.40189324820756 -19.99999999999999 22.19336624696192
    vertex -32.37816122962485 -19.99999999999999 25.26720892844931
    vertex -37.5543752586149 -19.99999999999999 26.38808680013079
  endloop
endfacet
facet normal 0 -1 -0
  outer loop
    vertex -40.00000000000003 -19.99999999999999 30
    vertex -42.20931257691257 -19.99999999999999 26.43323983902323
    vertex -37.5543752586149 -19.99999999999999 26.38808680013079
  endloop
endfacet
facet normal 0 -1 0
  outer loop
    vertex -87.12714921110951 -19.99999999999999 25.41580081513753
    vertex -92.50575172423655 -19.99999999999999 25.0345870536103
    vertex -88.91598576535813 -19.99999999999999 21.7163235455831
  endloop
endfacet
facet normal 0 -1 -0
  outer loop
    vertex 72.21720971857215 -19.99999999999999 25.18566515999116
    vertex 71.98283476870571 -19.99999999999999 19.87029865557971
    vertex 75.93854526907435 -19.99999999999999 21.72179752358472
  endloop
endfacet
facet normal 0 -1 0
  outer loop
    vertex 76.38784067832358 -19.99999999999999 17.50000000001564
    vertex 80.38501506694138 -19.99999999999999 20.83150265372057
    vertex 75.93854526907435 -19.99999999999999 21.72179752358472
  endloop
endfacet
facet normal 0 -1 0
  outer loop
    vertex -22.86226908043065 -19.99999999999999 4.770302154540072
    vertex -17.42302400183456 -19.99999999999999 4.4054771346973
    vertex -19.41522199272529 -19.99999999999999 8.207845540648236
  endloop
endfacet
facet normal 0 -1 0
  outer loop
    vertex -135.4686046147142 -19.99999999999999 20.78094897824629
    vertex -131.3701242542134 -19.99999999999999 17.34735094040406
    vertex -130.7648404363437 -19.99999999999999 21.71733631761114
  endloop
endfacet
facet normal 0 -1 0
  outer loop
    vertex -127.0528970985837 -19.99999999999999 19.86969415903755
    vertex -127.2675738436585 -19.99999999999999 25.15089649212413
    vertex -130.7648404363437 -19.99999999999999 21.71733631761114
  endloop
endfacet
facet normal 0 -1 0
  outer loop
    vertex 72.43720662508773 -19.99999999999999 4.765375913311672
    vertex 74.99999999999997 -19.99999999999999 0
    vertex 77.49999999999997 -19.99999999999999 3.415793223795081
  endloop
endfacet
facet normal 0 -1 0
  outer loop
    vertex 79.99999999999997 -19.99999999999999 0
    vertex 81.72940119650877 -19.99999999999999 4.754088918330567
    vertex 77.49999999999997 -19.99999999999999 3.415793223795081
  endloop
endfacet
facet normal 0 -1 0
  outer loop
    vertex -57.93790793494719 -19.99999999999999 10.15549784512498
    vertex -57.72397342654418 -19.99999999999999 4.855078354922163
    vertex -54.21915614142307 -19.99999999999999 8.287912684505862
  endloop
endfacet
facet normal -0 -1 0
  outer loop
    vertex -49.51918199492545 -19.99999999999999 9.243370221774715
    vertex -53.5935732887942 -19.99999999999999 12.62187846016347
    vertex -54.21915614142307 -19.99999999999999 8.287912684505862
  endloop
endfacet
facet normal 0 -1 0
  outer loop
    vertex -136.8623129130073 -19.99999999999999 4.761840305452523
    vertex -135 -19.99999999999999 0
    vertex -132.5 -19.99999999999999 3.405682005571258
  endloop
endfacet
facet normal 0 -1 0
  outer loop
    vertex -130 -19.99999999999999 0
    vertex -127.340626804725 -19.99999999999999 4.534990813307104
    vertex -132.5 -19.99999999999999 3.405682005571258
  endloop
endfacet
facet normal 0 -1 0
  outer loop
    vertex -6.77700262049791 -19.99999999999999 4.751206705182781
    vertex -5.000000000000028 -19.99999999999999 0
    vertex -2.5 -19.99999999999999 3.392938200406043
  endloop
endfacet
facet normal 0 -1 0
  outer loop
    vertex -2.842170943040401e-14 -19.99999999999999 0
    vertex 2.552512881075273 -19.99999999999999 4.832606282123816
    vertex -2.5 -19.99999999999999 3.392938200406043
  endloop
endfacet
facet normal 0 -1 -0
  outer loop
    vertex -85.00000000000003 -19.99999999999999 30
    vertex -87.12714921110951 -19.99999999999999 25.41580081513753
    vertex -82.3408770887863 -19.99999999999999 25.74661217452378
  endloop
endfacet
facet normal 0 -1 0
  outer loop
    vertex -32.14610943162393 -19.99999999999999 4.809597948018382
    vertex -30.00000000000003 -19.99999999999999 0
    vertex -27.50000000000003 -19.99999999999999 3.333415972541427
  endloop
endfacet
facet normal 0 -1 -0
  outer loop
    vertex 128.4187723701811 -19.99999999999999 12.67413230183087
    vertex 124.4152566174452 -19.99999999999999 9.263136914565269
    vertex 128.9854970459065 -19.99999999999999 8.337119801394028
  endloop
endfacet
facet normal 0 -1 0
  outer loop
    vertex 46.84363515187454 -19.99999999999999 25.24787103486756
    vertex 44.99999999999997 -19.99999999999999 30
    vertex 42.49999999999997 -19.99999999999999 26.62884844713863
  endloop
endfacet
facet normal 0 -1 -0
  outer loop
    vertex 39.99999999999997 -19.99999999999999 30
    vertex 37.51265593637351 -19.99999999999999 25.18078389104375
    vertex 42.49999999999997 -19.99999999999999 26.62884844713863
  endloop
endfacet
facet normal 0 -1 -0
  outer loop
    vertex -100 -19.99999999999999 30
    vertex -101.8723309918941 -19.99999999999999 25.24626666966052
    vertex -97.28916630662343 -19.99999999999999 26.53006168021681
  endloop
endfacet
facet normal 0 -1 0
  outer loop
    vertex -85.00000000000003 -19.99999999999999 0
    vertex -83.11715786684063 -19.99999999999999 4.754330782958238
    vertex -87.70669128775788 -19.99999999999999 3.471413160052009
  endloop
endfacet
facet normal 0 -1 -0
  outer loop
    vertex -96.73812587891791 -19.99999999999999 12.6370221735373
    vertex -100.7438700399115 -19.99999999999999 9.247917284563382
    vertex -96.03650494743337 -19.99999999999999 8.329726557250982
  endloop
endfacet
facet normal 0 -1 0
  outer loop
    vertex -92.48711305964935 -19.99999999999999 5.000000000114873
    vertex -92.35455780747006 -19.99999999999999 10.1809085392136
    vertex -96.03650494743337 -19.99999999999999 8.329726557250982
  endloop
endfacet
facet normal 0 -1 0
  outer loop
    vertex -88.15698604071994 -19.99999999999999 17.5000000001124
    vertex -84.22121578860887 -19.99999999999999 20.77276732712216
    vertex -88.91598576535813 -19.99999999999999 21.7163235455831
  endloop
endfacet
facet normal 0 -1 -0
  outer loop
    vertex -92.50575172423655 -19.99999999999999 25.0345870536103
    vertex -92.56882606211573 -19.99999999999999 19.85846253193312
    vertex -88.91598576535813 -19.99999999999999 21.7163235455831
  endloop
endfacet
facet normal 0 -1 -0
  outer loop
    vertex 135 -19.99999999999999 30
    vertex 132.6773140080067 -19.99999999999999 25.24393310781853
    vertex 137.5 -19.99999999999999 26.65063509461069
  endloop
endfacet
facet normal 0 -1 0
  outer loop
    vertex 142.0408719047129 -19.99999999999999 25.47151376279599
    vertex 140 -19.99999999999999 30
    vertex 137.5 -19.99999999999999 26.65063509461069
  endloop
endfacet
facet normal 0 -1 0
  outer loop
    vertex -100 -19.99999999999999 0
    vertex -97.85885795121808 -19.99999999999999 4.582784788825744
    vertex -102.6457261857464 -19.99999999999999 4.252325474864552
  endloop
endfacet
facet normal 0 -1 -0
  outer loop
    vertex 4.999999999999972 -19.99999999999999 30
    vertex 2.623581967304062 -19.99999999999999 25.5162667130724
    vertex 7.442970199821872 -19.99999999999999 26.64504186873014
  endloop
endfacet
facet normal 0 -1 0
  outer loop
    vertex -67.01911563223874 -19.99999999999999 4.762530035189286
    vertex -65.00000000000003 -19.99999999999999 0
    vertex -62.43956967688842 -19.99999999999999 3.418487976125693
  endloop
endfacet
facet normal 0 -1 0
  outer loop
    vertex -57.65129010952577 -19.99999999999999 25.51482159809305
    vertex -60.00000000000003 -19.99999999999999 30
    vertex -62.50000000000004 -19.99999999999999 26.65967793703202
  endloop
endfacet
facet normal 0 -1 0
  outer loop
    vertex -127.340626804725 -19.99999999999999 4.534990813307104
    vertex -125 -19.99999999999999 0
    vertex -122.5 -19.99999999999999 3.339253687173407
  endloop
endfacet
facet normal 0 -1 0
  outer loop
    vertex -117.9703132027795 -19.99999999999999 25.23680024023017
    vertex -120 -19.99999999999999 30
    vertex -122.5399099697893 -19.99999999999999 26.60589572093765
  endloop
endfacet
facet normal 0 -1 0
  outer loop
    vertex 29.19666814413731 -19.99999999999999 20.71540865521821
    vertex 33.18475768898577 -19.99999999999999 17.3525706462813
    vertex 33.81052963133087 -19.99999999999999 21.71790286396502
  endloop
endfacet
facet normal 0 -1 -0
  outer loop
    vertex 64.99999999999997 -19.99999999999999 30
    vertex 62.94140940080754 -19.99999999999999 25.23494557506314
    vertex 67.51878331717234 -19.99999999999999 26.62524102420412
  endloop
endfacet
facet normal 0 -1 0
  outer loop
    vertex 97.79352036097484 -19.99999999999999 4.775050631876574
    vertex 99.99999999999997 -19.99999999999999 0
    vertex 102.4846906406609 -19.99999999999999 3.363087311111002
  endloop
endfacet
facet normal 0 -1 0
  outer loop
    vertex 107.0981286375457 -19.99999999999999 25.23235419178291
    vertex 105 -19.99999999999999 30
    vertex 102.4940062972091 -19.99999999999999 26.63815462500592
  endloop
endfacet
facet normal 0 -1 0
  outer loop
    vertex -25.00000000000003 -19.99999999999999 0
    vertex -22.86226908043065 -19.99999999999999 4.770302154540072
    vertex -27.50000000000003 -19.99999999999999 3.333415972541427
  endloop
endfacet
facet normal -0 -1 0
  outer loop
    vertex 140.9185700100741 -19.99999999999999 9.242173243529383
    vertex 136.9313409927622 -19.99999999999999 12.64442567656123
    vertex 136.1998248486979 -19.99999999999999 8.337133045573694
  endloop
endfacet
facet normal -0 -1 0
  outer loop
    vertex 11.02529759534769 -19.99999999999999 9.295979856450106
    vertex 7.017025407847541 -19.99999999999999 12.64077050601994
    vertex 6.414146904046618 -19.99999999999999 8.321079840212121
  endloop
endfacet
facet normal 0 -1 0
  outer loop
    vertex -5.600455275287942 -19.99999999999999 24.56899653022831
    vertex -5.000000000000028 -19.99999999999999 30
    vertex -8.782278403843776 -19.99999999999999 26.71552678642787
  endloop
endfacet
facet normal 0 -1 -0
  outer loop
    vertex 67.81186905406892 -19.99999999999999 12.64597270150497
    vertex 63.77191600349485 -19.99999999999999 10.48768279298501
    vertex 68.24573519456237 -19.99999999999999 8.397459621566366
  endloop
endfacet
facet normal 0 -1 0
  outer loop
    vertex -27.62032276223852 -19.99999999999999 17.34248005656075
    vertex -23.18928155204949 -19.99999999999999 19.96771825767287
    vertex -27.94006869124216 -19.99999999999999 21.81058485095868
  endloop
endfacet
facet normal 0 -1 0
  outer loop
    vertex -50.00000000000003 -19.99999999999999 30
    vertex -49.44802351349905 -19.99999999999999 24.56099216393542
    vertex -46.2423095005134 -19.99999999999999 26.71093888817272
  endloop
endfacet
facet normal -0 -1 0
  outer loop
    vertex 132.6773140080067 -19.99999999999999 25.24393310781853
    vertex 127.3715668660849 -19.99999999999999 25.70736757348532
    vertex 129.1337357275296 -19.99999999999999 21.88977539870871
  endloop
endfacet
facet normal 0 -1 0
  outer loop
    vertex 112.5603102897666 -19.99999999999999 25.60167505130599
    vertex 107.0981286375457 -19.99999999999999 25.23235419178291
    vertex 110.6195678601815 -19.99999999999999 21.79109070980908
  endloop
endfacet
facet normal -0 -1 0
  outer loop
    vertex 150 -19.99999999999999 30
    vertex 145 -19.99999999999999 30
    vertex 146.3397459621556 -19.99999999999999 26.33974596215561
  endloop
endfacet
facet normal 0 -1 0
  outer loop
    vertex 145 -19.99999999999999 0
    vertex 150 -19.99999999999999 0
    vertex 146.3397459621556 -19.99999999999999 3.660254037844375
  endloop
endfacet
facet normal 0 -1 0
  outer loop
    vertex 150 -19.99999999999999 0
    vertex 150 -19.99999999999999 5
    vertex 146.3397459621556 -19.99999999999999 3.660254037844375
  endloop
endfacet
facet normal 0 -1 0
  outer loop
    vertex 150 -19.99999999999999 25
    vertex 150 -19.99999999999999 30
    vertex 146.3397459621556 -19.99999999999999 26.33974596215561
  endloop
endfacet
facet normal -0 -1 0
  outer loop
    vertex -5.000000000000028 -19.99999999999999 30
    vertex -10.00000000000003 -19.99999999999999 30
    vertex -8.782278403843776 -19.99999999999999 26.71552678642787
  endloop
endfacet
facet normal -0 -1 0
  outer loop
    vertex -45.00000000000003 -19.99999999999999 30
    vertex -50.00000000000003 -19.99999999999999 30
    vertex -46.2423095005134 -19.99999999999999 26.71093888817272
  endloop
endfacet
facet normal -0 -1 0
  outer loop
    vertex 62.94140940080754 -19.99999999999999 25.23494557506314
    vertex 57.5 -19.99999999999999 25.66987298107781
    vertex 59.564492170363 -19.99999999999999 21.80405626443062
  endloop
endfacet
facet normal -0 -1 0
  outer loop
    vertex 89.62823687833111 -19.99999999999999 9.292813852810905
    vertex 85.04809471616591 -19.99999999999999 12.5000000000121
    vertex 84.99273880026695 -19.99999999999999 8.072425573280462
  endloop
endfacet
facet normal 0 -1 0
  outer loop
    vertex 125 -19.99999999999999 0
    vertex 127.2014365863983 -19.99999999999999 4.461788894234516
    vertex 122.4171534007042 -19.99999999999999 4.235381137008257
  endloop
endfacet
facet normal 0 -1 0
  outer loop
    vertex 34.99999999999997 -19.99999999999999 0
    vertex 37.44427141715437 -19.99999999999999 4.542756506028066
    vertex 32.64286617743701 -19.99999999999999 3.380455244180091
  endloop
endfacet
facet normal 0 -1 0
  outer loop
    vertex -112.5 -19.99999999999999 25.66987298107781
    vertex -117.9703132027795 -19.99999999999999 25.23680024023017
    vertex -114.5872328282753 -19.99999999999999 21.82336278853858
  endloop
endfacet
facet normal 0 -1 0
  outer loop
    vertex -150 -19.99999999999999 5
    vertex -150 -19.99999999999999 0
    vertex -146.3647730912976 -19.99999999999999 3.635226908702403
  endloop
endfacet
facet normal 0 -1 0
  outer loop
    vertex -150 -19.99999999999999 0
    vertex -145 -19.99999999999999 0
    vertex -146.3647730912976 -19.99999999999999 3.635226908702403
  endloop
endfacet
facet normal 0 -1 0
  outer loop
    vertex -72.50000000000003 -19.99999999999999 4.330127018922191
    vertex -67.01911563223874 -19.99999999999999 4.762530035189286
    vertex -70.37678437156254 -19.99999999999999 8.193792071145424
  endloop
endfacet
facet normal 0 -1 0
  outer loop
    vertex -150 -19.99999999999999 30
    vertex -150 -19.99999999999999 25
    vertex -146.3756563989135 -19.99999999999999 26.37565639891353
  endloop
endfacet
facet normal -0 -1 0
  outer loop
    vertex -145 -19.99999999999999 30
    vertex -150 -19.99999999999999 30
    vertex -146.3756563989135 -19.99999999999999 26.37565639891353
  endloop
endfacet
facet normal -0 -1 0
  outer loop
    vertex -57.72397342654418 -19.99999999999999 4.855078354922163
    vertex -62.33389867943585 -19.99999999999999 7.63116331661746
    vertex -62.43956967688842 -19.99999999999999 3.418487976125693
  endloop
endfacet
facet normal 0 -1 0
  outer loop
    vertex 85.04809471616591 -19.99999999999999 12.5000000000121
    vertex 80.95479408451999 -19.99999999999999 10.04948796894885
    vertex 84.99273880026695 -19.99999999999999 8.072425573280462
  endloop
endfacet
facet normal 0 -1 0
  outer loop
    vertex 105 -19.99999999999999 0
    vertex 107.0784703733945 -19.99999999999999 4.817098077252904
    vertex 102.4846906406609 -19.99999999999999 3.363087311111002
  endloop
endfacet
facet normal 0 -1 0
  outer loop
    vertex -52.32114406190435 -19.99999999999999 4.563738540543987
    vertex -50.00000000000003 -19.99999999999999 0
    vertex -47.59207470608968 -19.99999999999999 4.183302604717955
  endloop
endfacet
facet normal 0 -1 0
  outer loop
    vertex -127.2675738436585 -19.99999999999999 25.15089649212413
    vertex -122.6532306574966 -19.99999999999999 22.37849903055962
    vertex -122.5399099697893 -19.99999999999999 26.60589572093765
  endloop
endfacet
facet normal 0 -1 0
  outer loop
    vertex -132.6650023705485 -19.99999999999999 25.43779101824364
    vertex -135 -19.99999999999999 30
    vertex -137.3681172134093 -19.99999999999999 25.8647556934278
  endloop
endfacet
facet normal 0 -1 0
  outer loop
    vertex 22.57525055874649 -19.99999999999999 3.985313712646928
    vertex 24.36941979637939 -19.99999999999999 8.0778981736823
    vertex 19.73743112712665 -19.99999999999999 6.527349425087891
  endloop
endfacet
facet normal 0 -1 -0
  outer loop
    vertex 79.99999999999997 -19.99999999999999 30
    vertex 77.49999999999997 -19.99999999999999 25.66987298107781
    vertex 82.26549983896004 -19.99999999999999 25.87197117588042
  endloop
endfacet
facet normal 0 -1 0
  outer loop
    vertex 67.59908799222512 -19.99999999999999 22.37447333828001
    vertex 72.21720971857215 -19.99999999999999 25.18566515999116
    vertex 67.51878331717234 -19.99999999999999 26.62524102420412
  endloop
endfacet
facet normal 0 -1 0
  outer loop
    vertex 92.49999999999997 -19.99999999999999 25.66987298107781
    vertex 89.99999999999997 -19.99999999999999 30
    vertex 87.68941194250505 -19.99999999999999 25.84542923545364
  endloop
endfacet
facet normal 0 -1 0
  outer loop
    vertex 37.44427141715437 -19.99999999999999 4.542756506028066
    vertex 39.99999999999997 -19.99999999999999 0
    vertex 42.27944259970079 -19.99999999999999 3.422521563092612
  endloop
endfacet
facet normal 0 -1 0
  outer loop
    vertex -1.665284220136243 -19.99999999999999 22.40977744705578
    vertex 2.623581967304062 -19.99999999999999 25.5162667130724
    vertex -1.928431505624019 -19.99999999999999 26.4990081380713
  endloop
endfacet
facet normal 0 -1 0
  outer loop
    vertex -83.11715786684063 -19.99999999999999 4.754330782958238
    vertex -77.50000000000003 -19.99999999999999 4.330127018922191
    vertex -79.82587213337254 -19.99999999999999 8.119402839591398
  endloop
endfacet
facet normal 0 -1 0
  outer loop
    vertex -49.23940439653819 -19.99999999999999 19.89424616474751
    vertex -44.89415581360051 -19.99999999999999 17.3981596437611
    vertex -44.55421141215533 -19.99999999999999 22.56046243790494
  endloop
endfacet
facet normal -0 -1 0
  outer loop
    vertex -5.996242786661355 -19.99999999999999 10.04540724849846
    vertex -10.17023985776549 -19.99999999999999 12.5730672480323
    vertex -10.01013285492684 -19.99999999999999 8.094244796920528
  endloop
endfacet
facet normal -0 -1 0
  outer loop
    vertex -101.8723309918941 -19.99999999999999 25.24626666966052
    vertex -107.5 -19.99999999999999 25.66987298107783
    vertex -105.1548024599106 -19.99999999999999 21.85415856949318
  endloop
endfacet
facet normal 0 -1 0
  outer loop
    vertex -40.00000000000003 -19.99999999999999 0
    vertex -37.50000000000003 -19.99999999999999 4.330127018922191
    vertex -42.26278432367496 -19.99999999999999 4.144504861171868
  endloop
endfacet
facet normal 0 -1 0
  outer loop
    vertex -10.15804266814609 -19.99999999999999 17.40075873558062
    vertex -5.836009510933081 -19.99999999999999 19.91493605907621
    vertex -10.49615261652212 -19.99999999999999 22.57269108702042
  endloop
endfacet
facet normal 0 -1 0
  outer loop
    vertex 52.49999999999997 -19.99999999999999 25.66987298107781
    vertex 46.84363515187454 -19.99999999999999 25.24787103486756
    vertex 50.09502890809355 -19.99999999999999 21.90766358837051
  endloop
endfacet
facet normal 0 -1 0
  outer loop
    vertex 97.81812567888485 -19.99999999999999 25.1899207362312
    vertex 102.4686186403621 -19.99999999999999 22.37975273140864
    vertex 102.4940062972091 -19.99999999999999 26.63815462500592
  endloop
endfacet
facet normal 0 -1 0
  outer loop
    vertex -120 -19.99999999999999 0
    vertex -117.9926378252788 -19.99999999999999 4.809237272661257
    vertex -122.5 -19.99999999999999 3.339253687173407
  endloop
endfacet
facet normal -0 -1 0
  outer loop
    vertex -140 -19.99999999999999 30
    vertex -145 -19.99999999999999 30
    vertex -142.427640994851 -19.99999999999999 26.21852079525629
  endloop
endfacet
facet normal 0 -1 0
  outer loop
    vertex 122.5 -19.99999999999999 25.77350269189617
    vertex 117.5 -19.99999999999999 25.66987298107784
    vertex 119.979127948883 -19.99999999999999 22.16792899776833
  endloop
endfacet
facet normal 0 -1 0
  outer loop
    vertex -12.50000000000003 -19.99999999999999 4.330127018922191
    vertex -6.77700262049791 -19.99999999999999 4.751206705182781
    vertex -10.01013285492684 -19.99999999999999 8.094244796920528
  endloop
endfacet
facet normal 0 -1 0
  outer loop
    vertex 81.72940119650877 -19.99999999999999 4.754088918330567
    vertex 87.50000000000003 -19.99999999999999 4.330127018922287
    vertex 84.99273880026695 -19.99999999999999 8.072425573280462
  endloop
endfacet
facet normal 0 -1 -0
  outer loop
    vertex -65.00000000000003 -19.99999999999999 30
    vertex -66.99953491963954 -19.99999999999999 25.19735963562007
    vertex -62.50000000000004 -19.99999999999999 26.65967793703202
  endloop
endfacet
facet normal 0 -1 0
  outer loop
    vertex 112.4765584134066 -19.99999999999999 4.405023567897146
    vertex 115 -19.99999999999999 0
    vertex 117.3297577519273 -19.99999999999999 4.219980111576049
  endloop
endfacet
facet normal 0 -1 -0
  outer loop
    vertex 50.35682659294855 -19.99999999999999 12.59359200114762
    vertex 46.01294556670402 -19.99999999999999 10.11213580872947
    vertex 50.52707125206953 -19.99999999999999 8.070693404423096
  endloop
endfacet
facet normal 0 -1 0
  outer loop
    vertex 46.07695154587051 -19.99999999999999 20.00000000003229
    vertex 50.40707856479042 -19.99999999999999 17.50000000002901
    vertex 50.09502890809355 -19.99999999999999 21.90766358837051
  endloop
endfacet
facet normal 0 -1 0
  outer loop
    vertex -57.65129010952577 -19.99999999999999 25.51482159809305
    vertex -53.39859486098092 -19.99999999999999 22.39913500444643
    vertex -53.09958169680115 -19.99999999999999 26.49498975329498
  endloop
endfacet
facet normal 0 -1 0
  outer loop
    vertex -27.47709664887185 -19.99999999999999 7.609365199818761
    vertex -32.14610943162393 -19.99999999999999 4.809597948018382
    vertex -27.50000000000003 -19.99999999999999 3.333415972541427
  endloop
endfacet
facet normal 0 -1 0
  outer loop
    vertex -105.408199167203 -19.99999999999999 17.38585225125504
    vertex -101.1960994542386 -19.99999999999999 19.95028001263962
    vertex -105.1548024599106 -19.99999999999999 21.85415856949318
  endloop
endfacet
facet normal 0 -1 0
  outer loop
    vertex -79.49673200287846 -19.99999999999999 12.50000000010734
    vertex -83.82685902180211 -19.99999999999999 10.00000000010995
    vertex -79.82587213337254 -19.99999999999999 8.119402839591398
  endloop
endfacet
facet normal 0 -1 0
  outer loop
    vertex 11.96254932051869 -19.99999999999999 25.19044161259976
    vertex 9.999999999999972 -19.99999999999999 30
    vertex 7.442970199821872 -19.99999999999999 26.64504186873014
  endloop
endfacet
facet normal -0 -1 0
  outer loop
    vertex 28.82054607241915 -19.99999999999999 10.09218154026231
    vertex 24.4984392943912 -19.99999999999999 12.61152730775619
    vertex 24.36941979637939 -19.99999999999999 8.0778981736823
  endloop
endfacet
facet normal 0 -1 0
  outer loop
    vertex 2.623581967304062 -19.99999999999999 25.5162667130724
    vertex -2.842170943040401e-14 -19.99999999999999 30
    vertex -1.928431505624019 -19.99999999999999 26.4990081380713
  endloop
endfacet
facet normal 0 -1 0
  outer loop
    vertex -112.5778287310278 -19.99999999999999 4.42946412687828
    vertex -110 -19.99999999999999 0
    vertex -107.8396070471555 -19.99999999999999 4.145474137419022
  endloop
endfacet
facet normal 0 -1 0
  outer loop
    vertex -72.41522761533002 -19.99999999999999 25.57140139160141
    vertex -75.00000000000003 -19.99999999999999 30
    vertex -77.1487920313408 -19.99999999999999 25.85302928806539
  endloop
endfacet
facet normal 0 -1 0
  outer loop
    vertex -49.44802351349905 -19.99999999999999 24.56099216393542
    vertex -50.00000000000003 -19.99999999999999 30
    vertex -53.09958169680115 -19.99999999999999 26.49498975329498
  endloop
endfacet
facet normal 0 -1 -0
  outer loop
    vertex 19.99999999999997 -19.99999999999999 30
    vertex 17.35479759425604 -19.99999999999999 25.53534509264545
    vertex 22.03537609187961 -19.99999999999999 25.92332348163854
  endloop
endfacet
facet normal 0 -1 -0
  outer loop
    vertex -5.000000000000028 -19.99999999999999 30
    vertex -5.600455275287942 -19.99999999999999 24.56899653022831
    vertex -1.928431505624019 -19.99999999999999 26.4990081380713
  endloop
endfacet
facet normal 0 -1 0
  outer loop
    vertex 11.36157064122153 -19.99999999999999 19.87243443334248
    vertex 15.7058660765363 -19.99999999999999 17.39883333596593
    vertex 15.25659687596462 -19.99999999999999 21.76678528596435
  endloop
endfacet
facet normal 0 -1 -0
  outer loop
    vertex -55.00000000000003 -19.99999999999999 30
    vertex -57.65129010952577 -19.99999999999999 25.51482159809305
    vertex -53.09958169680115 -19.99999999999999 26.49498975329498
  endloop
endfacet
facet normal 0 -1 0
  outer loop
    vertex 124.652503690799 -19.99999999999999 20.97852375366098
    vertex 128.4976719994148 -19.99999999999999 17.57870689245368
    vertex 129.1337357275296 -19.99999999999999 21.88977539870871
  endloop
endfacet
facet normal 0 -1 0
  outer loop
    vertex 28.29492569496782 -19.99999999999999 4.810317187207815
    vertex 29.99999999999997 -19.99999999999999 0
    vertex 32.64286617743701 -19.99999999999999 3.380455244180091
  endloop
endfacet
facet normal 0 -1 0
  outer loop
    vertex 44.99999999999997 -19.99999999999999 0
    vertex 46.59581099834378 -19.99999999999999 4.82407124125076
    vertex 42.27944259970079 -19.99999999999999 3.422521563092612
  endloop
endfacet
facet normal -0 -1 0
  outer loop
    vertex -66.50635094611334 -19.99999999999999 10.00000000009976
    vertex -70.76042574781849 -19.99999999999999 12.5906095730281
    vertex -70.37678437156254 -19.99999999999999 8.193792071145424
  endloop
endfacet
facet normal 0 -1 0
  outer loop
    vertex -70.76222675697045 -19.99999999999999 17.37129986645001
    vertex -66.44290579302398 -19.99999999999999 19.88996395511938
    vertex -70.31980379614345 -19.99999999999999 21.75815777539907
  endloop
endfacet
facet normal -0 -1 0
  outer loop
    vertex 107.0784703733945 -19.99999999999999 4.817098077252904
    vertex 102.3339470914457 -19.99999999999999 7.629678740284405
    vertex 102.4846906406609 -19.99999999999999 3.363087311111002
  endloop
endfacet
facet normal 0 -1 0
  outer loop
    vertex -114.202509304235 -19.99999999999999 12.61216960224777
    vertex -118.5452287689878 -19.99999999999999 10.13398035821812
    vertex -114.6604629233146 -19.99999999999999 8.24036838809241
  endloop
endfacet
facet normal 0 -1 0
  outer loop
    vertex -118.4678751731739 -19.99999999999999 20.00000000013002
    vertex -114.1377481542531 -19.99999999999999 17.5000000001275
    vertex -114.5872328282753 -19.99999999999999 21.82336278853858
  endloop
endfacet
facet normal 0 -1 0
  outer loop
    vertex 59.14630904753599 -19.99999999999999 17.40283216731535
    vertex 63.39745962155757 -19.99999999999999 20.00000000002275
    vertex 59.564492170363 -19.99999999999999 21.80405626443062
  endloop
endfacet
facet normal 0 -1 0
  outer loop
    vertex 14.99999999999997 -19.99999999999999 0
    vertex 19.99999999999997 -19.99999999999999 0
    vertex 17.49999999999997 -19.99999999999999 3.533769303640387
  endloop
endfacet
facet normal -0 -1 0
  outer loop
    vertex -50.00000000000003 -19.99999999999999 30
    vertex -55.00000000000003 -19.99999999999999 30
    vertex -53.09958169680115 -19.99999999999999 26.49498975329498
  endloop
endfacet
facet normal 0 -1 0
  outer loop
    vertex 110.9707644845081 -19.99999999999999 12.62054366311209
    vertex 106.6192192487349 -19.99999999999999 10.14159059397362
    vertex 110.4599970324328 -19.99999999999999 8.243620079357346
  endloop
endfacet
facet normal 0 -1 0
  outer loop
    vertex 106.6987298107809 -19.99999999999999 20.00000000000454
    vertex 111.028856829701 -19.99999999999999 17.5000000000019
    vertex 110.6195678601815 -19.99999999999999 21.79109070980908
  endloop
endfacet
facet normal -0 -1 0
  outer loop
    vertex -2.842170943040401e-14 -19.99999999999999 30
    vertex -5.000000000000028 -19.99999999999999 30
    vertex -1.928431505624019 -19.99999999999999 26.4990081380713
  endloop
endfacet
facet normal 0 -1 0
  outer loop
    vertex 54.99999999999997 -19.99999999999999 0
    vertex 59.99999999999997 -19.99999999999999 0
    vertex 57.49999999999994 -19.99999999999999 3.497102099164142
  endloop
endfacet
facet normal 0 -1 0
  outer loop
    vertex -18.8749537379675 -19.99999999999999 12.50000000007256
    vertex -23.2203256387227 -19.99999999999999 10.07874659151411
    vertex -19.41522199272529 -19.99999999999999 8.207845540648236
  endloop
endfacet
facet normal -0 -1 0
  outer loop
    vertex -31.77886937849752 -19.99999999999999 10.15181339384697
    vertex -36.13279732150315 -19.99999999999999 12.61595687585272
    vertex -35.55785246324027 -19.99999999999999 8.216922912357632
  endloop
endfacet
facet normal 0 -1 0
  outer loop
    vertex 128.4976719994148 -19.99999999999999 17.57870689245368
    vertex 132.8615350606713 -19.99999999999999 19.95355392052711
    vertex 129.1337357275296 -19.99999999999999 21.88977539870871
  endloop
endfacet
facet normal -0 -1 0
  outer loop
    vertex -15.00000000000003 -19.99999999999999 30
    vertex -20.00000000000003 -19.99999999999999 30
    vertex -17.48214944844111 -19.99999999999999 26.47420628820231
  endloop
endfacet
facet normal -0 -1 0
  outer loop
    vertex -117.9926378252788 -19.99999999999999 4.809237272661257
    vertex -122.7990922228034 -19.99999999999999 7.588945123509774
    vertex -122.5 -19.99999999999999 3.339253687173407
  endloop
endfacet
facet normal -0 -1 0
  outer loop
    vertex 98.07657688696966 -19.99999999999999 10.13351438497991
    vertex 93.79518140538596 -19.99999999999999 12.60324258665256
    vertex 94.33654408731675 -19.99999999999999 8.243091896140168
  endloop
endfacet
facet normal 0 -1 0
  outer loop
    vertex 93.79309408045572 -19.99999999999999 17.35328803624118
    vertex 98.1106971497826 -19.99999999999999 19.87504684531432
    vertex 94.38363350448006 -19.99999999999999 21.77118332607105
  endloop
endfacet
facet normal -0 -1 0
  outer loop
    vertex -35.00000000000003 -19.99999999999999 30
    vertex -40.00000000000003 -19.99999999999999 30
    vertex -37.5543752586149 -19.99999999999999 26.38808680013079
  endloop
endfacet
facet normal 0 -1 0
  outer loop
    vertex -66.99953491963954 -19.99999999999999 25.19735963562007
    vertex -62.18737647681399 -19.99999999999999 22.42773532959788
    vertex -62.50000000000004 -19.99999999999999 26.65967793703202
  endloop
endfacet
facet normal 0 -1 0
  outer loop
    vertex 39.99999999999997 -19.99999999999999 0
    vertex 44.99999999999997 -19.99999999999999 0
    vertex 42.27944259970079 -19.99999999999999 3.422521563092612
  endloop
endfacet
facet normal 0 -1 0
  outer loop
    vertex 71.98283476870571 -19.99999999999999 19.87029865557971
    vertex 76.38784067832358 -19.99999999999999 17.50000000001564
    vertex 75.93854526907435 -19.99999999999999 21.72179752358472
  endloop
endfacet
facet normal 0 -1 0
  outer loop
    vertex -131.3701242542134 -19.99999999999999 17.34735094040406
    vertex -127.0528970985837 -19.99999999999999 19.86969415903755
    vertex -130.7648404363437 -19.99999999999999 21.71733631761114
  endloop
endfacet
facet normal 0 -1 0
  outer loop
    vertex 74.99999999999997 -19.99999999999999 0
    vertex 79.99999999999997 -19.99999999999999 0
    vertex 77.49999999999997 -19.99999999999999 3.415793223795081
  endloop
endfacet
facet normal 0 -1 0
  outer loop
    vertex -53.5935732887942 -19.99999999999999 12.62187846016347
    vertex -57.93790793494719 -19.99999999999999 10.15549784512498
    vertex -54.21915614142307 -19.99999999999999 8.287912684505862
  endloop
endfacet
facet normal 0 -1 0
  outer loop
    vertex -135 -19.99999999999999 0
    vertex -130 -19.99999999999999 0
    vertex -132.5 -19.99999999999999 3.405682005571258
  endloop
endfacet
facet normal 0 -1 0
  outer loop
    vertex 7.131419853733377 -19.99999999999999 22.42026444373884
    vertex 11.96254932051869 -19.99999999999999 25.19044161259976
    vertex 7.442970199821872 -19.99999999999999 26.64504186873014
  endloop
endfacet
facet normal 0 -1 0
  outer loop
    vertex -5.000000000000028 -19.99999999999999 0
    vertex -2.842170943040401e-14 -19.99999999999999 0
    vertex -2.5 -19.99999999999999 3.392938200406043
  endloop
endfacet
facet normal 0 -1 0
  outer loop
    vertex -10.49615261652212 -19.99999999999999 22.57269108702042
    vertex -5.600455275287942 -19.99999999999999 24.56899653022831
    vertex -8.782278403843776 -19.99999999999999 26.71552678642787
  endloop
endfacet
facet normal -0 -1 0
  outer loop
    vertex 132.6303876640485 -19.99999999999999 10.19850529069328
    vertex 128.4187723701811 -19.99999999999999 12.67413230183087
    vertex 128.9854970459065 -19.99999999999999 8.337119801394028
  endloop
endfacet
facet normal 0 -1 0
  outer loop
    vertex 29.99999999999997 -19.99999999999999 0
    vertex 34.99999999999997 -19.99999999999999 0
    vertex 32.64286617743701 -19.99999999999999 3.380455244180091
  endloop
endfacet
facet normal -0 -1 0
  outer loop
    vertex 44.99999999999997 -19.99999999999999 30
    vertex 39.99999999999997 -19.99999999999999 30
    vertex 42.49999999999997 -19.99999999999999 26.62884844713863
  endloop
endfacet
facet normal 0 -1 0
  outer loop
    vertex -49.44802351349905 -19.99999999999999 24.56099216393542
    vertex -44.55421141215533 -19.99999999999999 22.56046243790494
    vertex -46.2423095005134 -19.99999999999999 26.71093888817272
  endloop
endfacet
facet normal -0 -1 0
  outer loop
    vertex -95.00000000000003 -19.99999999999999 30
    vertex -100 -19.99999999999999 30
    vertex -97.28916630662343 -19.99999999999999 26.53006168021681
  endloop
endfacet
facet normal 0 -1 0
  outer loop
    vertex -90.00000000000003 -19.99999999999999 0
    vertex -85.00000000000003 -19.99999999999999 0
    vertex -87.70669128775788 -19.99999999999999 3.471413160052009
  endloop
endfacet
facet normal -0 -1 0
  outer loop
    vertex -92.35455780747006 -19.99999999999999 10.1809085392136
    vertex -96.73812587891791 -19.99999999999999 12.6370221735373
    vertex -96.03650494743337 -19.99999999999999 8.329726557250982
  endloop
endfacet
facet normal 0 -1 0
  outer loop
    vertex -92.56882606211573 -19.99999999999999 19.85846253193312
    vertex -88.15698604071994 -19.99999999999999 17.5000000001124
    vertex -88.91598576535813 -19.99999999999999 21.7163235455831
  endloop
endfacet
facet normal -0 -1 0
  outer loop
    vertex 140 -19.99999999999999 30
    vertex 135 -19.99999999999999 30
    vertex 137.5 -19.99999999999999 26.65063509461069
  endloop
endfacet
facet normal -0 -1 0
  outer loop
    vertex 9.999999999999972 -19.99999999999999 30
    vertex 4.999999999999972 -19.99999999999999 30
    vertex 7.442970199821872 -19.99999999999999 26.64504186873014
  endloop
endfacet
facet normal 0 -1 0
  outer loop
    vertex -65.00000000000003 -19.99999999999999 0
    vertex -60.00000000000003 -19.99999999999999 0
    vertex -62.43956967688842 -19.99999999999999 3.418487976125693
  endloop
endfacet
facet normal -0 -1 0
  outer loop
    vertex -60.00000000000003 -19.99999999999999 30
    vertex -65.00000000000003 -19.99999999999999 30
    vertex -62.50000000000004 -19.99999999999999 26.65967793703202
  endloop
endfacet
facet normal 0 -1 0
  outer loop
    vertex -125 -19.99999999999999 0
    vertex -120 -19.99999999999999 0
    vertex -122.5 -19.99999999999999 3.339253687173407
  endloop
endfacet
facet normal -0 -1 0
  outer loop
    vertex -120 -19.99999999999999 30
    vertex -125 -19.99999999999999 30
    vertex -122.5399099697893 -19.99999999999999 26.60589572093765
  endloop
endfacet
facet normal 0 -1 0
  outer loop
    vertex 33.18475768898577 -19.99999999999999 17.3525706462813
    vertex 37.51251003535143 -19.99999999999999 19.96977622455037
    vertex 33.81052963133087 -19.99999999999999 21.71790286396502
  endloop
endfacet
facet normal -0 -1 0
  outer loop
    vertex 69.99999999999997 -19.99999999999999 30
    vertex 64.99999999999997 -19.99999999999999 30
    vertex 67.51878331717234 -19.99999999999999 26.62524102420412
  endloop
endfacet
facet normal 0 -1 0
  outer loop
    vertex 99.99999999999997 -19.99999999999999 0
    vertex 105 -19.99999999999999 0
    vertex 102.4846906406609 -19.99999999999999 3.363087311111002
  endloop
endfacet
facet normal -0 -1 0
  outer loop
    vertex 105 -19.99999999999999 30
    vertex 99.99999999999997 -19.99999999999999 30
    vertex 102.4940062972091 -19.99999999999999 26.63815462500592
  endloop
endfacet
facet normal 0 -1 0
  outer loop
    vertex -30.00000000000003 -19.99999999999999 0
    vertex -25.00000000000003 -19.99999999999999 0
    vertex -27.50000000000003 -19.99999999999999 3.333415972541427
  endloop
endfacet
facet normal 0 -1 0
  outer loop
    vertex 136.9313409927622 -19.99999999999999 12.64442567656123
    vertex 132.6303876640485 -19.99999999999999 10.19850529069328
    vertex 136.1998248486979 -19.99999999999999 8.337133045573694
  endloop
endfacet
facet normal 0 -1 0
  outer loop
    vertex 33.02014581834624 -19.99999999999999 7.581303160112519
    vertex 28.29492569496782 -19.99999999999999 4.810317187207815
    vertex 32.64286617743701 -19.99999999999999 3.380455244180091
  endloop
endfacet
facet normal 0 -1 0
  outer loop
    vertex 7.017025407847541 -19.99999999999999 12.64077050601994
    vertex 2.627305213724924 -19.99999999999999 10.0619111969228
    vertex 6.414146904046618 -19.99999999999999 8.321079840212121
  endloop
endfacet
facet normal -0 -1 0
  outer loop
    vertex 72.23185895335931 -19.99999999999999 10.06225336844312
    vertex 67.81186905406892 -19.99999999999999 12.64597270150497
    vertex 68.24573519456237 -19.99999999999999 8.397459621566366
  endloop
endfacet
facet normal 0 -1 0
  outer loop
    vertex -32.06562406742216 -19.99999999999999 19.93408892965363
    vertex -27.62032276223852 -19.99999999999999 17.34248005656075
    vertex -27.94006869124216 -19.99999999999999 21.81058485095868
  endloop
endfacet
facet normal -0 -1 0
  outer loop
    vertex 46.59581099834378 -19.99999999999999 4.82407124125076
    vertex 41.82751160218004 -19.99999999999999 7.599783826202096
    vertex 42.27944259970079 -19.99999999999999 3.422521563092612
  endloop
endfacet
facet normal 0 -1 -0
  outer loop
    vertex 127.3715668660849 -19.99999999999999 25.70736757348532
    vertex 124.652503690799 -19.99999999999999 20.97852375366098
    vertex 129.1337357275296 -19.99999999999999 21.88977539870871
  endloop
endfacet
facet normal 0 -1 0
  outer loop
    vertex -5.600455275287942 -19.99999999999999 24.56899653022831
    vertex -1.665284220136243 -19.99999999999999 22.40977744705578
    vertex -1.928431505624019 -19.99999999999999 26.4990081380713
  endloop
endfacet
facet normal 0 -1 0
  outer loop
    vertex -53.39859486098092 -19.99999999999999 22.39913500444643
    vertex -49.44802351349905 -19.99999999999999 24.56099216393542
    vertex -53.09958169680115 -19.99999999999999 26.49498975329498
  endloop
endfacet
facet normal 0 -1 0
  outer loop
    vertex 142.5440031848051 -19.99999999999999 4.161625432834885
    vertex 145 -19.99999999999999 0
    vertex 146.3397459621556 -19.99999999999999 3.660254037844375
  endloop
endfacet
facet normal 0 -1 0
  outer loop
    vertex 145.8936740139887 -19.99999999999999 22.34662152565716
    vertex 150 -19.99999999999999 25
    vertex 146.3397459621556 -19.99999999999999 26.33974596215561
  endloop
endfacet
facet normal -0 -1 0
  outer loop
    vertex 68.24573519456237 -19.99999999999999 8.397459621566366
    vertex 63.77191600349485 -19.99999999999999 10.48768279298501
    vertex 64.28506855363037 -19.99999999999999 6.853256056245996
  endloop
endfacet
facet normal 0 -1 0
  outer loop
    vertex -150 -19.99999999999999 25
    vertex -145.3654616103244 -19.99999999999999 22.52346050135492
    vertex -146.3756563989135 -19.99999999999999 26.37565639891353
  endloop
endfacet
facet normal -0 -1 0
  outer loop
    vertex -37.5543752586149 -19.99999999999999 26.38808680013079
    vertex -42.20931257691257 -19.99999999999999 26.43323983902323
    vertex -40.23860626635499 -19.99999999999999 23.43444274826682
  endloop
endfacet
facet normal -0 -1 0
  outer loop
    vertex 150 -19.99999999999999 5
    vertex 145.7661397747208 -19.99999999999999 7.521186846404383
    vertex 146.3397459621556 -19.99999999999999 3.660254037844375
  endloop
endfacet
facet normal 0 -1 -0
  outer loop
    vertex 145 -19.99999999999999 30
    vertex 142.0408719047129 -19.99999999999999 25.47151376279599
    vertex 146.3397459621556 -19.99999999999999 26.33974596215561
  endloop
endfacet
facet normal -0 -1 0
  outer loop
    vertex -12.81478412740867 -19.99999999999999 26.43594631489063
    vertex -17.48214944844111 -19.99999999999999 26.47420628820231
    vertex -14.81391176739854 -19.99999999999999 23.45802850888036
  endloop
endfacet
facet normal 0 -1 0
  outer loop
    vertex -145.8238178078286 -19.99999999999999 7.392759749954688
    vertex -150 -19.99999999999999 5
    vertex -146.3647730912976 -19.99999999999999 3.635226908702403
  endloop
endfacet
facet normal 0 -1 0
  outer loop
    vertex 52.42191369647074 -19.99999999999999 4.07783278190173
    vertex 57.49999999999994 -19.99999999999999 3.497102099164142
    vertex 55.42308353432989 -19.99999999999999 6.453055602733937
  endloop
endfacet
facet normal 0 -1 0
  outer loop
    vertex 17.49999999999997 -19.99999999999999 3.533769303640387
    vertex 22.57525055874649 -19.99999999999999 3.985313712646928
    vertex 19.73743112712665 -19.99999999999999 6.527349425087891
  endloop
endfacet
facet normal 0 -1 0
  outer loop
    vertex -145.3654616103244 -19.99999999999999 22.52346050135492
    vertex -142.427640994851 -19.99999999999999 26.21852079525629
    vertex -146.3756563989135 -19.99999999999999 26.37565639891353
  endloop
endfacet
facet normal 0 -1 0
  outer loop
    vertex 20.08616120336896 -19.99999999999999 10.36383017518134
    vertex 16.11266270031217 -19.99999999999999 7.845601268167453
    vertex 19.73743112712665 -19.99999999999999 6.527349425087891
  endloop
endfacet
facet normal 0 -1 0
  outer loop
    vertex -140.1185102677863 -19.99999999999999 17.5000000001425
    vertex -140.282949134101 -19.99999999999999 22.37914102142832
    vertex -142.8269614260446 -19.99999999999999 19.96428607413712
  endloop
endfacet
facet normal 0 -1 -0
  outer loop
    vertex -145.3654616103244 -19.99999999999999 22.52346050135492
    vertex -145.4333563744441 -19.99999999999999 17.3974004922421
    vertex -142.8269614260446 -19.99999999999999 19.96428607413712
  endloop
endfacet
facet normal -0 -1 0
  outer loop
    vertex 59.74973128509737 -19.99999999999999 7.732215815723425
    vertex 54.91735839137303 -19.99999999999999 10.40419169901418
    vertex 55.42308353432989 -19.99999999999999 6.453055602733937
  endloop
endfacet
facet normal 0 -1 0
  outer loop
    vertex -18.6826776746116 -19.99999999999999 22.20678997437999
    vertex -14.59379497000921 -19.99999999999999 19.60050887990845
    vertex -14.81391176739854 -19.99999999999999 23.45802850888036
  endloop
endfacet
facet normal 0 -1 0
  outer loop
    vertex -40.47323883588467 -19.99999999999999 19.59705841731321
    vertex -36.40189324820756 -19.99999999999999 22.19336624696192
    vertex -40.23860626635499 -19.99999999999999 23.43444274826682
  endloop
endfacet
facet normal 0 -1 0
  outer loop
    vertex -42.20931257691257 -19.99999999999999 26.43323983902323
    vertex -45.00000000000003 -19.99999999999999 30
    vertex -46.2423095005134 -19.99999999999999 26.71093888817272
  endloop
endfacet
facet normal 0 -1 -0
  outer loop
    vertex -10.00000000000003 -19.99999999999999 30
    vertex -12.81478412740867 -19.99999999999999 26.43594631489063
    vertex -8.782278403843776 -19.99999999999999 26.71552678642787
  endloop
endfacet
facet normal 0 -1 -0
  outer loop
    vertex 145.7661397747208 -19.99999999999999 7.521186846404383
    vertex 142.5440031848051 -19.99999999999999 4.161625432834885
    vertex 146.3397459621556 -19.99999999999999 3.660254037844375
  endloop
endfacet
facet normal 0 -1 0
  outer loop
    vertex 142.0408719047129 -19.99999999999999 25.47151376279599
    vertex 145.8936740139887 -19.99999999999999 22.34662152565716
    vertex 146.3397459621556 -19.99999999999999 26.33974596215561
  endloop
endfacet
facet normal 0 -1 0
  outer loop
    vertex -12.81478412740867 -19.99999999999999 26.43594631489063
    vertex -10.49615261652212 -19.99999999999999 22.57269108702042
    vertex -8.782278403843776 -19.99999999999999 26.71552678642787
  endloop
endfacet
facet normal 0 -1 0
  outer loop
    vertex -44.55421141215533 -19.99999999999999 22.56046243790494
    vertex -42.20931257691257 -19.99999999999999 26.43323983902323
    vertex -46.2423095005134 -19.99999999999999 26.71093888817272
  endloop
endfacet
facet normal -0 -1 0
  outer loop
    vertex -142.5 -19.99999999999999 4.010738854272859
    vertex -145.8238178078286 -19.99999999999999 7.392759749954688
    vertex -146.3647730912976 -19.99999999999999 3.635226908702403
  endloop
endfacet
facet normal 0 -1 0
  outer loop
    vertex -145 -19.99999999999999 0
    vertex -142.5 -19.99999999999999 4.010738854272859
    vertex -146.3647730912976 -19.99999999999999 3.635226908702403
  endloop
endfacet
facet normal 0 -1 0
  outer loop
    vertex 62.41964154327854 -19.99999999999999 3.677168369633669
    vertex 67.23831874171859 -19.99999999999999 3.971753681321502
    vertex 64.28506855363037 -19.99999999999999 6.853256056245996
  endloop
endfacet
facet normal 0 -1 0
  outer loop
    vertex -142.427640994851 -19.99999999999999 26.21852079525629
    vertex -145 -19.99999999999999 30
    vertex -146.3756563989135 -19.99999999999999 26.37565639891353
  endloop
endfacet
facet normal 0 -1 0
  outer loop
    vertex 16.11266270031217 -19.99999999999999 7.845601268167453
    vertex 17.49999999999997 -19.99999999999999 3.533769303640387
    vertex 19.73743112712665 -19.99999999999999 6.527349425087891
  endloop
endfacet
facet normal 0 -1 0
  outer loop
    vertex 57.49999999999994 -19.99999999999999 3.497102099164142
    vertex 59.74973128509737 -19.99999999999999 7.732215815723425
    vertex 55.42308353432989 -19.99999999999999 6.453055602733937
  endloop
endfacet
facet normal 0 -1 0
  outer loop
    vertex -36.40189324820756 -19.99999999999999 22.19336624696192
    vertex -37.5543752586149 -19.99999999999999 26.38808680013079
    vertex -40.23860626635499 -19.99999999999999 23.43444274826682
  endloop
endfacet
facet normal 0 -1 -0
  outer loop
    vertex -17.48214944844111 -19.99999999999999 26.47420628820231
    vertex -18.6826776746116 -19.99999999999999 22.20678997437999
    vertex -14.81391176739854 -19.99999999999999 23.45802850888036
  endloop
endfacet
facet normal 0 -1 0
  outer loop
    vertex 67.23831874171859 -19.99999999999999 3.971753681321502
    vertex 68.24573519456237 -19.99999999999999 8.397459621566366
    vertex 64.28506855363037 -19.99999999999999 6.853256056245996
  endloop
endfacet
facet normal 0 -0 1
  outer loop
    vertex -145.5185193752228 7.933628273532484 30
    vertex -140.75579413309 10.8981532871963 30
    vertex -145.8447746679573 12.54168647016786 30
  endloop
endfacet
facet normal 0 0 1
  outer loop
    vertex -140.75579413309 10.8981532871963 30
    vertex -145.5185193752228 7.933628273532484 30
    vertex -141.6362998603075 6.28911387271642 30
  endloop
endfacet
facet normal 0 0 1
  outer loop
    vertex -140.7768356725304 -5.610017518958729 30
    vertex -145.5382111057654 -2.798563413602017 30
    vertex -145.8520687207295 -7.555789659316195 30
  endloop
endfacet
facet normal 0 0 1
  outer loop
    vertex 145.3147126805976 -6.781550074223435 30
    vertex 142.5391754727425 -1.954048109116277 30
    vertex 139.9864744691239 -6.015640609847509 30
  endloop
endfacet
facet normal 0 -0 1
  outer loop
    vertex 142.5363454987912 7.131188202563226 30
    vertex 145.4715137627961 12.040871904713 30
    vertex 140.03696727419 11.50438754366335 30
  endloop
endfacet
facet normal -0 0 1
  outer loop
    vertex -145.5382111057654 -2.798563413602017 30
    vertex -140.7768356725304 -5.610017518958729 30
    vertex -141.6571596265946 -1.01157524095452 30
  endloop
endfacet
facet normal 0 0 1
  outer loop
    vertex 142.5391754727425 -1.954048109116277 30
    vertex 145.3147126805976 -6.781550074223435 30
    vertex 146.73718682342 -2.499999999999996 30
  endloop
endfacet
facet normal 0 0 1
  outer loop
    vertex 145.4715137627961 12.040871904713 30
    vertex 142.5363454987912 7.131188202563226 30
    vertex 146.7130288315994 7.343614020471815 30
  endloop
endfacet
facet normal -0 0 1
  outer loop
    vertex 140.1258684360288 2.642648632586275 30
    vertex 145.5572848964095 2.546009995082843 30
    vertex 142.5363454987912 7.131188202563226 30
  endloop
endfacet
facet normal 0 0 1
  outer loop
    vertex 145.5572848964095 2.546009995082843 30
    vertex 140.1258684360288 2.642648632586275 30
    vertex 142.5391754727425 -1.954048109116277 30
  endloop
endfacet
facet normal 0 -0 1
  outer loop
    vertex -142.3807656874062 -10.43765358606887 30
    vertex -140.7768356725304 -5.610017518958729 30
    vertex -145.8520687207295 -7.555789659316195 30
  endloop
endfacet
facet normal 0 0 1
  outer loop
    vertex -140.75579413309 10.8981532871963 30
    vertex -142.5346066236301 15.76709609464696 30
    vertex -145.8447746679573 12.54168647016786 30
  endloop
endfacet
facet normal 0 0 1
  outer loop
    vertex -144.9092775063631 2.59221219739502 30
    vertex -139.6559208189737 2.659490115444554 30
    vertex -141.6362998603075 6.28911387271642 30
  endloop
endfacet
facet normal 0 0 1
  outer loop
    vertex 140.03696727419 11.50438754366335 30
    vertex 145.4715137627961 12.040871904713 30
    vertex 142.3474886479711 15.89594202118412 30
  endloop
endfacet
facet normal 0 0 1
  outer loop
    vertex -139.6559208189737 2.659490115444554 30
    vertex -144.9092775063631 2.59221219739502 30
    vertex -141.6571596265946 -1.01157524095452 30
  endloop
endfacet
facet normal 0 0 1
  outer loop
    vertex 145.3147126805976 -6.781550074223435 30
    vertex 139.9864744691239 -6.015640609847509 30
    vertex 141.9564424223562 -9.997066018681993 30
  endloop
endfacet
facet normal 0 0 1
  outer loop
    vertex 142.5391754727425 -1.954048109116277 30
    vertex 140.1258684360288 2.642648632586275 30
    vertex 137.5252530629825 -1.713157561701611 30
  endloop
endfacet
facet normal 0 -0 1
  outer loop
    vertex 142.5 -15.6698729810778 30
    vertex 145.8653305375559 -12.26606251750211 30
    vertex 141.9564424223562 -9.997066018681993 30
  endloop
endfacet
facet normal 0 0 1
  outer loop
    vertex 142.5 -15.6698729810778 30
    vertex 141.9564424223562 -9.997066018681993 30
    vertex 139.5939740930074 -12.98888569417588 30
  endloop
endfacet
facet normal 0 -0 1
  outer loop
    vertex 139.9864744691239 -6.015640609847509 30
    vertex 142.5391754727425 -1.954048109116277 30
    vertex 137.5252530629825 -1.713157561701611 30
  endloop
endfacet
facet normal 0 0 1
  outer loop
    vertex -145.5185193752228 7.933628273532484 30
    vertex -144.9092775063631 2.59221219739502 30
    vertex -141.6362998603075 6.28911387271642 30
  endloop
endfacet
facet normal -0 0 1
  outer loop
    vertex 142.5363454987912 7.131188202563226 30
    vertex 145.5572848964095 2.546009995082843 30
    vertex 146.7130288315994 7.343614020471815 30
  endloop
endfacet
facet normal 0 0 1
  outer loop
    vertex -107.4999999999999 7.009618943232477 30
    vertex -102.4999999999999 7.009618943232522 30
    vertex -104.9999999999999 11.33974596215529 30
  endloop
endfacet
facet normal 0 0 1
  outer loop
    vertex -75.00000000000003 20 30
    vertex -80.00000000000003 20 30
    vertex -77.5000000000001 15.66987298107696 30
  endloop
endfacet
facet normal 0 0 1
  outer loop
    vertex -94.99999999999991 11.33974596215492 30
    vertex -99.99999999999996 11.33974596215527 30
    vertex -97.49999999999994 7.009618943232408 30
  endloop
endfacet
facet normal 0 0 1
  outer loop
    vertex -72.50000000000003 15.66987298107708 30
    vertex -75.00000000000009 11.3397459621542 30
    vertex -70.00000000000003 11.33974596215426 30
  endloop
endfacet
facet normal 0 -0 1
  outer loop
    vertex -109.9999999999998 11.33974596215449 30
    vertex -107.5 15.66987298107765 30
    vertex -112.5 15.66987298107739 30
  endloop
endfacet
facet normal 0 0 1
  outer loop
    vertex -92.49999999999991 7.00961894323224 30
    vertex -94.99999999999991 11.33974596215492 30
    vertex -97.49999999999994 7.009618943232408 30
  endloop
endfacet
facet normal 0 0 1
  outer loop
    vertex -99.99999999999996 11.33974596215527 30
    vertex -102.4999999999999 7.009618943232522 30
    vertex -97.49999999999994 7.009618943232408 30
  endloop
endfacet
facet normal 0 0 1
  outer loop
    vertex -60.00000000000003 11.33974596215523 30
    vertex -62.50000000000007 7.009618943232188 30
    vertex -57.50000000000004 7.009618943232452 30
  endloop
endfacet
facet normal 0 0 1
  outer loop
    vertex -65.00000000000003 20 30
    vertex -70.00000000000003 20 30
    vertex -67.49999999999987 15.66987298107682 30
  endloop
endfacet
facet normal 0 0 1
  outer loop
    vertex -55.00000000000003 11.33974596215517 30
    vertex -60.00000000000003 11.33974596215523 30
    vertex -57.50000000000004 7.009618943232452 30
  endloop
endfacet
facet normal 0 0 1
  outer loop
    vertex -115 11.33974596215476 30
    vertex -117.5 15.66987298107744 30
    vertex -120 11.3397459621549 30
  endloop
endfacet
facet normal -0 0 1
  outer loop
    vertex -115 11.33974596215476 30
    vertex -109.9999999999998 11.33974596215449 30
    vertex -112.5 15.66987298107739 30
  endloop
endfacet
facet normal 0 -0 1
  outer loop
    vertex -102.4999999999999 7.009618943232522 30
    vertex -99.99999999999996 11.33974596215527 30
    vertex -104.9999999999999 11.33974596215529 30
  endloop
endfacet
facet normal 0 -0 1
  outer loop
    vertex -52.50000000000004 7.009618943232507 30
    vertex -50.00000000000004 11.33974596215524 30
    vertex -55.00000000000003 11.33974596215517 30
  endloop
endfacet
facet normal 0 0 1
  outer loop
    vertex -82.50000000000001 15.66987298107715 30
    vertex -87.49999999999997 15.66987298107738 30
    vertex -84.99999999999996 11.33974596215463 30
  endloop
endfacet
facet normal 0 0 1
  outer loop
    vertex -52.50000000000004 7.009618943232507 30
    vertex -55.00000000000003 11.33974596215517 30
    vertex -57.50000000000004 7.009618943232452 30
  endloop
endfacet
facet normal 0 0 1
  outer loop
    vertex -80.00000000000006 11.33974596215437 30
    vertex -82.50000000000001 15.66987298107715 30
    vertex -84.99999999999996 11.33974596215463 30
  endloop
endfacet
facet normal 0 0 1
  outer loop
    vertex -50.00000000000004 11.33974596215524 30
    vertex -52.50000000000004 7.009618943232507 30
    vertex -47.50000000000003 7.009618943232471 30
  endloop
endfacet
facet normal 0 0 1
  outer loop
    vertex -42.50000000000002 7.009618943232345 30
    vertex -44.99999999999999 11.33974596215496 30
    vertex -47.50000000000003 7.009618943232471 30
  endloop
endfacet
facet normal 0 0 1
  outer loop
    vertex -44.99999999999999 11.33974596215496 30
    vertex -50.00000000000004 11.33974596215524 30
    vertex -47.50000000000003 7.009618943232471 30
  endloop
endfacet
facet normal 0 0 1
  outer loop
    vertex -20.00000000000012 11.33974596215531 30
    vertex -25.00000000000007 11.33974596215532 30
    vertex -22.50000000000016 7.009618943232512 30
  endloop
endfacet
facet normal 0 -0 1
  outer loop
    vertex -89.99999999999991 11.33974596215478 30
    vertex -87.49999999999997 15.66987298107738 30
    vertex -92.49999999999996 15.66987298107748 30
  endloop
endfacet
facet normal 0 -0 1
  outer loop
    vertex -27.50000000000012 7.009618943232827 30
    vertex -25.00000000000007 11.33974596215532 30
    vertex -30.00000000000009 11.33974596215545 30
  endloop
endfacet
facet normal 0 0 1
  outer loop
    vertex -94.99999999999991 11.33974596215492 30
    vertex -92.49999999999991 7.00961894323224 30
    vertex -89.99999999999991 11.33974596215478 30
  endloop
endfacet
facet normal 0 -0 1
  outer loop
    vertex -39.99999999999982 11.3397459621546 30
    vertex -37.49999999999996 15.66987298107761 30
    vertex -42.49999999999998 15.6698729810775 30
  endloop
endfacet
facet normal 0 0 1
  outer loop
    vertex -87.49999999999997 15.66987298107738 30
    vertex -89.99999999999991 11.33974596215478 30
    vertex -84.99999999999996 11.33974596215463 30
  endloop
endfacet
facet normal 0 0 1
  outer loop
    vertex -5.000000000000111 11.33974596215534 30
    vertex -10.00000000000006 11.33974596215534 30
    vertex -7.500000000000148 7.009618943232595 30
  endloop
endfacet
facet normal 0 0 1
  outer loop
    vertex -35.00000000000011 2.679491924310181 30
    vertex -30.00000000000009 2.679491924310189 30
    vertex -32.50000000000027 7.009618943233161 30
  endloop
endfacet
facet normal 0 0 1
  outer loop
    vertex -25.00000000000007 11.33974596215532 30
    vertex -27.50000000000012 7.009618943232827 30
    vertex -22.50000000000016 7.009618943232512 30
  endloop
endfacet
facet normal 0 0 1
  outer loop
    vertex -117.5 15.66987298107744 30
    vertex -115 11.33974596215476 30
    vertex -112.5 15.66987298107739 30
  endloop
endfacet
facet normal 0 0 1
  outer loop
    vertex -72.50000000000003 15.66987298107708 30
    vertex -70.00000000000003 11.33974596215426 30
    vertex -67.49999999999987 15.66987298107682 30
  endloop
endfacet
facet normal 0 -0 1
  outer loop
    vertex -120 11.3397459621549 30
    vertex -117.5 15.66987298107744 30
    vertex -122.5 15.66987298107773 30
  endloop
endfacet
facet normal 0 -0 1
  outer loop
    vertex -12.50000000000011 7.009618943232871 30
    vertex -10.00000000000006 11.33974596215534 30
    vertex -15.00000000000009 11.33974596215546 30
  endloop
endfacet
facet normal 0 0 1
  outer loop
    vertex -127.499328556691 7.009231285257511 30
    vertex -122.5 7.009618943232494 30
    vertex -124.9992166494729 11.33929369451741 30
  endloop
endfacet
facet normal 0 0 1
  outer loop
    vertex -134.9758280408782 11.32579027504909 30
    vertex -137.5 15.66987298107731 30
    vertex -140.75579413309 10.8981532871963 30
  endloop
endfacet
facet normal 0 0 1
  outer loop
    vertex -20.00000000000011 2.67949192431026 30
    vertex -15.00000000000008 2.679491924310274 30
    vertex -17.50000000000031 7.009618943233311 30
  endloop
endfacet
facet normal 0 0 1
  outer loop
    vertex -64.99999999999999 11.33974596215473 30
    vertex -60.00000000000003 11.33974596215523 30
    vertex -62.49999999999991 15.66987298107775 30
  endloop
endfacet
facet normal 0 0 1
  outer loop
    vertex -10.00000000000006 11.33974596215534 30
    vertex -12.50000000000011 7.009618943232871 30
    vertex -7.500000000000148 7.009618943232595 30
  endloop
endfacet
facet normal 0 0 1
  outer loop
    vertex -134.9758280408782 11.32579027504909 30
    vertex -129.9959713401464 11.33742001430416 30
    vertex -132.4952998968374 15.66715937525137 30
  endloop
endfacet
facet normal 0 -0 1
  outer loop
    vertex 2.499999999999922 7.009618943232926 30
    vertex 4.999999999999964 11.33974596215553 30
    vertex -8.023211724624464e-14 11.33974596215551 30
  endloop
endfacet
facet normal 0 0 1
  outer loop
    vertex -70.00000000000003 20 30
    vertex -72.50000000000003 15.66987298107708 30
    vertex -67.49999999999987 15.66987298107682 30
  endloop
endfacet
facet normal 0 -0 1
  outer loop
    vertex -129.9959713401464 11.33742001430416 30
    vertex -127.5 15.66987298107765 30
    vertex -132.4952998968374 15.66715937525137 30
  endloop
endfacet
facet normal -0 0 1
  outer loop
    vertex 4.999999999999965 2.679491924310428 30
    vertex 9.999999999999968 2.679491924310427 30
    vertex 7.499999999999962 7.009618943233232 30
  endloop
endfacet
facet normal 0 0 1
  outer loop
    vertex -44.99999999999999 11.33974596215496 30
    vertex -42.50000000000002 7.009618943232345 30
    vertex -39.99999999999982 11.3397459621546 30
  endloop
endfacet
facet normal -0 0 1
  outer loop
    vertex -94.99999999999991 11.33974596215492 30
    vertex -89.99999999999991 11.33974596215478 30
    vertex -92.49999999999996 15.66987298107748 30
  endloop
endfacet
facet normal 0 0 1
  outer loop
    vertex -137.5 15.66987298107731 30
    vertex -134.9758280408782 11.32579027504909 30
    vertex -132.4952998968374 15.66715937525137 30
  endloop
endfacet
facet normal 0 0 1
  outer loop
    vertex -5.000000000000101 2.679491924310355 30
    vertex -7.675341843575248e-14 2.679491924310398 30
    vertex -2.500000000000285 7.009618943233324 30
  endloop
endfacet
facet normal 0 0 1
  outer loop
    vertex 17.49999999999995 15.66987298107743 30
    vertex 12.49999999999996 15.66987298107759 30
    vertex 14.99999999999995 11.3397459621549 30
  endloop
endfacet
facet normal 0 0 1
  outer loop
    vertex -140 20 30
    vertex -145 20 30
    vertex -142.5346066236301 15.76709609464696 30
  endloop
endfacet
facet normal 0 0 1
  outer loop
    vertex -27.50000000000012 7.009618943232827 30
    vertex -30.00000000000009 11.33974596215545 30
    vertex -32.50000000000027 7.009618943233161 30
  endloop
endfacet
facet normal 0 -0 1
  outer loop
    vertex -75.00000000000009 11.3397459621542 30
    vertex -72.50000000000003 15.66987298107708 30
    vertex -77.5000000000001 15.66987298107696 30
  endloop
endfacet
facet normal 0 0 1
  outer loop
    vertex -72.50000000000003 15.66987298107708 30
    vertex -75.00000000000003 20 30
    vertex -77.5000000000001 15.66987298107696 30
  endloop
endfacet
facet normal 0 0 1
  outer loop
    vertex 22.49999999999994 15.66987298107738 30
    vertex 17.49999999999995 15.66987298107743 30
    vertex 19.99999999999994 11.3397459621549 30
  endloop
endfacet
facet normal 0 0 1
  outer loop
    vertex 19.99999999999994 11.3397459621549 30
    vertex 17.49999999999995 15.66987298107743 30
    vertex 14.99999999999995 11.3397459621549 30
  endloop
endfacet
facet normal 0 0 1
  outer loop
    vertex 24.99999999999993 11.33974596215483 30
    vertex 22.49999999999994 15.66987298107738 30
    vertex 19.99999999999994 11.3397459621549 30
  endloop
endfacet
facet normal -0 0 1
  outer loop
    vertex -44.99999999999999 11.33974596215496 30
    vertex -39.99999999999982 11.3397459621546 30
    vertex -42.49999999999998 15.6698729810775 30
  endloop
endfacet
facet normal 0 0 1
  outer loop
    vertex 29.99999999999997 20 30
    vertex 24.99999999999997 20 30
    vertex 27.49999999999994 15.66987298107739 30
  endloop
endfacet
facet normal 0 -0 1
  outer loop
    vertex -62.50000000000007 7.009618943232188 30
    vertex -60.00000000000003 11.33974596215523 30
    vertex -64.99999999999999 11.33974596215473 30
  endloop
endfacet
facet normal 0 0 1
  outer loop
    vertex 34.99999999999997 20 30
    vertex 29.99999999999997 20 30
    vertex 32.49999999999995 15.66987298107738 30
  endloop
endfacet
facet normal 0 -0 1
  outer loop
    vertex -140.75579413309 10.8981532871963 30
    vertex -137.5 15.66987298107731 30
    vertex -142.5346066236301 15.76709609464696 30
  endloop
endfacet
facet normal 0 0 1
  outer loop
    vertex -12.50000000000011 7.009618943232871 30
    vertex -15.00000000000009 11.33974596215546 30
    vertex -17.50000000000031 7.009618943233311 30
  endloop
endfacet
facet normal 0 -0 1
  outer loop
    vertex -30.00000000000009 2.679491924310189 30
    vertex -27.50000000000012 7.009618943232827 30
    vertex -32.50000000000027 7.009618943233161 30
  endloop
endfacet
facet normal 0 0 1
  outer loop
    vertex 32.49999999999995 15.66987298107738 30
    vertex 29.99999999999997 20 30
    vertex 27.49999999999994 15.66987298107739 30
  endloop
endfacet
facet normal -0 0 1
  outer loop
    vertex 72.49999999999994 15.66987298107773 30
    vertex 74.99999999999987 11.33974596215536 30
    vertex 77.49999999999993 15.6698729810778 30
  endloop
endfacet
facet normal 0 -0 1
  outer loop
    vertex -80.00000000000006 11.33974596215437 30
    vertex -77.5000000000001 15.66987298107696 30
    vertex -82.50000000000001 15.66987298107715 30
  endloop
endfacet
facet normal 0 0 1
  outer loop
    vertex 2.499999999999922 7.009618943232926 30
    vertex -8.023211724624464e-14 11.33974596215551 30
    vertex -2.500000000000285 7.009618943233324 30
  endloop
endfacet
facet normal -0 0 1
  outer loop
    vertex -67.49999999999987 15.66987298107682 30
    vertex -64.99999999999999 11.33974596215473 30
    vertex -62.49999999999991 15.66987298107775 30
  endloop
endfacet
facet normal 0 -0 1
  outer loop
    vertex -15.00000000000008 2.679491924310274 30
    vertex -12.50000000000011 7.009618943232871 30
    vertex -17.50000000000031 7.009618943233311 30
  endloop
endfacet
facet normal -0 0 1
  outer loop
    vertex -109.9999999999998 11.33974596215449 30
    vertex -107.4999999999999 7.009618943232477 30
    vertex -104.9999999999999 11.33974596215529 30
  endloop
endfacet
facet normal 0 0 1
  outer loop
    vertex 47.49999999999996 7.00961894323287 30
    vertex 45.00000000000004 11.33974596215547 30
    vertex 42.49999999999997 7.009618943232867 30
  endloop
endfacet
facet normal 0 0 1
  outer loop
    vertex -77.5000000000001 15.66987298107696 30
    vertex -80.00000000000003 20 30
    vertex -82.50000000000001 15.66987298107715 30
  endloop
endfacet
facet normal 0 0 1
  outer loop
    vertex 45.00000000000004 11.33974596215547 30
    vertex 39.99999999999997 11.33974596215521 30
    vertex 42.49999999999997 7.009618943232867 30
  endloop
endfacet
facet normal 0 -0 1
  outer loop
    vertex -7.675341843575248e-14 2.679491924310398 30
    vertex 2.499999999999922 7.009618943232926 30
    vertex -2.500000000000285 7.009618943233324 30
  endloop
endfacet
facet normal 0 0 1
  outer loop
    vertex 52.49999999999994 15.66987298107762 30
    vertex 47.49999999999998 15.66987298107763 30
    vertex 49.99999999999996 11.33974596215514 30
  endloop
endfacet
facet normal 0 0 1
  outer loop
    vertex -137.5 15.66987298107731 30
    vertex -140 20 30
    vertex -142.5346066236301 15.76709609464696 30
  endloop
endfacet
facet normal 0 0 1
  outer loop
    vertex 37.49999999999997 15.6698729810777 30
    vertex 34.99999999999993 11.33974596215487 30
    vertex 39.99999999999997 11.33974596215521 30
  endloop
endfacet
facet normal 0 0 1
  outer loop
    vertex 39.99999999999997 11.33974596215521 30
    vertex 37.49999999999994 7.009618943232709 30
    vertex 42.49999999999997 7.009618943232867 30
  endloop
endfacet
facet normal -0 0 1
  outer loop
    vertex -39.99999999999982 11.3397459621546 30
    vertex -37.50000000000001 7.009618943232635 30
    vertex -34.99999999999996 11.33974596215539 30
  endloop
endfacet
facet normal 0 0 1
  outer loop
    vertex -17.50000000000031 7.009618943233311 30
    vertex -20.00000000000012 11.33974596215531 30
    vertex -22.50000000000016 7.009618943232512 30
  endloop
endfacet
facet normal 0 -0 1
  outer loop
    vertex -122.5 7.009618943232494 30
    vertex -120 11.3397459621549 30
    vertex -124.9992166494729 11.33929369451741 30
  endloop
endfacet
facet normal -0 0 1
  outer loop
    vertex -129.9959713401464 11.33742001430416 30
    vertex -127.499328556691 7.009231285257511 30
    vertex -124.9992166494729 11.33929369451741 30
  endloop
endfacet
facet normal 0 0 1
  outer loop
    vertex -37.50000000000001 7.009618943232635 30
    vertex -32.50000000000027 7.009618943233161 30
    vertex -34.99999999999996 11.33974596215539 30
  endloop
endfacet
facet normal 0 0 1
  outer loop
    vertex 64.99999999999994 2.679491924310801 30
    vertex 69.99999999999994 2.679491924310851 30
    vertex 67.49999999999989 7.009618943233306 30
  endloop
endfacet
facet normal 0 0 1
  outer loop
    vertex -120 11.3397459621549 30
    vertex -122.5 15.66987298107773 30
    vertex -124.9992166494729 11.33929369451741 30
  endloop
endfacet
facet normal -0 0 1
  outer loop
    vertex 52.49999999999994 15.66987298107762 30
    vertex 54.99999999999991 11.33974596215526 30
    vertex 57.49999999999993 15.66987298107769 30
  endloop
endfacet
facet normal 0 0 1
  outer loop
    vertex -2.500000000000285 7.009618943233324 30
    vertex -5.000000000000111 11.33974596215534 30
    vertex -7.500000000000148 7.009618943232595 30
  endloop
endfacet
facet normal 0 0 1
  outer loop
    vertex 4.999999999999964 11.33974596215553 30
    vertex 2.499999999999922 7.009618943232926 30
    vertex 7.499999999999962 7.009618943233232 30
  endloop
endfacet
facet normal -0 0 1
  outer loop
    vertex 2.499999999999922 7.009618943232926 30
    vertex 4.999999999999965 2.679491924310428 30
    vertex 7.499999999999962 7.009618943233232 30
  endloop
endfacet
facet normal 0 0 1
  outer loop
    vertex 54.99999999999991 11.33974596215526 30
    vertex 59.99999999999989 11.33974596215537 30
    vertex 57.49999999999993 15.66987298107769 30
  endloop
endfacet
facet normal 0 0 1
  outer loop
    vertex -65.00000000000003 20 30
    vertex -67.49999999999987 15.66987298107682 30
    vertex -62.49999999999991 15.66987298107775 30
  endloop
endfacet
facet normal 0 -0 1
  outer loop
    vertex 62.49999999999989 7.009618943232941 30
    vertex 64.99999999999991 11.33974596215561 30
    vertex 59.99999999999989 11.33974596215537 30
  endloop
endfacet
facet normal 0 0 1
  outer loop
    vertex 79.99999999999977 11.33974596215564 30
    vertex 77.49999999999986 7.009618943233081 30
    vertex 82.49999999999984 7.009618943233173 30
  endloop
endfacet
facet normal -0 0 1
  outer loop
    vertex 57.49999999999993 15.66987298107769 30
    vertex 59.99999999999989 11.33974596215537 30
    vertex 62.49999999999994 15.66987298107778 30
  endloop
endfacet
facet normal 0 0 1
  outer loop
    vertex 9.999999999999972 11.33974596215561 30
    vertex 12.49999999999995 7.009618943232631 30
    vertex 14.99999999999995 11.3397459621549 30
  endloop
endfacet
facet normal 0 0 1
  outer loop
    vertex 37.49999999999997 15.6698729810777 30
    vertex 34.99999999999997 20 30
    vertex 32.49999999999995 15.66987298107738 30
  endloop
endfacet
facet normal 0 0 1
  outer loop
    vertex -37.49999999999996 15.66987298107761 30
    vertex -39.99999999999982 11.3397459621546 30
    vertex -34.99999999999996 11.33974596215539 30
  endloop
endfacet
facet normal 0 0 1
  outer loop
    vertex 7.499999999999962 7.009618943233232 30
    vertex 9.999999999999968 2.679491924310427 30
    vertex 12.49999999999995 7.009618943232631 30
  endloop
endfacet
facet normal 0 0 1
  outer loop
    vertex 39.99999999999997 11.33974596215521 30
    vertex 34.99999999999993 11.33974596215487 30
    vertex 37.49999999999994 7.009618943232709 30
  endloop
endfacet
facet normal 0 0 1
  outer loop
    vertex 9.999999999999972 11.33974596215561 30
    vertex 7.499999999999962 7.009618943233232 30
    vertex 12.49999999999995 7.009618943232631 30
  endloop
endfacet
facet normal 0 -0 1
  outer loop
    vertex 34.99999999999993 11.33974596215487 30
    vertex 37.49999999999997 15.6698729810777 30
    vertex 32.49999999999995 15.66987298107738 30
  endloop
endfacet
facet normal 0 0 1
  outer loop
    vertex 12.49999999999996 15.66987298107759 30
    vertex 9.999999999999972 11.33974596215561 30
    vertex 14.99999999999995 11.3397459621549 30
  endloop
endfacet
facet normal 0 0 1
  outer loop
    vertex 54.99999999999991 11.33974596215526 30
    vertex 52.49999999999994 15.66987298107762 30
    vertex 49.99999999999996 11.33974596215514 30
  endloop
endfacet
facet normal -0 0 1
  outer loop
    vertex 22.49999999999994 15.66987298107738 30
    vertex 24.99999999999993 11.33974596215483 30
    vertex 27.49999999999994 15.66987298107739 30
  endloop
endfacet
facet normal 0 0 1
  outer loop
    vertex -127.5 15.66987298107765 30
    vertex -129.9959713401464 11.33742001430416 30
    vertex -124.9992166494729 11.33929369451741 30
  endloop
endfacet
facet normal 0 -0 1
  outer loop
    vertex -35.00000000000011 2.679491924310181 30
    vertex -32.50000000000027 7.009618943233161 30
    vertex -37.50000000000001 7.009618943232635 30
  endloop
endfacet
facet normal 0 0 1
  outer loop
    vertex 59.99999999999989 11.33974596215537 30
    vertex 64.99999999999991 11.33974596215561 30
    vertex 62.49999999999994 15.66987298107778 30
  endloop
endfacet
facet normal 0 0 1
  outer loop
    vertex 24.99999999999997 20 30
    vertex 22.49999999999994 15.66987298107738 30
    vertex 27.49999999999994 15.66987298107739 30
  endloop
endfacet
facet normal 0 0 1
  outer loop
    vertex -107.5 15.66987298107765 30
    vertex -109.9999999999998 11.33974596215449 30
    vertex -104.9999999999999 11.33974596215529 30
  endloop
endfacet
facet normal 0 0 1
  outer loop
    vertex -134.9771778497762 -5.967585738958826 30
    vertex -132.5000000000005 -10.31088913245663 30
    vertex -129.9961963082962 -5.97856605110507 30
  endloop
endfacet
facet normal 0 -0 1
  outer loop
    vertex -20.00000000000011 2.67949192431026 30
    vertex -17.50000000000031 7.009618943233311 30
    vertex -22.50000000000016 7.009618943232512 30
  endloop
endfacet
facet normal 0 -0 1
  outer loop
    vertex 137.5000000000001 7.009618943233479 30
    vertex 140.03696727419 11.50438754366335 30
    vertex 134.9982152230193 11.37177384482806 30
  endloop
endfacet
facet normal 0 -0 1
  outer loop
    vertex -5.000000000000101 2.679491924310355 30
    vertex -2.500000000000285 7.009618943233324 30
    vertex -7.500000000000148 7.009618943232595 30
  endloop
endfacet
facet normal -0 0 1
  outer loop
    vertex 87.4999999999999 15.66987298107776 30
    vertex 89.99999999999986 11.3397459621555 30
    vertex 92.49999999999994 15.66987298107779 30
  endloop
endfacet
facet normal 0 0 1
  outer loop
    vertex 140.03696727419 11.50438754366335 30
    vertex 137.4591349119362 15.69346645067198 30
    vertex 134.9982152230193 11.37177384482806 30
  endloop
endfacet
facet normal 0 0 1
  outer loop
    vertex -129.9961963082962 -5.97856605110507 30
    vertex -132.5000000000005 -10.31088913245663 30
    vertex -127.4993660513829 -10.02859322472037 30
  endloop
endfacet
facet normal 0 0 1
  outer loop
    vertex 84.9999999999998 11.3397459621554 30
    vertex 79.99999999999977 11.33974596215564 30
    vertex 82.49999999999984 7.009618943233173 30
  endloop
endfacet
facet normal 0 0 1
  outer loop
    vertex 67.49999999999989 7.009618943233306 30
    vertex 69.99999999999994 2.679491924310851 30
    vertex 72.49999999999987 7.009618943233029 30
  endloop
endfacet
facet normal 0 0 1
  outer loop
    vertex -125.0000000000001 -5.980762113534288 30
    vertex -127.4993660513829 -10.02859322472037 30
    vertex -122.7025226986364 -10.21214854122188 30
  endloop
endfacet
facet normal 0 0 1
  outer loop
    vertex -89.99999999999991 11.33974596215478 30
    vertex -92.49999999999991 7.00961894323224 30
    vertex -87.49999999999989 7.009618943232092 30
  endloop
endfacet
facet normal 0 0 1
  outer loop
    vertex 84.9999999999998 11.3397459621554 30
    vertex 89.99999999999986 11.3397459621555 30
    vertex 87.4999999999999 15.66987298107776 30
  endloop
endfacet
facet normal 0 0 1
  outer loop
    vertex 64.99999999999991 11.33974596215561 30
    vertex 62.49999999999989 7.009618943232941 30
    vertex 67.49999999999989 7.009618943233306 30
  endloop
endfacet
facet normal 0 0 1
  outer loop
    vertex 45.00000000000004 11.33974596215547 30
    vertex 47.49999999999996 7.00961894323287 30
    vertex 49.99999999999996 11.33974596215514 30
  endloop
endfacet
facet normal 0 0 1
  outer loop
    vertex 122.5 -10.02895923512397 30
    vertex 120 -5.980762113533025 30
    vertex 117.3616020674627 -10.58594894947376 30
  endloop
endfacet
facet normal 0 0 1
  outer loop
    vertex -117.5 -1.650635094612198 30
    vertex -122.5000000000001 -1.65063509461211 30
    vertex -120.0542366196166 -6.017775840185632 30
  endloop
endfacet
facet normal -0 0 1
  outer loop
    vertex 62.49999999999989 7.009618943232941 30
    vertex 64.99999999999994 2.679491924310801 30
    vertex 67.49999999999989 7.009618943233306 30
  endloop
endfacet
facet normal 0 0 1
  outer loop
    vertex 82.4999999999999 15.66987298107781 30
    vertex 84.9999999999998 11.3397459621554 30
    vertex 87.4999999999999 15.66987298107776 30
  endloop
endfacet
facet normal 0 0 1
  outer loop
    vertex -125.0000000000001 -5.980762113534288 30
    vertex -129.9961963082962 -5.97856605110507 30
    vertex -127.4993660513829 -10.02859322472037 30
  endloop
endfacet
facet normal 0 0 1
  outer loop
    vertex 47.49999999999998 15.66987298107763 30
    vertex 45.00000000000004 11.33974596215547 30
    vertex 49.99999999999996 11.33974596215514 30
  endloop
endfacet
facet normal -0 0 1
  outer loop
    vertex -89.99999999999996 2.679491924309724 30
    vertex -84.99999999999997 2.679491924309716 30
    vertex -87.49999999999989 7.009618943232092 30
  endloop
endfacet
facet normal 0 0 1
  outer loop
    vertex 72.49999999999994 15.66987298107773 30
    vertex 69.99999999999994 11.3397459621556 30
    vertex 74.99999999999987 11.33974596215536 30
  endloop
endfacet
facet normal 0 0 1
  outer loop
    vertex -145.5185193752228 7.933628273532484 30
    vertex -150 5 30
    vertex -144.9092775063631 2.59221219739502 30
  endloop
endfacet
facet normal 0 0 1
  outer loop
    vertex 120 -5.980762113533025 30
    vertex 114.9999999999999 -5.980762113533136 30
    vertex 117.3616020674627 -10.58594894947376 30
  endloop
endfacet
facet normal 0 0 1
  outer loop
    vertex -150 5 30
    vertex -150 0 30
    vertex -144.9092775063631 2.59221219739502 30
  endloop
endfacet
facet normal 0 0 1
  outer loop
    vertex 74.99999999999987 11.33974596215536 30
    vertex 79.99999999999977 11.33974596215564 30
    vertex 77.49999999999993 15.6698729810778 30
  endloop
endfacet
facet normal 0 0 1
  outer loop
    vertex -92.49999999999991 7.00961894323224 30
    vertex -89.99999999999996 2.679491924309724 30
    vertex -87.49999999999989 7.009618943232092 30
  endloop
endfacet
facet normal 0 0 1
  outer loop
    vertex -97.50000000000001 -1.650635094612459 30
    vertex -100 -5.980762113534647 30
    vertex -94.99999999999997 -5.980762113534702 30
  endloop
endfacet
facet normal 0 0 1
  outer loop
    vertex 99.99999999999991 11.33974596215558 30
    vertex 105 11.33974596215565 30
    vertex 102.5 15.66987298107781 30
  endloop
endfacet
facet normal -0 0 1
  outer loop
    vertex 94.99999999999986 11.33974596215554 30
    vertex 97.49999999999989 7.009618943233311 30
    vertex 99.99999999999991 11.33974596215558 30
  endloop
endfacet
facet normal 0 0 1
  outer loop
    vertex 69.99999999999994 11.3397459621556 30
    vertex 67.49999999999989 7.009618943233306 30
    vertex 72.49999999999987 7.009618943233029 30
  endloop
endfacet
facet normal 0 0 1
  outer loop
    vertex 94.99999999999986 11.33974596215554 30
    vertex 92.4999999999999 7.00961894323323 30
    vertex 97.49999999999989 7.009618943233311 30
  endloop
endfacet
facet normal 0 0 1
  outer loop
    vertex -92.5 -1.650635094612513 30
    vertex -97.50000000000001 -1.650635094612459 30
    vertex -94.99999999999997 -5.980762113534702 30
  endloop
endfacet
facet normal 0 -0 1
  outer loop
    vertex -117.5 7.009618943232276 30
    vertex -115 11.33974596215476 30
    vertex -120 11.3397459621549 30
  endloop
endfacet
facet normal 0 0 1
  outer loop
    vertex -115 -5.980762113534436 30
    vertex -117.5 -1.650635094612198 30
    vertex -120.0542366196166 -6.017775840185632 30
  endloop
endfacet
facet normal 0 0 1
  outer loop
    vertex 89.99999999999986 11.3397459621555 30
    vertex 94.99999999999986 11.33974596215554 30
    vertex 92.49999999999994 15.66987298107779 30
  endloop
endfacet
facet normal 0 0 1
  outer loop
    vertex -97.50000000000001 -10.15365671298188 30
    vertex -100 -5.980762113534647 30
    vertex -102.5000000000001 -10.16084303149635 30
  endloop
endfacet
facet normal 0 -0 1
  outer loop
    vertex 102.4999999999999 7.009618943233368 30
    vertex 105 11.33974596215565 30
    vertex 99.99999999999991 11.33974596215558 30
  endloop
endfacet
facet normal 0 0 1
  outer loop
    vertex 49.99999999999993 2.679491924310563 30
    vertex 54.99999999999994 2.679491924310601 30
    vertex 52.49999999999989 7.00961894323288 30
  endloop
endfacet
facet normal -0 0 1
  outer loop
    vertex 97.49999999999996 15.66987298107781 30
    vertex 99.99999999999991 11.33974596215558 30
    vertex 102.5 15.66987298107781 30
  endloop
endfacet
facet normal 0 0 1
  outer loop
    vertex -94.99999999999997 -5.980762113534702 30
    vertex -100 -5.980762113534647 30
    vertex -97.50000000000001 -10.15365671298188 30
  endloop
endfacet
facet normal 0 0 1
  outer loop
    vertex 97.49999999999996 15.66987298107781 30
    vertex 94.99999999999986 11.33974596215554 30
    vertex 99.99999999999991 11.33974596215558 30
  endloop
endfacet
facet normal -0 0 1
  outer loop
    vertex 115 11.33974596215561 30
    vertex 117.4999999999999 7.009618943233432 30
    vertex 119.9999999999999 11.33974596215564 30
  endloop
endfacet
facet normal 0 -0 1
  outer loop
    vertex -17.50000000000031 7.009618943233311 30
    vertex -15.00000000000009 11.33974596215546 30
    vertex -20.00000000000012 11.33974596215531 30
  endloop
endfacet
facet normal -0 0 1
  outer loop
    vertex 37.49999999999997 15.6698729810777 30
    vertex 39.99999999999997 11.33974596215521 30
    vertex 42.5 15.66987298107775 30
  endloop
endfacet
facet normal 0 0 1
  outer loop
    vertex -64.99999999999997 -5.954556710288813 30
    vertex -67.5 -10.15365671298189 30
    vertex -62.49999999999996 -10.15970611791669 30
  endloop
endfacet
facet normal 0 0 1
  outer loop
    vertex 99.99999999999996 2.679491924311139 30
    vertex 105 2.679491924311219 30
    vertex 102.4999999999999 7.009618943233368 30
  endloop
endfacet
facet normal 0 0 1
  outer loop
    vertex -122.5000000000001 -1.65063509461211 30
    vertex -125.0000000000001 -5.980762113534288 30
    vertex -120.0542366196166 -6.017775840185632 30
  endloop
endfacet
facet normal 0 0 1
  outer loop
    vertex 62.49999999999989 7.009618943232941 30
    vertex 59.99999999999989 11.33974596215537 30
    vertex 57.49999999999986 7.009618943232891 30
  endloop
endfacet
facet normal 0 -0 1
  outer loop
    vertex -2.500000000000285 7.009618943233324 30
    vertex -8.023211724624464e-14 11.33974596215551 30
    vertex -5.000000000000111 11.33974596215534 30
  endloop
endfacet
facet normal 0 0 1
  outer loop
    vertex 99.99999999999997 -5.980762113533239 30
    vertex 95.00000000000001 -5.980762113533292 30
    vertex 97.50000000000001 -10.0289592351242 30
  endloop
endfacet
facet normal 0 0 1
  outer loop
    vertex 84.9999999999998 11.3397459621554 30
    vertex 82.4999999999999 15.66987298107781 30
    vertex 79.99999999999977 11.33974596215564 30
  endloop
endfacet
facet normal 0 -0 1
  outer loop
    vertex 54.99999999999994 2.679491924310601 30
    vertex 57.49999999999986 7.009618943232891 30
    vertex 52.49999999999989 7.00961894323288 30
  endloop
endfacet
facet normal -0 0 1
  outer loop
    vertex -69.99999999999999 -5.980762113534682 30
    vertex -67.5 -10.15365671298189 30
    vertex -64.99999999999997 -5.954556710288813 30
  endloop
endfacet
facet normal -0 0 1
  outer loop
    vertex -84.99999999999997 2.679491924309716 30
    vertex -80.00000000000003 2.679491924309675 30
    vertex -82.49999999999997 7.009618943231979 30
  endloop
endfacet
facet normal 0 -0 1
  outer loop
    vertex 122.4999999999999 -1.650635094610803 30
    vertex 124.9999999999999 2.679491924311411 30
    vertex 119.9999999999999 2.679491924311321 30
  endloop
endfacet
facet normal 0 0 1
  outer loop
    vertex 54.99999999999994 2.679491924310601 30
    vertex 59.99999999999994 2.679491924310646 30
    vertex 57.49999999999986 7.009618943232891 30
  endloop
endfacet
facet normal 0 0 1
  outer loop
    vertex -132.5 -1.650635094611945 30
    vertex -134.9771778497762 -5.967585738958826 30
    vertex -129.9961963082962 -5.97856605110507 30
  endloop
endfacet
facet normal -0 0 1
  outer loop
    vertex -134.9758280408782 11.32579027504909 30
    vertex -132.4999999999999 7.009618943232432 30
    vertex -129.9959713401464 11.33742001430416 30
  endloop
endfacet
facet normal 0 0 1
  outer loop
    vertex 122.4999999999999 -1.650635094610803 30
    vertex 127.4999999999999 -1.650635094610741 30
    vertex 124.9999999999999 2.679491924311411 30
  endloop
endfacet
facet normal 0 -0 1
  outer loop
    vertex 59.99999999999994 2.679491924310646 30
    vertex 62.49999999999989 7.009618943232941 30
    vertex 57.49999999999986 7.009618943232891 30
  endloop
endfacet
facet normal 0 0 1
  outer loop
    vertex 119.9999999999999 2.679491924311321 30
    vertex 124.9999999999999 2.679491924311411 30
    vertex 122.4999999999999 7.009618943233505 30
  endloop
endfacet
facet normal -0 0 1
  outer loop
    vertex 67.29788587061091 -10.20637081932808 30
    vertex 72.38018834503723 -10.59667974183492 30
    vertex 69.94634570260803 -6.010974162908852 30
  endloop
endfacet
facet normal 0 0 1
  outer loop
    vertex 60.00000000000003 -5.980762113533741 30
    vertex 57.49999999999998 -1.65063509461158 30
    vertex 54.99999999999995 -5.980762113533803 30
  endloop
endfacet
facet normal 0 0 1
  outer loop
    vertex -127.5 -1.650635094612032 30
    vertex -132.5 -1.650635094611945 30
    vertex -129.9961963082962 -5.97856605110507 30
  endloop
endfacet
facet normal 0 0 1
  outer loop
    vertex 97.49999999999997 -1.650635094611088 30
    vertex 95.00000000000001 -5.980762113533292 30
    vertex 99.99999999999997 -5.980762113533239 30
  endloop
endfacet
facet normal 0 0 1
  outer loop
    vertex -122.7025226986364 -10.21214854122188 30
    vertex -127.4993660513829 -10.02859322472037 30
    vertex -125.0000000000002 -14.64101615137886 30
  endloop
endfacet
facet normal 0 0 1
  outer loop
    vertex 117.5 15.66987298107781 30
    vertex 112.5 15.66987298107783 30
    vertex 115 11.33974596215561 30
  endloop
endfacet
facet normal 0 -0 1
  outer loop
    vertex -115 2.679491924310005 30
    vertex -112.4999999999999 7.009618943232157 30
    vertex -117.5 7.009618943232276 30
  endloop
endfacet
facet normal 0 -0 1
  outer loop
    vertex 124.9999999999999 2.679491924311411 30
    vertex 127.4999999999999 7.00961894323357 30
    vertex 122.4999999999999 7.009618943233505 30
  endloop
endfacet
facet normal 0 0 1
  outer loop
    vertex -134.9771778497762 -5.967585738958826 30
    vertex -137.3630670986561 -1.571576847159904 30
    vertex -140.7768356725304 -5.610017518958729 30
  endloop
endfacet
facet normal 0 0 1
  outer loop
    vertex -134.9771778497762 -5.967585738958826 30
    vertex -140.7768356725304 -5.610017518958729 30
    vertex -137.5000000000003 -10.31088913245623 30
  endloop
endfacet
facet normal 0 0 1
  outer loop
    vertex 105 11.33974596215565 30
    vertex 110 11.33974596215566 30
    vertex 107.5 15.66987298107783 30
  endloop
endfacet
facet normal 0 0 1
  outer loop
    vertex -107.5 15.66987298107765 30
    vertex -110 20 30
    vertex -112.5 15.66987298107739 30
  endloop
endfacet
facet normal 0 -0 1
  outer loop
    vertex 94.99999999999986 11.33974596215554 30
    vertex 97.49999999999996 15.66987298107781 30
    vertex 92.49999999999994 15.66987298107779 30
  endloop
endfacet
facet normal 0 0 1
  outer loop
    vertex -112.5 -1.650635094612234 30
    vertex -117.5 -1.650635094612198 30
    vertex -115 -5.980762113534436 30
  endloop
endfacet
facet normal 0 -0 1
  outer loop
    vertex 77.49999999999986 7.009618943233081 30
    vertex 79.99999999999977 11.33974596215564 30
    vertex 74.99999999999987 11.33974596215536 30
  endloop
endfacet
facet normal 0 0 1
  outer loop
    vertex -87.49999999999989 7.009618943232092 30
    vertex -84.99999999999997 2.679491924309716 30
    vertex -82.49999999999997 7.009618943231979 30
  endloop
endfacet
facet normal 0 0 1
  outer loop
    vertex -97.50000000000003 15.66987298107782 30
    vertex -94.99999999999991 11.33974596215492 30
    vertex -92.49999999999996 15.66987298107748 30
  endloop
endfacet
facet normal -0 0 1
  outer loop
    vertex -117.5 7.009618943232276 30
    vertex -112.4999999999999 7.009618943232157 30
    vertex -115 11.33974596215476 30
  endloop
endfacet
facet normal -0 0 1
  outer loop
    vertex 137.5000000000001 7.009618943233479 30
    vertex 140.1258684360288 2.642648632586275 30
    vertex 142.5363454987912 7.131188202563226 30
  endloop
endfacet
facet normal 0 0 1
  outer loop
    vertex -69.99999999999999 -5.980762113534682 30
    vertex -75 -5.980762113534696 30
    vertex -72.5 -10.02895923512551 30
  endloop
endfacet
facet normal 0 -0 1
  outer loop
    vertex 57.50000000000006 -10.15365671298097 30
    vertex 60.00000000000003 -5.980762113533741 30
    vertex 54.99999999999995 -5.980762113533803 30
  endloop
endfacet
facet normal 0 0 1
  outer loop
    vertex 107.5 7.009618943233457 30
    vertex 105 11.33974596215565 30
    vertex 102.4999999999999 7.009618943233368 30
  endloop
endfacet
facet normal 0 0 1
  outer loop
    vertex 87.49999999999986 7.009618943233152 30
    vertex 92.4999999999999 7.00961894323323 30
    vertex 89.99999999999986 11.3397459621555 30
  endloop
endfacet
facet normal 0 0 1
  outer loop
    vertex 115 20 30
    vertex 112.5 15.66987298107783 30
    vertex 117.5 15.66987298107781 30
  endloop
endfacet
facet normal 0 -0 1
  outer loop
    vertex 89.99999999999993 2.679491924311008 30
    vertex 92.4999999999999 7.00961894323323 30
    vertex 87.49999999999986 7.009618943233152 30
  endloop
endfacet
facet normal 0 0 1
  outer loop
    vertex -67.49999999999987 15.66987298107682 30
    vertex -70.00000000000003 11.33974596215426 30
    vertex -64.99999999999999 11.33974596215473 30
  endloop
endfacet
facet normal -0 0 1
  outer loop
    vertex -59.99999999999996 -5.980762113534587 30
    vertex -57.50006666336734 -10.15415707060355 30
    vertex -55.00028906467369 -5.964848619706192 30
  endloop
endfacet
facet normal 0 0 1
  outer loop
    vertex 127.5 15.66987298107782 30
    vertex 125 20 30
    vertex 122.4999999999999 15.66987298107782 30
  endloop
endfacet
facet normal 0 0 1
  outer loop
    vertex -72.50000000000001 -1.650635094612513 30
    vertex -75 -5.980762113534696 30
    vertex -69.99999999999999 -5.980762113534682 30
  endloop
endfacet
facet normal 0 0 1
  outer loop
    vertex -129.9959713401464 11.33742001430416 30
    vertex -132.4999999999999 7.009618943232432 30
    vertex -127.499328556691 7.009231285257511 30
  endloop
endfacet
facet normal -0 0 1
  outer loop
    vertex -110 -5.980762113534468 30
    vertex -107.5000000000001 -10.3108891324567 30
    vertex -105 -5.955754430041138 30
  endloop
endfacet
facet normal 0 0 1
  outer loop
    vertex 44.99999999999997 20 30
    vertex 39.99999999999997 20 30
    vertex 42.5 15.66987298107775 30
  endloop
endfacet
facet normal 0 0 1
  outer loop
    vertex 39.99999999999997 20 30
    vertex 37.49999999999997 15.6698729810777 30
    vertex 42.5 15.66987298107775 30
  endloop
endfacet
facet normal 0 -0 1
  outer loop
    vertex -110 -19.99999999999999 30
    vertex -107.5 -15.6698729810778 30
    vertex -112.5048381605516 -15.81599078560476 30
  endloop
endfacet
facet normal -0 0 1
  outer loop
    vertex -112.4999999999999 7.009618943232157 30
    vertex -110 2.679491924309924 30
    vertex -107.4999999999999 7.009618943232477 30
  endloop
endfacet
facet normal 0 0 1
  outer loop
    vertex -90 -5.980762113534727 30
    vertex -92.5 -1.650635094612513 30
    vertex -94.99999999999997 -5.980762113534702 30
  endloop
endfacet
facet normal 0 0 1
  outer loop
    vertex -134.9771778497762 -5.967585738958826 30
    vertex -137.5000000000003 -10.31088913245623 30
    vertex -132.5000000000005 -10.31088913245663 30
  endloop
endfacet
facet normal 0 -0 1
  outer loop
    vertex 72.38018834503723 -10.59667974183492 30
    vertex 75.00000000000006 -5.980762113533576 30
    vertex 69.94634570260803 -6.010974162908852 30
  endloop
endfacet
facet normal -0 0 1
  outer loop
    vertex 47.49999999999996 7.00961894323287 30
    vertex 49.99999999999993 2.679491924310563 30
    vertex 52.49999999999989 7.00961894323288 30
  endloop
endfacet
facet normal 0 0 1
  outer loop
    vertex 127.5 15.66987298107782 30
    vertex 124.9999999999999 11.33974596215565 30
    vertex 129.9985673958347 11.34573931675649 30
  endloop
endfacet
facet normal 0 -0 1
  outer loop
    vertex 74.99999999999994 2.679491924310803 30
    vertex 77.49999999999986 7.009618943233081 30
    vertex 72.49999999999987 7.009618943233029 30
  endloop
endfacet
facet normal 0 0 1
  outer loop
    vertex -72.50000000000001 -1.650635094612513 30
    vertex -77.50000000000001 -1.650635094612523 30
    vertex -75 -5.980762113534696 30
  endloop
endfacet
facet normal -0 0 1
  outer loop
    vertex -120 2.679491924310089 30
    vertex -115 2.679491924310005 30
    vertex -117.5 7.009618943232276 30
  endloop
endfacet
facet normal -0 0 1
  outer loop
    vertex -122.7025226986364 -10.21214854122188 30
    vertex -117.6228970190631 -10.63171208359888 30
    vertex -120.0542366196166 -6.017775840185632 30
  endloop
endfacet
facet normal -0 0 1
  outer loop
    vertex -150 0 30
    vertex -145.5382111057654 -2.798563413602017 30
    vertex -144.9092775063631 2.59221219739502 30
  endloop
endfacet
facet normal 0 0 1
  outer loop
    vertex -107.5000000000001 -10.3108891324567 30
    vertex -102.5000000000001 -10.16084303149635 30
    vertex -105 -5.955754430041138 30
  endloop
endfacet
facet normal 0 0 1
  outer loop
    vertex -57.49999999999999 -1.650635094612375 30
    vertex -59.99999999999996 -5.980762113534587 30
    vertex -55.00028906467369 -5.964848619706192 30
  endloop
endfacet
facet normal 0 0 1
  outer loop
    vertex 130 20 30
    vertex 127.5 15.66987298107782 30
    vertex 132.4931891519893 15.67380522601021 30
  endloop
endfacet
facet normal 0 0 1
  outer loop
    vertex 115 11.33974596215561 30
    vertex 110 11.33974596215566 30
    vertex 112.4999999999999 7.009618943233415 30
  endloop
endfacet
facet normal 0 0 1
  outer loop
    vertex -107.5 -1.6506350946123 30
    vertex -110 -5.980762113534468 30
    vertex -105 -5.955754430041138 30
  endloop
endfacet
facet normal 0 0 1
  outer loop
    vertex 114.9999999999999 -5.980762113533136 30
    vertex 112.3178544797712 -10.20572736731963 30
    vertex 117.3616020674627 -10.58594894947376 30
  endloop
endfacet
facet normal 0 0 1
  outer loop
    vertex -39.99999999999982 11.3397459621546 30
    vertex -42.50000000000002 7.009618943232345 30
    vertex -37.50000000000001 7.009618943232635 30
  endloop
endfacet
facet normal -0 0 1
  outer loop
    vertex 89.99999999999986 11.3397459621555 30
    vertex 92.4999999999999 7.00961894323323 30
    vertex 94.99999999999986 11.33974596215554 30
  endloop
endfacet
facet normal 0 0 1
  outer loop
    vertex 127.4999999999999 7.00961894323357 30
    vertex 124.9999999999999 11.33974596215565 30
    vertex 122.4999999999999 7.009618943233505 30
  endloop
endfacet
facet normal 0 0 1
  outer loop
    vertex -69.99999999999999 -5.980762113534682 30
    vertex -72.5 -10.02895923512551 30
    vertex -67.5 -10.15365671298189 30
  endloop
endfacet
facet normal 0 0 1
  outer loop
    vertex -59.99999999999996 -5.980762113534587 30
    vertex -64.99999999999997 -5.954556710288813 30
    vertex -62.49999999999996 -10.15970611791669 30
  endloop
endfacet
facet normal 0 0 1
  outer loop
    vertex -50.00000000000004 11.33974596215524 30
    vertex -52.50000000000001 15.66987298107781 30
    vertex -55.00000000000003 11.33974596215517 30
  endloop
endfacet
facet normal 0 0 1
  outer loop
    vertex 32.49999999999999 -1.650635094611783 30
    vertex 27.49999999999998 -1.650635094611815 30
    vertex 29.99494040221588 -5.930852637169453 30
  endloop
endfacet
facet normal -0 0 1
  outer loop
    vertex 132.5 7.009618943233619 30
    vertex 137.5000000000001 7.009618943233479 30
    vertex 134.9982152230193 11.37177384482806 30
  endloop
endfacet
facet normal 0 0 1
  outer loop
    vertex 22.50000000000005 -10.31088913245622 30
    vertex 27.49846343604715 -10.15073100332813 30
    vertex 24.99890063971051 -5.945750845951918 30
  endloop
endfacet
facet normal 0 0 1
  outer loop
    vertex 67.29788587061091 -10.20637081932808 30
    vertex 62.50000000000007 -10.0289592351246 30
    vertex 65.00000000000017 -14.64101615137809 30
  endloop
endfacet
facet normal 0 0 1
  outer loop
    vertex -112.5 -1.650635094612234 30
    vertex -115 2.679491924310005 30
    vertex -117.5 -1.650635094612198 30
  endloop
endfacet
facet normal 0 0 1
  outer loop
    vertex -117.5 -1.650635094612198 30
    vertex -120 2.679491924310089 30
    vertex -122.5000000000001 -1.65063509461211 30
  endloop
endfacet
facet normal 0 0 1
  outer loop
    vertex -122.5 7.009618943232494 30
    vertex -120 2.679491924310089 30
    vertex -117.5 7.009618943232276 30
  endloop
endfacet
facet normal 0 0 1
  outer loop
    vertex 134.9999999999999 -5.980762113532842 30
    vertex 130 -5.980762113532917 30
    vertex 132.5 -10.31088913245509 30
  endloop
endfacet
facet normal 0 0 1
  outer loop
    vertex 97.50000000000001 -10.0289592351242 30
    vertex 92.50000000000003 -9.981970918902363 30
    vertex 95.00000000000001 -14.23534041392331 30
  endloop
endfacet
facet normal 0 0 1
  outer loop
    vertex 69.99999999999994 11.3397459621556 30
    vertex 64.99999999999991 11.33974596215561 30
    vertex 67.49999999999989 7.009618943233306 30
  endloop
endfacet
facet normal 0 0 1
  outer loop
    vertex 89.99494040221586 -5.921716020125682 30
    vertex 84.96964241329526 -5.955403766640498 30
    vertex 87.35798806904559 -10.56774679919392 30
  endloop
endfacet
facet normal 0 0 1
  outer loop
    vertex -39.99999999999998 -5.980762113534439 30
    vertex -44.99999999999999 -5.980762113534484 30
    vertex -42.68214552022867 -10.20572736732092 30
  endloop
endfacet
facet normal 0 0 1
  outer loop
    vertex -50.00000000000004 2.679491924309873 30
    vertex -45.00000000000004 2.679491924309906 30
    vertex -47.50000000000003 7.009618943232471 30
  endloop
endfacet
facet normal 0 -0 1
  outer loop
    vertex -65.00000000000004 2.679491924309749 30
    vertex -62.50000000000007 7.009618943232188 30
    vertex -67.50000000000006 7.009618943231978 30
  endloop
endfacet
facet normal 0 0 1
  outer loop
    vertex 117.4999999999999 -1.650635094610877 30
    vertex 114.9999999999999 -5.980762113533136 30
    vertex 120 -5.980762113533025 30
  endloop
endfacet
facet normal 0 0 1
  outer loop
    vertex -87.68214552022866 -10.15873905109922 30
    vertex -92.49999999999996 -10.02895923512551 30
    vertex -89.99999999999983 -14.6410161513791 30
  endloop
endfacet
facet normal 0 0 1
  outer loop
    vertex 115 11.33974596215561 30
    vertex 112.4999999999999 7.009618943233415 30
    vertex 117.4999999999999 7.009618943233432 30
  endloop
endfacet
facet normal 0 -0 1
  outer loop
    vertex 102.5 -1.650635094611018 30
    vertex 105 2.679491924311219 30
    vertex 99.99999999999996 2.679491924311139 30
  endloop
endfacet
facet normal -0 0 1
  outer loop
    vertex 69.99999999999994 2.679491924310851 30
    vertex 74.99999999999994 2.679491924310803 30
    vertex 72.49999999999987 7.009618943233029 30
  endloop
endfacet
facet normal 0 0 1
  outer loop
    vertex 40.00000000000003 -5.980762113533927 30
    vertex 35.00000000000001 -5.980762113533967 30
    vertex 37.31785447977135 -10.20572736732041 30
  endloop
endfacet
facet normal 0 0 1
  outer loop
    vertex 35.00000000000001 -5.980762113533967 30
    vertex 32.49999999999999 -1.650635094611783 30
    vertex 29.99494040221588 -5.930852637169453 30
  endloop
endfacet
facet normal 0 0 1
  outer loop
    vertex 132.5 7.009618943233619 30
    vertex 134.9999999999999 2.679491924311408 30
    vertex 137.5000000000001 7.009618943233479 30
  endloop
endfacet
facet normal 0 0 1
  outer loop
    vertex 37.49999999999999 -1.650635094611747 30
    vertex 35.00000000000001 -5.980762113533967 30
    vertex 40.00000000000003 -5.980762113533927 30
  endloop
endfacet
facet normal 0 0 1
  outer loop
    vertex -132.5 -1.650635094611945 30
    vertex -137.3630670986561 -1.571576847159904 30
    vertex -134.9771778497762 -5.967585738958826 30
  endloop
endfacet
facet normal 0 0 1
  outer loop
    vertex 65.00000000000004 -5.980762113533682 30
    vertex 67.29788587061091 -10.20637081932808 30
    vertex 69.94634570260803 -6.010974162908852 30
  endloop
endfacet
facet normal 0 0 1
  outer loop
    vertex 27.49999999999993 7.009618943232576 30
    vertex 32.49999999999994 7.009618943232606 30
    vertex 29.99999999999991 11.33974596215478 30
  endloop
endfacet
facet normal -0 0 1
  outer loop
    vertex 122.4999999999999 -1.650635094610803 30
    vertex 125 -5.980762113532958 30
    vertex 127.4999999999999 -1.650635094610741 30
  endloop
endfacet
facet normal 0 0 1
  outer loop
    vertex -32.5 15.66987298107775 30
    vertex -37.49999999999996 15.66987298107761 30
    vertex -34.99999999999996 11.33974596215539 30
  endloop
endfacet
facet normal 0 0 1
  outer loop
    vertex -47.50000000000003 15.66987298107781 30
    vertex -52.50000000000001 15.66987298107781 30
    vertex -50.00000000000004 11.33974596215524 30
  endloop
endfacet
facet normal 0 0 1
  outer loop
    vertex -97.50000000000003 15.66987298107782 30
    vertex -99.99999999999996 11.33974596215527 30
    vertex -94.99999999999991 11.33974596215492 30
  endloop
endfacet
facet normal 0 0 1
  outer loop
    vertex 117.5 15.66987298107781 30
    vertex 115 11.33974596215561 30
    vertex 119.9999999999999 11.33974596215564 30
  endloop
endfacet
facet normal 0 0 1
  outer loop
    vertex 77.5 -1.650635094611366 30
    vertex 74.99999999999994 2.679491924310803 30
    vertex 72.5 -1.650635094611411 30
  endloop
endfacet
facet normal 0 0 1
  outer loop
    vertex 47.49999999999998 -1.650635094611674 30
    vertex 42.49999999999999 -1.650635094611715 30
    vertex 44.97641945056044 -6.032444139997475 30
  endloop
endfacet
facet normal 0 -0 1
  outer loop
    vertex -45.00000000000004 2.679491924309906 30
    vertex -42.50000000000002 7.009618943232345 30
    vertex -47.50000000000003 7.009618943232471 30
  endloop
endfacet
facet normal 0 -0 1
  outer loop
    vertex 27.49846343604715 -10.15073100332813 30
    vertex 29.99494040221588 -5.930852637169453 30
    vertex 24.99890063971051 -5.945750845951918 30
  endloop
endfacet
facet normal 0 0 1
  outer loop
    vertex 42.5 15.66987298107775 30
    vertex 39.99999999999997 11.33974596215521 30
    vertex 45.00000000000004 11.33974596215547 30
  endloop
endfacet
facet normal 0 0 1
  outer loop
    vertex -42.68214552022867 -10.20572736732092 30
    vertex -47.53035758670474 -10.01143227426936 30
    vertex -44.99999999999991 -14.64101615137887 30
  endloop
endfacet
facet normal 0 0 1
  outer loop
    vertex -125.0000000000001 -5.980762113534288 30
    vertex -122.7025226986364 -10.21214854122188 30
    vertex -120.0542366196166 -6.017775840185632 30
  endloop
endfacet
facet normal 0 -0 1
  outer loop
    vertex 127.4999999999999 -1.650635094610741 30
    vertex 130 2.67949192431146 30
    vertex 124.9999999999999 2.679491924311411 30
  endloop
endfacet
facet normal 0 -0 1
  outer loop
    vertex 99.99999999999996 2.679491924311139 30
    vertex 102.4999999999999 7.009618943233368 30
    vertex 97.49999999999989 7.009618943233311 30
  endloop
endfacet
facet normal 0 0 1
  outer loop
    vertex 109.9999999999999 2.679491924311242 30
    vertex 107.5 7.009618943233457 30
    vertex 105 2.679491924311219 30
  endloop
endfacet
facet normal 0 0 1
  outer loop
    vertex 137.5000000000001 7.009618943233479 30
    vertex 142.5363454987912 7.131188202563226 30
    vertex 140.03696727419 11.50438754366335 30
  endloop
endfacet
facet normal 0 -0 1
  outer loop
    vertex 57.49999999999986 7.009618943232891 30
    vertex 59.99999999999989 11.33974596215537 30
    vertex 54.99999999999991 11.33974596215526 30
  endloop
endfacet
facet normal 0 0 1
  outer loop
    vertex 125 20 30
    vertex 120 20 30
    vertex 122.4999999999999 15.66987298107782 30
  endloop
endfacet
facet normal 0 0 1
  outer loop
    vertex 54.99999999999997 20 30
    vertex 52.49999999999994 15.66987298107762 30
    vertex 57.49999999999993 15.66987298107769 30
  endloop
endfacet
facet normal 0 -0 1
  outer loop
    vertex -55.00000000000003 -19.99999999999999 30
    vertex -52.63010394302052 -16.13312256329935 30
    vertex -57.50000000000006 -15.6698729810778 30
  endloop
endfacet
facet normal 0 -0 1
  outer loop
    vertex 54.99999999999997 -19.99999999999999 30
    vertex 57.36989605697948 -16.13312256329927 30
    vertex 52.49999999999996 -15.6698729810778 30
  endloop
endfacet
facet normal 0 -0 1
  outer loop
    vertex 110 11.33974596215566 30
    vertex 112.5 15.66987298107783 30
    vertex 107.5 15.66987298107783 30
  endloop
endfacet
facet normal 0 0 1
  outer loop
    vertex 82.5 -1.650635094611296 30
    vertex 77.5 -1.650635094611366 30
    vertex 80.00000000000006 -5.980762113533523 30
  endloop
endfacet
facet normal 0 0 1
  outer loop
    vertex 39.99999999999996 2.679491924310462 30
    vertex 44.99999999999995 2.679491924310502 30
    vertex 42.49999999999997 7.009618943232867 30
  endloop
endfacet
facet normal 0 0 1
  outer loop
    vertex -27.50000000000001 -1.650635094612176 30
    vertex -29.99999999999997 -5.980762113534382 30
    vertex -24.99999999999998 -5.980762113534347 30
  endloop
endfacet
facet normal 0 0 1
  outer loop
    vertex -42.50000000000001 -1.650635094612266 30
    vertex -44.99999999999999 -5.980762113534484 30
    vertex -39.99999999999998 -5.980762113534439 30
  endloop
endfacet
facet normal 0 0 1
  outer loop
    vertex -47.50000000000001 -1.650635094612305 30
    vertex -52.5 -1.650635094612338 30
    vertex -50.0050595977841 -5.930852637169956 30
  endloop
endfacet
facet normal -0 0 1
  outer loop
    vertex -80.00000000000003 2.679491924309675 30
    vertex -75.00000000000006 2.679491924309674 30
    vertex -77.50000000000007 7.009618943231871 30
  endloop
endfacet
facet normal 0 0 1
  outer loop
    vertex -92.5 -1.650635094612513 30
    vertex -94.99999999999997 2.679491924309721 30
    vertex -97.50000000000001 -1.650635094612459 30
  endloop
endfacet
facet normal -0 0 1
  outer loop
    vertex -125 2.679491924310136 30
    vertex -120 2.679491924310089 30
    vertex -122.5 7.009618943232494 30
  endloop
endfacet
facet normal 0 0 1
  outer loop
    vertex -59.99999999999996 -5.980762113534587 30
    vertex -62.49999999999996 -10.15970611791669 30
    vertex -57.50006666336734 -10.15415707060355 30
  endloop
endfacet
facet normal 0 0 1
  outer loop
    vertex -112.5 -10.31088913245663 30
    vertex -115 -5.980762113534436 30
    vertex -117.6228970190631 -10.63171208359888 30
  endloop
endfacet
facet normal 0 0 1
  outer loop
    vertex -72.5 -10.02895923512551 30
    vertex -77.31785447977127 -10.15873905109924 30
    vertex -75.00000000000003 -14.64101615137908 30
  endloop
endfacet
facet normal 0 0 1
  outer loop
    vertex 82.31785447977141 -10.15873905109806 30
    vertex 77.50000000000011 -10.02895923512444 30
    vertex 80.00000000000024 -14.64101615137791 30
  endloop
endfacet
facet normal 0 -0 1
  outer loop
    vertex 150 3.552713678800501e-15 30
    vertex 150 5.000000000000004 30
    vertex 145.5572848964095 2.546009995082843 30
  endloop
endfacet
facet normal 0 0 1
  outer loop
    vertex 42.49999999999999 -1.650635094611715 30
    vertex 40.00000000000003 -5.980762113533927 30
    vertex 44.97641945056044 -6.032444139997475 30
  endloop
endfacet
facet normal 0 -0 1
  outer loop
    vertex 29.99999999999996 2.679491924310399 30
    vertex 32.49999999999994 7.009618943232606 30
    vertex 27.49999999999993 7.009618943232576 30
  endloop
endfacet
facet normal 0 0 1
  outer loop
    vertex -97.50000000000001 -1.650635094612459 30
    vertex -99.99999999999999 2.679491924309783 30
    vertex -102.5 -1.650635094612366 30
  endloop
endfacet
facet normal 0 -0 1
  outer loop
    vertex 130 2.67949192431146 30
    vertex 132.5 7.009618943233619 30
    vertex 127.4999999999999 7.00961894323357 30
  endloop
endfacet
facet normal 0 0 1
  outer loop
    vertex -150 10 30
    vertex -150 5 30
    vertex -145.5185193752228 7.933628273532484 30
  endloop
endfacet
facet normal 0 0 1
  outer loop
    vertex -150 0 30
    vertex -150 -4.999999999999998 30
    vertex -145.5382111057654 -2.798563413602017 30
  endloop
endfacet
facet normal 0 0 1
  outer loop
    vertex 112.4999999999999 7.009618943233415 30
    vertex 107.5 7.009618943233457 30
    vertex 109.9999999999999 2.679491924311242 30
  endloop
endfacet
facet normal 0 0 1
  outer loop
    vertex 74.99999999999994 2.679491924310803 30
    vertex 79.99999999999991 2.679491924310855 30
    vertex 77.49999999999986 7.009618943233081 30
  endloop
endfacet
facet normal 0 -0 1
  outer loop
    vertex 67.5 -1.650635094611452 30
    vertex 69.99999999999994 2.679491924310851 30
    vertex 64.99999999999994 2.679491924310801 30
  endloop
endfacet
facet normal -0 0 1
  outer loop
    vertex 37.49999999999994 7.009618943232709 30
    vertex 39.99999999999996 2.679491924310462 30
    vertex 42.49999999999997 7.009618943232867 30
  endloop
endfacet
facet normal 0 -0 1
  outer loop
    vertex -67.5 -1.650635094612467 30
    vertex -65.00000000000004 2.679491924309749 30
    vertex -70.00000000000006 2.679491924309694 30
  endloop
endfacet
facet normal 0 0 1
  outer loop
    vertex -72.50000000000001 -1.650635094612513 30
    vertex -75.00000000000006 2.679491924309674 30
    vertex -77.50000000000001 -1.650635094612523 30
  endloop
endfacet
facet normal -0 0 1
  outer loop
    vertex -77.50000000000007 7.009618943231871 30
    vertex -75.00000000000006 2.679491924309674 30
    vertex -72.50000000000009 7.00961894323189 30
  endloop
endfacet
facet normal 0 0 1
  outer loop
    vertex -82.50000000000001 -1.65063509461253 30
    vertex -84.99999999999997 2.679491924309716 30
    vertex -87.5 -1.650635094612526 30
  endloop
endfacet
facet normal 0 0 1
  outer loop
    vertex -107.5 -1.6506350946123 30
    vertex -112.5 -1.650635094612234 30
    vertex -110 -5.980762113534468 30
  endloop
endfacet
facet normal 0 0 1
  outer loop
    vertex -24.99999999999998 -5.980762113534347 30
    vertex -29.99999999999997 -5.980762113534382 30
    vertex -27.49999999999995 -10.02895923512521 30
  endloop
endfacet
facet normal 0 0 1
  outer loop
    vertex -42.68214552022867 -10.20572736732092 30
    vertex -44.99999999999999 -5.980762113534484 30
    vertex -47.53035758670474 -10.01143227426936 30
  endloop
endfacet
facet normal 0 0 1
  outer loop
    vertex -72.5 -10.02895923512551 30
    vertex -75 -5.980762113534696 30
    vertex -77.31785447977127 -10.15873905109924 30
  endloop
endfacet
facet normal 0 0 1
  outer loop
    vertex 122.4999999999999 -1.650635094610803 30
    vertex 120 -5.980762113533025 30
    vertex 125 -5.980762113532958 30
  endloop
endfacet
facet normal 0 0 1
  outer loop
    vertex 69.99999999999994 11.3397459621556 30
    vertex 72.49999999999987 7.009618943233029 30
    vertex 74.99999999999987 11.33974596215536 30
  endloop
endfacet
facet normal 0 -0 1
  outer loop
    vertex 150 10 30
    vertex 150 15 30
    vertex 145.4715137627961 12.040871904713 30
  endloop
endfacet
facet normal -0 0 1
  outer loop
    vertex 112.5 -1.650635094610962 30
    vertex 114.9999999999999 -5.980762113533136 30
    vertex 117.4999999999999 -1.650635094610877 30
  endloop
endfacet
facet normal -0 0 1
  outer loop
    vertex -105 2.679491924309858 30
    vertex -99.99999999999999 2.679491924309783 30
    vertex -102.4999999999999 7.009618943232522 30
  endloop
endfacet
facet normal 0 -0 1
  outer loop
    vertex 22.49999999999993 7.009618943232553 30
    vertex 24.99999999999993 11.33974596215483 30
    vertex 19.99999999999994 11.3397459621549 30
  endloop
endfacet
facet normal 0 0 1
  outer loop
    vertex -24.99999999999998 -5.980762113534347 30
    vertex -27.49999999999995 -10.02895923512521 30
    vertex -22.49999999999994 -10.15365671298153 30
  endloop
endfacet
facet normal 0 -0 1
  outer loop
    vertex 150 -9.999999999999993 30
    vertex 150 -4.999999999999995 30
    vertex 145.3147126805976 -6.781550074223435 30
  endloop
endfacet
facet normal 0 0 1
  outer loop
    vertex -47.50000000000003 15.66987298107781 30
    vertex -50.00000000000003 20 30
    vertex -52.50000000000001 15.66987298107781 30
  endloop
endfacet
facet normal 0 0 1
  outer loop
    vertex -142.5319133027054 -15.4067642926569 30
    vertex -140 -19.99999999999999 30
    vertex -137.5 -15.66987298107781 30
  endloop
endfacet
facet normal 0 0 1
  outer loop
    vertex -47.50000000000003 15.66987298107781 30
    vertex -44.99999999999999 11.33974596215496 30
    vertex -42.49999999999998 15.6698729810775 30
  endloop
endfacet
facet normal 0 0 1
  outer loop
    vertex -97.50000000000003 15.66987298107782 30
    vertex -102.5 15.66987298107783 30
    vertex -99.99999999999996 11.33974596215527 30
  endloop
endfacet
facet normal 0 0 1
  outer loop
    vertex 67.5 -1.650635094611452 30
    vertex 62.5 -1.650635094611513 30
    vertex 65.00000000000004 -5.980762113533682 30
  endloop
endfacet
facet normal 0 0 1
  outer loop
    vertex 7.499999999999989 -1.650635094611916 30
    vertex 5.000000000000015 -5.980762113534142 30
    vertex 10.00000000000002 -5.980762113534119 30
  endloop
endfacet
facet normal 0 0 1
  outer loop
    vertex -19.99999999999998 -5.980762113534309 30
    vertex -22.50000000000002 -1.650635094612108 30
    vertex -24.99999999999998 -5.980762113534347 30
  endloop
endfacet
facet normal 0 0 1
  outer loop
    vertex -37.50000000000001 -1.650635094612202 30
    vertex -39.99999999999998 -5.980762113534439 30
    vertex -35.02306632208952 -5.97098659308771 30
  endloop
endfacet
facet normal 0 -0 1
  outer loop
    vertex -122.5000000000001 -1.65063509461211 30
    vertex -120 2.679491924310089 30
    vertex -125 2.679491924310136 30
  endloop
endfacet
facet normal 0 0 1
  outer loop
    vertex 80.00000000000006 -5.980762113533523 30
    vertex 75.00000000000006 -5.980762113533576 30
    vertex 77.50000000000011 -10.02895923512444 30
  endloop
endfacet
facet normal 0 0 1
  outer loop
    vertex -27.49999999999995 -10.02895923512521 30
    vertex -29.99999999999997 -5.980762113534382 30
    vertex -32.49999999999995 -9.981970918903334 30
  endloop
endfacet
facet normal 0 0 1
  outer loop
    vertex -67.50000000000006 7.009618943231978 30
    vertex -62.50000000000007 7.009618943232188 30
    vertex -64.99999999999999 11.33974596215473 30
  endloop
endfacet
facet normal 0 0 1
  outer loop
    vertex 127.4999999999999 -1.650635094610741 30
    vertex 132.4999999999999 -1.650635094610727 30
    vertex 130 2.67949192431146 30
  endloop
endfacet
facet normal 0 0 1
  outer loop
    vertex -110 -5.980762113534468 30
    vertex -115 -5.980762113534436 30
    vertex -112.5 -10.31088913245663 30
  endloop
endfacet
facet normal 0 0 1
  outer loop
    vertex 87.49999999999986 7.009618943233152 30
    vertex 84.9999999999998 11.3397459621554 30
    vertex 82.49999999999984 7.009618943233173 30
  endloop
endfacet
facet normal 0 -0 1
  outer loop
    vertex 87.5 -1.650635094611214 30
    vertex 89.99999999999993 2.679491924311008 30
    vertex 84.99999999999991 2.679491924310921 30
  endloop
endfacet
facet normal 0 0 1
  outer loop
    vertex 52.49999999999997 -1.650635094611634 30
    vertex 47.49999999999998 -1.650635094611674 30
    vertex 50.00000000000001 -5.980762113533849 30
  endloop
endfacet
facet normal 0 -0 1
  outer loop
    vertex -87.5 -1.650635094612526 30
    vertex -84.99999999999997 2.679491924309716 30
    vertex -89.99999999999996 2.679491924309724 30
  endloop
endfacet
facet normal 0 0 1
  outer loop
    vertex -132.4999999999999 7.009618943232432 30
    vertex -130 2.679491924310197 30
    vertex -127.499328556691 7.009231285257511 30
  endloop
endfacet
facet normal 0 0 1
  outer loop
    vertex -4.999999999999989 -5.980762113534205 30
    vertex -9.999999999999989 -5.980762113534245 30
    vertex -7.49999999999996 -10.31088913245643 30
  endloop
endfacet
facet normal 0 0 1
  outer loop
    vertex 99.99999999999997 20 30
    vertex 97.49999999999996 15.66987298107781 30
    vertex 102.5 15.66987298107781 30
  endloop
endfacet
facet normal 0 0 1
  outer loop
    vertex -97.50000000000003 15.66987298107782 30
    vertex -100 20 30
    vertex -102.5 15.66987298107783 30
  endloop
endfacet
facet normal 0 0 1
  outer loop
    vertex -105 20 30
    vertex -107.5 15.66987298107765 30
    vertex -102.5 15.66987298107783 30
  endloop
endfacet
facet normal 0 0 1
  outer loop
    vertex -117.5 15.66987298107744 30
    vertex -120 20 30
    vertex -122.5 15.66987298107773 30
  endloop
endfacet
facet normal 0 0 1
  outer loop
    vertex -125 20 30
    vertex -127.5 15.66987298107765 30
    vertex -122.5 15.66987298107773 30
  endloop
endfacet
facet normal 0 -0 1
  outer loop
    vertex -15.00000000000003 -19.99999999999999 30
    vertex -12.50000000000003 -15.6698729810778 30
    vertex -17.50000000000003 -15.66987298107779 30
  endloop
endfacet
facet normal 0 0 1
  outer loop
    vertex 127.5 15.66987298107782 30
    vertex 122.4999999999999 15.66987298107782 30
    vertex 124.9999999999999 11.33974596215565 30
  endloop
endfacet
facet normal 0 0 1
  outer loop
    vertex 87.5 -1.650635094611214 30
    vertex 82.5 -1.650635094611296 30
    vertex 84.96964241329526 -5.955403766640498 30
  endloop
endfacet
facet normal 0 0 1
  outer loop
    vertex 57.49999999999998 -1.65063509461158 30
    vertex 54.99999999999994 2.679491924310601 30
    vertex 52.49999999999997 -1.650635094611634 30
  endloop
endfacet
facet normal 0 0 1
  outer loop
    vertex 42.49999999999999 -1.650635094611715 30
    vertex 39.99999999999996 2.679491924310462 30
    vertex 37.49999999999999 -1.650635094611747 30
  endloop
endfacet
facet normal 0 0 1
  outer loop
    vertex 32.49999999999999 -1.650635094611783 30
    vertex 29.99999999999996 2.679491924310399 30
    vertex 27.49999999999998 -1.650635094611815 30
  endloop
endfacet
facet normal 0 -0 1
  outer loop
    vertex 27.49999999999998 -1.650635094611815 30
    vertex 29.99999999999996 2.679491924310399 30
    vertex 24.99999999999995 2.679491924310367 30
  endloop
endfacet
facet normal 0 0 1
  outer loop
    vertex 17.49999999999999 -1.650635094611877 30
    vertex 12.49999999999999 -1.650635094611912 30
    vertex 15.00000000000002 -5.980762113534091 30
  endloop
endfacet
facet normal 0 0 1
  outer loop
    vertex 12.49999999999999 -1.650635094611912 30
    vertex 7.499999999999989 -1.650635094611916 30
    vertex 10.00000000000002 -5.980762113534119 30
  endloop
endfacet
facet normal 0 0 1
  outer loop
    vertex 15.00000000000002 -5.980762113534091 30
    vertex 12.49999999999999 -1.650635094611912 30
    vertex 10.00000000000002 -5.980762113534119 30
  endloop
endfacet
facet normal 0 0 1
  outer loop
    vertex -22.50000000000002 -1.650635094612108 30
    vertex -27.50000000000001 -1.650635094612176 30
    vertex -24.99999999999998 -5.980762113534347 30
  endloop
endfacet
facet normal 0 0 1
  outer loop
    vertex -52.50000000000004 7.009618943232507 30
    vertex -50.00000000000004 2.679491924309873 30
    vertex -47.50000000000003 7.009618943232471 30
  endloop
endfacet
facet normal 0 0 1
  outer loop
    vertex -87.5 -1.650635094612526 30
    vertex -89.99999999999996 2.679491924309724 30
    vertex -92.5 -1.650635094612513 30
  endloop
endfacet
facet normal 0 0 1
  outer loop
    vertex -97.50000000000001 -1.650635094612459 30
    vertex -102.5 -1.650635094612366 30
    vertex -100 -5.980762113534647 30
  endloop
endfacet
facet normal -0 0 1
  outer loop
    vertex -110 2.679491924309924 30
    vertex -105 2.679491924309858 30
    vertex -107.4999999999999 7.009618943232477 30
  endloop
endfacet
facet normal 0 -0 1
  outer loop
    vertex -117.5 -1.650635094612198 30
    vertex -115 2.679491924310005 30
    vertex -120 2.679491924310089 30
  endloop
endfacet
facet normal 0 0 1
  outer loop
    vertex 65.00000000000004 -5.980762113533682 30
    vertex 62.50000000000007 -10.0289592351246 30
    vertex 67.29788587061091 -10.20637081932808 30
  endloop
endfacet
facet normal 0 0 1
  outer loop
    vertex 37.31785447977135 -10.20572736732041 30
    vertex 35.00000000000001 -5.980762113533967 30
    vertex 32.46964241329526 -10.0114322742689 30
  endloop
endfacet
facet normal 0 -0 1
  outer loop
    vertex 32.46964241329526 -10.0114322742689 30
    vertex 35.00000000000001 -5.980762113533967 30
    vertex 29.99494040221588 -5.930852637169453 30
  endloop
endfacet
facet normal 0 -0 1
  outer loop
    vertex -77.50000000000007 7.009618943231871 30
    vertex -75.00000000000009 11.3397459621542 30
    vertex -80.00000000000006 11.33974596215437 30
  endloop
endfacet
facet normal 0 0 1
  outer loop
    vertex 17.49999999999993 7.00961894323251 30
    vertex 22.49999999999993 7.009618943232553 30
    vertex 19.99999999999994 11.3397459621549 30
  endloop
endfacet
facet normal 0 0 1
  outer loop
    vertex -19.99999999999998 -5.980762113534309 30
    vertex -22.49999999999994 -10.15365671298153 30
    vertex -17.49999999999995 -10.16084303149604 30
  endloop
endfacet
facet normal 0 0 1
  outer loop
    vertex -110 -5.980762113534468 30
    vertex -112.5 -10.31088913245663 30
    vertex -107.5000000000001 -10.3108891324567 30
  endloop
endfacet
facet normal 0 0 1
  outer loop
    vertex 12.50000000000005 -10.3108891324563 30
    vertex 10.00000000000002 -5.980762113534119 30
    vertex 7.500000000000043 -10.31088913245633 30
  endloop
endfacet
facet normal -0 0 1
  outer loop
    vertex 24.99999999999993 11.33974596215483 30
    vertex 29.99999999999991 11.33974596215478 30
    vertex 27.49999999999994 15.66987298107739 30
  endloop
endfacet
facet normal 0 0 1
  outer loop
    vertex 1.287858708565182e-14 -5.980762113534169 30
    vertex -2.499999999999959 -10.3108891324564 30
    vertex 2.500000000000042 -10.31088913245636 30
  endloop
endfacet
facet normal 0 0 1
  outer loop
    vertex -47.53035758670474 -10.01143227426936 30
    vertex -50.0050595977841 -5.930852637169956 30
    vertex -52.50153656395287 -10.15073100332858 30
  endloop
endfacet
facet normal 0 -0 1
  outer loop
    vertex -8.023211724624464e-14 11.33974596215551 30
    vertex 2.499999999999972 15.66987298107781 30
    vertex -2.500000000000036 15.66987298107779 30
  endloop
endfacet
facet normal 0 -0 1
  outer loop
    vertex -30.00000000000009 11.33974596215545 30
    vertex -27.50000000000003 15.66987298107782 30
    vertex -32.5 15.66987298107775 30
  endloop
endfacet
facet normal 0 0 1
  outer loop
    vertex -52.50000000000001 15.66987298107781 30
    vertex -57.5 15.66987298107783 30
    vertex -55.00000000000003 11.33974596215517 30
  endloop
endfacet
facet normal 0 0 1
  outer loop
    vertex 72.5 -1.650635094611411 30
    vertex 69.99999999999994 2.679491924310851 30
    vertex 67.5 -1.650635094611452 30
  endloop
endfacet
facet normal 0 -0 1
  outer loop
    vertex 57.49999999999998 -1.65063509461158 30
    vertex 59.99999999999994 2.679491924310646 30
    vertex 54.99999999999994 2.679491924310601 30
  endloop
endfacet
facet normal 0 0 1
  outer loop
    vertex 34.99999999999996 2.679491924310429 30
    vertex 39.99999999999996 2.679491924310462 30
    vertex 37.49999999999994 7.009618943232709 30
  endloop
endfacet
facet normal 0 0 1
  outer loop
    vertex -7.500000000000026 -1.650635094612003 30
    vertex -9.999999999999989 -5.980762113534245 30
    vertex -4.999999999999989 -5.980762113534205 30
  endloop
endfacet
facet normal 0 0 1
  outer loop
    vertex -37.50000000000001 -1.650635094612202 30
    vertex -42.50000000000001 -1.650635094612266 30
    vertex -39.99999999999998 -5.980762113534439 30
  endloop
endfacet
facet normal 0 0 1
  outer loop
    vertex -77.50000000000007 7.009618943231871 30
    vertex -72.50000000000009 7.00961894323189 30
    vertex -75.00000000000009 11.3397459621542 30
  endloop
endfacet
facet normal 0 0 1
  outer loop
    vertex 127.5 -9.98197091890205 30
    vertex 122.5 -10.02895923512397 30
    vertex 125 -14.23534041392311 30
  endloop
endfacet
facet normal -0 0 1
  outer loop
    vertex -4.999999999999989 -5.980762113534205 30
    vertex -2.499999999999959 -10.3108891324564 30
    vertex 1.287858708565182e-14 -5.980762113534169 30
  endloop
endfacet
facet normal 0 0 1
  outer loop
    vertex 135 20 30
    vertex 130 20 30
    vertex 132.4931891519893 15.67380522601021 30
  endloop
endfacet
facet normal 0 0 1
  outer loop
    vertex -100 20 30
    vertex -105 20 30
    vertex -102.5 15.66987298107783 30
  endloop
endfacet
facet normal 0 0 1
  outer loop
    vertex -120 20 30
    vertex -125 20 30
    vertex -122.5 15.66987298107773 30
  endloop
endfacet
facet normal 0 0 1
  outer loop
    vertex -145 -19.99999999999999 30
    vertex -140 -19.99999999999999 30
    vertex -142.5319133027054 -15.4067642926569 30
  endloop
endfacet
facet normal 0 -0 1
  outer loop
    vertex 105 2.679491924311219 30
    vertex 107.5 7.009618943233457 30
    vertex 102.4999999999999 7.009618943233368 30
  endloop
endfacet
facet normal 0 0 1
  outer loop
    vertex 112.5 -1.650635094610962 30
    vertex 109.9999999999999 -5.980762113533146 30
    vertex 114.9999999999999 -5.980762113533136 30
  endloop
endfacet
facet normal 0 0 1
  outer loop
    vertex 82.5 -1.650635094611296 30
    vertex 80.00000000000006 -5.980762113533523 30
    vertex 84.96964241329526 -5.955403766640498 30
  endloop
endfacet
facet normal 0 -0 1
  outer loop
    vertex 77.5 -1.650635094611366 30
    vertex 79.99999999999991 2.679491924310855 30
    vertex 74.99999999999994 2.679491924310803 30
  endloop
endfacet
facet normal 0 0 1
  outer loop
    vertex 75.00000000000006 -5.980762113533576 30
    vertex 72.5 -1.650635094611411 30
    vertex 69.94634570260803 -6.010974162908852 30
  endloop
endfacet
facet normal 0 0 1
  outer loop
    vertex 52.49999999999997 -1.650635094611634 30
    vertex 49.99999999999993 2.679491924310563 30
    vertex 47.49999999999998 -1.650635094611674 30
  endloop
endfacet
facet normal 0 -0 1
  outer loop
    vertex 37.49999999999999 -1.650635094611747 30
    vertex 39.99999999999996 2.679491924310462 30
    vertex 34.99999999999996 2.679491924310429 30
  endloop
endfacet
facet normal 0 0 1
  outer loop
    vertex 27.49999999999998 -1.650635094611815 30
    vertex 24.99999999999995 2.679491924310367 30
    vertex 22.49999999999999 -1.650635094611842 30
  endloop
endfacet
facet normal 0 0 1
  outer loop
    vertex 29.99494040221588 -5.930852637169453 30
    vertex 27.49999999999998 -1.650635094611815 30
    vertex 24.99890063971051 -5.945750845951918 30
  endloop
endfacet
facet normal 0 0 1
  outer loop
    vertex 22.49999999999999 -1.650635094611842 30
    vertex 19.99999999999996 2.679491924310334 30
    vertex 17.49999999999999 -1.650635094611877 30
  endloop
endfacet
facet normal 0 -0 1
  outer loop
    vertex 17.49999999999999 -1.650635094611877 30
    vertex 19.99999999999996 2.679491924310334 30
    vertex 14.99999999999996 2.679491924310298 30
  endloop
endfacet
facet normal -0 0 1
  outer loop
    vertex 17.49999999999993 7.00961894323251 30
    vertex 19.99999999999996 2.679491924310334 30
    vertex 22.49999999999993 7.009618943232553 30
  endloop
endfacet
facet normal 0 0 1
  outer loop
    vertex 7.499999999999989 -1.650635094611916 30
    vertex 4.999999999999965 2.679491924310428 30
    vertex 2.499999999999988 -1.650635094611938 30
  endloop
endfacet
facet normal 0 0 1
  outer loop
    vertex 7.499999999999989 -1.650635094611916 30
    vertex 2.499999999999988 -1.650635094611938 30
    vertex 5.000000000000015 -5.980762113534142 30
  endloop
endfacet
facet normal 0 0 1
  outer loop
    vertex -2.500000000000019 -1.650635094611969 30
    vertex -7.500000000000026 -1.650635094612003 30
    vertex -4.999999999999989 -5.980762113534205 30
  endloop
endfacet
facet normal 0 -0 1
  outer loop
    vertex -17.50000000000001 -1.650635094612079 30
    vertex -15.00000000000008 2.679491924310274 30
    vertex -20.00000000000011 2.67949192431026 30
  endloop
endfacet
facet normal 0 0 1
  outer loop
    vertex -17.50000000000001 -1.650635094612079 30
    vertex -20.00000000000011 2.67949192431026 30
    vertex -22.50000000000002 -1.650635094612108 30
  endloop
endfacet
facet normal 0 -0 1
  outer loop
    vertex -22.50000000000002 -1.650635094612108 30
    vertex -20.00000000000011 2.67949192431026 30
    vertex -25.00000000000004 2.679491924310031 30
  endloop
endfacet
facet normal 0 0 1
  outer loop
    vertex -22.50000000000002 -1.650635094612108 30
    vertex -25.00000000000004 2.679491924310031 30
    vertex -27.50000000000001 -1.650635094612176 30
  endloop
endfacet
facet normal 0 0 1
  outer loop
    vertex -27.50000000000001 -1.650635094612176 30
    vertex -30.00000000000009 2.679491924310189 30
    vertex -32.50000000000001 -1.650635094612178 30
  endloop
endfacet
facet normal 0 -0 1
  outer loop
    vertex -32.50000000000001 -1.650635094612178 30
    vertex -30.00000000000009 2.679491924310189 30
    vertex -35.00000000000011 2.679491924310181 30
  endloop
endfacet
facet normal 0 -0 1
  outer loop
    vertex -52.5 -1.650635094612338 30
    vertex -50.00000000000004 2.679491924309873 30
    vertex -55.00000000000004 2.679491924309834 30
  endloop
endfacet
facet normal 0 0 1
  outer loop
    vertex 65.00000000000004 -5.980762113533682 30
    vertex 60.00000000000003 -5.980762113533741 30
    vertex 62.50000000000007 -10.0289592351246 30
  endloop
endfacet
facet normal 0 0 1
  outer loop
    vertex 20.00000000000002 -5.980762113534052 30
    vertex 15.00000000000002 -5.980762113534091 30
    vertex 17.50000000000005 -10.31088913245627 30
  endloop
endfacet
facet normal 0 0 1
  outer loop
    vertex 10.00000000000002 -5.980762113534119 30
    vertex 5.000000000000015 -5.980762113534142 30
    vertex 7.500000000000043 -10.31088913245633 30
  endloop
endfacet
facet normal 0 0 1
  outer loop
    vertex 7.500000000000043 -10.31088913245633 30
    vertex 5.000000000000015 -5.980762113534142 30
    vertex 2.500000000000042 -10.31088913245636 30
  endloop
endfacet
facet normal 0 0 1
  outer loop
    vertex 5.000000000000015 -5.980762113534142 30
    vertex 1.287858708565182e-14 -5.980762113534169 30
    vertex 2.500000000000042 -10.31088913245636 30
  endloop
endfacet
facet normal -0 0 1
  outer loop
    vertex -122.5 7.009618943232494 30
    vertex -117.5 7.009618943232276 30
    vertex -120 11.3397459621549 30
  endloop
endfacet
facet normal 0 -0 1
  outer loop
    vertex 87.49999999999986 7.009618943233152 30
    vertex 89.99999999999986 11.3397459621555 30
    vertex 84.9999999999998 11.3397459621554 30
  endloop
endfacet
facet normal 0 0 1
  outer loop
    vertex 37.31785447977135 -10.20572736732041 30
    vertex 32.46964241329526 -10.0114322742689 30
    vertex 35.00000000000011 -14.64101615137835 30
  endloop
endfacet
facet normal 0 0 1
  outer loop
    vertex 17.50000000000005 -10.31088913245627 30
    vertex 15.00000000000002 -5.980762113534091 30
    vertex 12.50000000000005 -10.3108891324563 30
  endloop
endfacet
facet normal 0 0 1
  outer loop
    vertex 62.50000000000007 -10.0289592351246 30
    vertex 60.00000000000003 -5.980762113533741 30
    vertex 57.50000000000006 -10.15365671298097 30
  endloop
endfacet
facet normal 0 -0 1
  outer loop
    vertex 27.49999999999993 7.009618943232576 30
    vertex 29.99999999999991 11.33974596215478 30
    vertex 24.99999999999993 11.33974596215483 30
  endloop
endfacet
facet normal 0 0 1
  outer loop
    vertex -27.49999999999995 -10.02895923512521 30
    vertex -32.49999999999995 -9.981970918903334 30
    vertex -29.99999999999996 -14.07307011894202 30
  endloop
endfacet
facet normal 0 0 1
  outer loop
    vertex -4.999999999999989 -5.980762113534205 30
    vertex -7.49999999999996 -10.31088913245643 30
    vertex -2.499999999999959 -10.3108891324564 30
  endloop
endfacet
facet normal 0 0 1
  outer loop
    vertex -25.00000000000007 11.33974596215532 30
    vertex -27.50000000000003 15.66987298107782 30
    vertex -30.00000000000009 11.33974596215545 30
  endloop
endfacet
facet normal 0 0 1
  outer loop
    vertex 22.49999999999994 15.66987298107738 30
    vertex 19.99999999999997 20 30
    vertex 17.49999999999995 15.66987298107743 30
  endloop
endfacet
facet normal 0 0 1
  outer loop
    vertex -7.500000000000028 15.66987298107781 30
    vertex -10.00000000000003 20 30
    vertex -12.50000000000003 15.66987298107781 30
  endloop
endfacet
facet normal 0 0 1
  outer loop
    vertex -127.5 15.66987298107765 30
    vertex -130 20 30
    vertex -132.4952998968374 15.66715937525137 30
  endloop
endfacet
facet normal 0 0 1
  outer loop
    vertex -107.5 -15.6698729810778 30
    vertex -105 -19.99999999999999 30
    vertex -102.5 -15.66987298107781 30
  endloop
endfacet
facet normal -0 0 1
  outer loop
    vertex -22.3698960569795 -16.13312256329935 30
    vertex -20.00000000000003 -19.99999999999999 30
    vertex -17.50000000000003 -15.66987298107779 30
  endloop
endfacet
facet normal 0 0 1
  outer loop
    vertex -12.50000000000003 -15.6698729810778 30
    vertex -10.00000000000003 -19.99999999999999 30
    vertex -7.500000000000029 -15.6698729810778 30
  endloop
endfacet
facet normal 0 0 1
  outer loop
    vertex -5.000000000000028 -19.99999999999999 30
    vertex -2.842170943040401e-14 -19.99999999999999 30
    vertex -2.500000000000028 -15.6698729810778 30
  endloop
endfacet
facet normal 0 0 1
  outer loop
    vertex 12.49999999999997 -15.6698729810778 30
    vertex 14.99999999999997 -19.99999999999999 30
    vertex 17.49999999999997 -15.6698729810778 30
  endloop
endfacet
facet normal -0 0 1
  outer loop
    vertex 132.6301039430205 -16.13312256329918 30
    vertex 135 -19.99999999999999 30
    vertex 137.5 -15.66987298107786 30
  endloop
endfacet
facet normal 0 0 1
  outer loop
    vertex 7.499999999999971 15.66987298107781 30
    vertex 4.999999999999964 11.33974596215553 30
    vertex 9.999999999999972 11.33974596215561 30
  endloop
endfacet
facet normal 0 0 1
  outer loop
    vertex 7.499999999999971 15.66987298107781 30
    vertex 9.999999999999972 11.33974596215561 30
    vertex 12.49999999999996 15.66987298107759 30
  endloop
endfacet
facet normal -0 0 1
  outer loop
    vertex 109.9999999999999 2.679491924311242 30
    vertex 112.5 -1.650635094610962 30
    vertex 114.9999999999999 2.679491924311256 30
  endloop
endfacet
facet normal 0 -0 1
  outer loop
    vertex 52.49999999999997 -1.650635094611634 30
    vertex 54.99999999999994 2.679491924310601 30
    vertex 49.99999999999993 2.679491924310563 30
  endloop
endfacet
facet normal 0 0 1
  outer loop
    vertex 37.49999999999999 -1.650635094611747 30
    vertex 32.49999999999999 -1.650635094611783 30
    vertex 35.00000000000001 -5.980762113533967 30
  endloop
endfacet
facet normal 0 0 1
  outer loop
    vertex 17.49999999999999 -1.650635094611877 30
    vertex 14.99999999999996 2.679491924310298 30
    vertex 12.49999999999999 -1.650635094611912 30
  endloop
endfacet
facet normal 0 0 1
  outer loop
    vertex 20.00000000000002 -5.980762113534052 30
    vertex 17.49999999999999 -1.650635094611877 30
    vertex 15.00000000000002 -5.980762113534091 30
  endloop
endfacet
facet normal 0 -0 1
  outer loop
    vertex 12.49999999999999 -1.650635094611912 30
    vertex 14.99999999999996 2.679491924310298 30
    vertex 9.999999999999968 2.679491924310427 30
  endloop
endfacet
facet normal 0 -0 1
  outer loop
    vertex 7.499999999999989 -1.650635094611916 30
    vertex 9.999999999999968 2.679491924310427 30
    vertex 4.999999999999965 2.679491924310428 30
  endloop
endfacet
facet normal 0 -0 1
  outer loop
    vertex 2.499999999999988 -1.650635094611938 30
    vertex 4.999999999999965 2.679491924310428 30
    vertex -7.675341843575248e-14 2.679491924310398 30
  endloop
endfacet
facet normal 0 0 1
  outer loop
    vertex -7.675341843575248e-14 2.679491924310398 30
    vertex 4.999999999999965 2.679491924310428 30
    vertex 2.499999999999922 7.009618943232926 30
  endloop
endfacet
facet normal 0 0 1
  outer loop
    vertex 2.499999999999988 -1.650635094611938 30
    vertex -7.675341843575248e-14 2.679491924310398 30
    vertex -2.500000000000019 -1.650635094611969 30
  endloop
endfacet
facet normal 0 0 1
  outer loop
    vertex 2.499999999999988 -1.650635094611938 30
    vertex -2.500000000000019 -1.650635094611969 30
    vertex 1.287858708565182e-14 -5.980762113534169 30
  endloop
endfacet
facet normal 0 0 1
  outer loop
    vertex 5.000000000000015 -5.980762113534142 30
    vertex 2.499999999999988 -1.650635094611938 30
    vertex 1.287858708565182e-14 -5.980762113534169 30
  endloop
endfacet
facet normal 0 -0 1
  outer loop
    vertex -2.500000000000019 -1.650635094611969 30
    vertex -7.675341843575248e-14 2.679491924310398 30
    vertex -5.000000000000101 2.679491924310355 30
  endloop
endfacet
facet normal 0 0 1
  outer loop
    vertex -2.500000000000019 -1.650635094611969 30
    vertex -5.000000000000101 2.679491924310355 30
    vertex -7.500000000000026 -1.650635094612003 30
  endloop
endfacet
facet normal 0 -0 1
  outer loop
    vertex -7.500000000000026 -1.650635094612003 30
    vertex -5.000000000000101 2.679491924310355 30
    vertex -10.00000000000004 2.679491924310135 30
  endloop
endfacet
facet normal 0 0 1
  outer loop
    vertex -7.500000000000026 -1.650635094612003 30
    vertex -10.00000000000004 2.679491924310135 30
    vertex -12.50000000000001 -1.650635094612071 30
  endloop
endfacet
facet normal 0 0 1
  outer loop
    vertex -7.500000000000026 -1.650635094612003 30
    vertex -12.50000000000001 -1.650635094612071 30
    vertex -9.999999999999989 -5.980762113534245 30
  endloop
endfacet
facet normal -0 0 1
  outer loop
    vertex -15.00000000000008 2.679491924310274 30
    vertex -10.00000000000004 2.679491924310135 30
    vertex -12.50000000000011 7.009618943232871 30
  endloop
endfacet
facet normal 0 -0 1
  outer loop
    vertex -27.50000000000001 -1.650635094612176 30
    vertex -25.00000000000004 2.679491924310031 30
    vertex -30.00000000000009 2.679491924310189 30
  endloop
endfacet
facet normal 0 0 1
  outer loop
    vertex -32.50000000000001 -1.650635094612178 30
    vertex -37.50000000000001 -1.650635094612202 30
    vertex -35.02306632208952 -5.97098659308771 30
  endloop
endfacet
facet normal 0 0 1
  outer loop
    vertex -45.00000000000004 2.679491924309906 30
    vertex -40.00000000000005 2.679491924309942 30
    vertex -42.50000000000002 7.009618943232345 30
  endloop
endfacet
facet normal 0 0 1
  outer loop
    vertex -42.50000000000001 -1.650635094612266 30
    vertex -47.50000000000001 -1.650635094612305 30
    vertex -44.99999999999999 -5.980762113534484 30
  endloop
endfacet
facet normal 0 -0 1
  outer loop
    vertex -47.50000000000001 -1.650635094612305 30
    vertex -45.00000000000004 2.679491924309906 30
    vertex -50.00000000000004 2.679491924309873 30
  endloop
endfacet
facet normal -0 0 1
  outer loop
    vertex -62.50000000000007 7.009618943232188 30
    vertex -60.00000000000004 2.679491924309795 30
    vertex -57.50000000000004 7.009618943232452 30
  endloop
endfacet
facet normal 0 0 1
  outer loop
    vertex 114.9999999999999 -5.980762113533136 30
    vertex 109.9999999999999 -5.980762113533146 30
    vertex 112.3178544797712 -10.20572736731963 30
  endloop
endfacet
facet normal 0 0 1
  outer loop
    vertex 20.00000000000002 -5.980762113534052 30
    vertex 17.50000000000005 -10.31088913245627 30
    vertex 22.50000000000005 -10.31088913245622 30
  endloop
endfacet
facet normal 0 0 1
  outer loop
    vertex -90 -5.980762113534727 30
    vertex -92.49999999999996 -10.02895923512551 30
    vertex -87.68214552022866 -10.15873905109922 30
  endloop
endfacet
facet normal 0 0 1
  outer loop
    vertex -109.9999999999998 11.33974596215449 30
    vertex -112.4999999999999 7.009618943232157 30
    vertex -107.4999999999999 7.009618943232477 30
  endloop
endfacet
facet normal 0 0 1
  outer loop
    vertex 125 -5.980762113532958 30
    vertex 122.5 -10.02895923512397 30
    vertex 127.5 -9.98197091890205 30
  endloop
endfacet
facet normal -0 0 1
  outer loop
    vertex -75.00000000000009 11.3397459621542 30
    vertex -72.50000000000009 7.00961894323189 30
    vertex -70.00000000000003 11.33974596215426 30
  endloop
endfacet
facet normal 0 -0 1
  outer loop
    vertex 12.50000000000005 -10.3108891324563 30
    vertex 15.00000000000002 -5.980762113534091 30
    vertex 10.00000000000002 -5.980762113534119 30
  endloop
endfacet
facet normal 0 0 1
  outer loop
    vertex 27.49999999999993 7.009618943232576 30
    vertex 24.99999999999993 11.33974596215483 30
    vertex 22.49999999999993 7.009618943232553 30
  endloop
endfacet
facet normal 0 0 1
  outer loop
    vertex 4.999999999999964 11.33974596215553 30
    vertex 2.499999999999972 15.66987298107781 30
    vertex -8.023211724624464e-14 11.33974596215551 30
  endloop
endfacet
facet normal 0 0 1
  outer loop
    vertex 9.999999999999972 11.33974596215561 30
    vertex 4.999999999999964 11.33974596215553 30
    vertex 7.499999999999962 7.009618943233232 30
  endloop
endfacet
facet normal 0 0 1
  outer loop
    vertex -10.00000000000006 11.33974596215534 30
    vertex -12.50000000000003 15.66987298107781 30
    vertex -15.00000000000009 11.33974596215546 30
  endloop
endfacet
facet normal 0 -0 1
  outer loop
    vertex -15.00000000000009 11.33974596215546 30
    vertex -12.50000000000003 15.66987298107781 30
    vertex -17.50000000000004 15.66987298107778 30
  endloop
endfacet
facet normal 0 0 1
  outer loop
    vertex -15.00000000000009 11.33974596215546 30
    vertex -17.50000000000004 15.66987298107778 30
    vertex -20.00000000000012 11.33974596215531 30
  endloop
endfacet
facet normal 0 0 1
  outer loop
    vertex 140 20 30
    vertex 135 20 30
    vertex 137.4591349119362 15.69346645067198 30
  endloop
endfacet
facet normal 0 0 1
  outer loop
    vertex 130 20 30
    vertex 125 20 30
    vertex 127.5 15.66987298107782 30
  endloop
endfacet
facet normal 0 0 1
  outer loop
    vertex 120 20 30
    vertex 115 20 30
    vertex 117.5 15.66987298107781 30
  endloop
endfacet
facet normal 0 0 1
  outer loop
    vertex 115 20 30
    vertex 110 20 30
    vertex 112.5 15.66987298107783 30
  endloop
endfacet
facet normal 0 0 1
  outer loop
    vertex 99.99999999999997 20 30
    vertex 94.99999999999997 20 30
    vertex 97.49999999999996 15.66987298107781 30
  endloop
endfacet
facet normal 0 0 1
  outer loop
    vertex 84.99999999999997 20 30
    vertex 79.99999999999997 20 30
    vertex 82.4999999999999 15.66987298107781 30
  endloop
endfacet
facet normal 0 0 1
  outer loop
    vertex 69.99999999999997 20 30
    vertex 64.99999999999997 20 30
    vertex 67.49999999999997 15.66987298107782 30
  endloop
endfacet
facet normal 0 0 1
  outer loop
    vertex 54.99999999999997 20 30
    vertex 49.99999999999997 20 30
    vertex 52.49999999999994 15.66987298107762 30
  endloop
endfacet
facet normal 0 0 1
  outer loop
    vertex 39.99999999999997 20 30
    vertex 34.99999999999997 20 30
    vertex 37.49999999999997 15.6698729810777 30
  endloop
endfacet
facet normal 0 0 1
  outer loop
    vertex 24.99999999999997 20 30
    vertex 19.99999999999997 20 30
    vertex 22.49999999999994 15.66987298107738 30
  endloop
endfacet
facet normal 0 0 1
  outer loop
    vertex 19.99999999999997 20 30
    vertex 14.99999999999997 20 30
    vertex 17.49999999999995 15.66987298107743 30
  endloop
endfacet
facet normal 0 0 1
  outer loop
    vertex 9.999999999999972 20 30
    vertex 4.999999999999972 20 30
    vertex 7.499999999999971 15.66987298107781 30
  endloop
endfacet
facet normal 0 0 1
  outer loop
    vertex 4.999999999999972 20 30
    vertex -2.842170943040401e-14 20 30
    vertex 2.499999999999972 15.66987298107781 30
  endloop
endfacet
facet normal 0 0 1
  outer loop
    vertex 7.499999999999971 15.66987298107781 30
    vertex 4.999999999999972 20 30
    vertex 2.499999999999972 15.66987298107781 30
  endloop
endfacet
facet normal 0 0 1
  outer loop
    vertex -2.842170943040401e-14 20 30
    vertex -5.000000000000028 20 30
    vertex -2.500000000000036 15.66987298107779 30
  endloop
endfacet
facet normal 0 0 1
  outer loop
    vertex 2.499999999999972 15.66987298107781 30
    vertex -2.842170943040401e-14 20 30
    vertex -2.500000000000036 15.66987298107779 30
  endloop
endfacet
facet normal 0 0 1
  outer loop
    vertex -5.000000000000028 20 30
    vertex -10.00000000000003 20 30
    vertex -7.500000000000028 15.66987298107781 30
  endloop
endfacet
facet normal 0 0 1
  outer loop
    vertex -10.00000000000003 20 30
    vertex -15.00000000000003 20 30
    vertex -12.50000000000003 15.66987298107781 30
  endloop
endfacet
facet normal 0 0 1
  outer loop
    vertex -15.00000000000003 20 30
    vertex -20.00000000000003 20 30
    vertex -17.50000000000004 15.66987298107778 30
  endloop
endfacet
facet normal 0 0 1
  outer loop
    vertex -12.50000000000003 15.66987298107781 30
    vertex -15.00000000000003 20 30
    vertex -17.50000000000004 15.66987298107778 30
  endloop
endfacet
facet normal 0 0 1
  outer loop
    vertex -20.00000000000003 20 30
    vertex -25.00000000000003 20 30
    vertex -22.50000000000003 15.66987298107781 30
  endloop
endfacet
facet normal 0 0 1
  outer loop
    vertex -35.00000000000003 20 30
    vertex -40.00000000000003 20 30
    vertex -37.49999999999996 15.66987298107761 30
  endloop
endfacet
facet normal 0 0 1
  outer loop
    vertex -45.00000000000003 20 30
    vertex -50.00000000000003 20 30
    vertex -47.50000000000003 15.66987298107781 30
  endloop
endfacet
facet normal 0 0 1
  outer loop
    vertex -55.00000000000003 20 30
    vertex -60.00000000000003 20 30
    vertex -57.5 15.66987298107783 30
  endloop
endfacet
facet normal 0 0 1
  outer loop
    vertex -70.00000000000003 20 30
    vertex -75.00000000000003 20 30
    vertex -72.50000000000003 15.66987298107708 30
  endloop
endfacet
facet normal 0 0 1
  outer loop
    vertex -85.00000000000003 20 30
    vertex -90.00000000000003 20 30
    vertex -87.49999999999997 15.66987298107738 30
  endloop
endfacet
facet normal 0 0 1
  outer loop
    vertex -95.00000000000003 20 30
    vertex -100 20 30
    vertex -97.50000000000003 15.66987298107782 30
  endloop
endfacet
facet normal 0 0 1
  outer loop
    vertex -105 20 30
    vertex -110 20 30
    vertex -107.5 15.66987298107765 30
  endloop
endfacet
facet normal 0 0 1
  outer loop
    vertex -115 20 30
    vertex -120 20 30
    vertex -117.5 15.66987298107744 30
  endloop
endfacet
facet normal 0 0 1
  outer loop
    vertex -125 20 30
    vertex -130 20 30
    vertex -127.5 15.66987298107765 30
  endloop
endfacet
facet normal 0 0 1
  outer loop
    vertex -135 20 30
    vertex -140 20 30
    vertex -137.5 15.66987298107731 30
  endloop
endfacet
facet normal 0 0 1
  outer loop
    vertex -135 -19.99999999999999 30
    vertex -130 -19.99999999999999 30
    vertex -132.6301039430207 -16.13312256329932 30
  endloop
endfacet
facet normal 0 0 1
  outer loop
    vertex -120 -19.99999999999999 30
    vertex -115 -19.99999999999999 30
    vertex -117.6115176654462 -15.73655973907653 30
  endloop
endfacet
facet normal 0 0 1
  outer loop
    vertex -110 -19.99999999999999 30
    vertex -105 -19.99999999999999 30
    vertex -107.5 -15.6698729810778 30
  endloop
endfacet
facet normal 0 0 1
  outer loop
    vertex -100 -19.99999999999999 30
    vertex -95.00000000000003 -19.99999999999999 30
    vertex -97.63010394302052 -16.13312256329938 30
  endloop
endfacet
facet normal 0 0 1
  outer loop
    vertex -85.00000000000003 -19.99999999999999 30
    vertex -80.00000000000003 -19.99999999999999 30
    vertex -82.50000000000001 -16.15055499767401 30
  endloop
endfacet
facet normal 0 0 1
  outer loop
    vertex -70.00000000000003 -19.99999999999999 30
    vertex -65.00000000000003 -19.99999999999999 30
    vertex -67.36989605697948 -16.13312256329939 30
  endloop
endfacet
facet normal 0 0 1
  outer loop
    vertex -60.00000000000003 -19.99999999999999 30
    vertex -55.00000000000003 -19.99999999999999 30
    vertex -57.50000000000006 -15.6698729810778 30
  endloop
endfacet
facet normal 0 0 1
  outer loop
    vertex -55.00000000000003 -19.99999999999999 30
    vertex -50.00000000000003 -19.99999999999999 30
    vertex -52.63010394302052 -16.13312256329935 30
  endloop
endfacet
facet normal 0 0 1
  outer loop
    vertex -40.00000000000003 -19.99999999999999 30
    vertex -35.00000000000003 -19.99999999999999 30
    vertex -37.58128109726398 -15.71611697650475 30
  endloop
endfacet
facet normal 0 0 1
  outer loop
    vertex -25.00000000000003 -19.99999999999999 30
    vertex -20.00000000000003 -19.99999999999999 30
    vertex -22.3698960569795 -16.13312256329935 30
  endloop
endfacet
facet normal 0 0 1
  outer loop
    vertex -20.00000000000003 -19.99999999999999 30
    vertex -15.00000000000003 -19.99999999999999 30
    vertex -17.50000000000003 -15.66987298107779 30
  endloop
endfacet
facet normal 0 0 1
  outer loop
    vertex -15.00000000000003 -19.99999999999999 30
    vertex -10.00000000000003 -19.99999999999999 30
    vertex -12.50000000000003 -15.6698729810778 30
  endloop
endfacet
facet normal 0 0 1
  outer loop
    vertex -2.842170943040401e-14 -19.99999999999999 30
    vertex 4.999999999999972 -19.99999999999999 30
    vertex 2.499999999999972 -15.6698729810778 30
  endloop
endfacet
facet normal 0 0 1
  outer loop
    vertex -2.500000000000028 -15.6698729810778 30
    vertex -2.842170943040401e-14 -19.99999999999999 30
    vertex 2.499999999999972 -15.6698729810778 30
  endloop
endfacet
facet normal 0 0 1
  outer loop
    vertex 4.999999999999972 -19.99999999999999 30
    vertex 9.999999999999972 -19.99999999999999 30
    vertex 7.499999999999972 -15.6698729810778 30
  endloop
endfacet
facet normal 0 0 1
  outer loop
    vertex 9.999999999999972 -19.99999999999999 30
    vertex 14.99999999999997 -19.99999999999999 30
    vertex 12.49999999999997 -15.6698729810778 30
  endloop
endfacet
facet normal 0 0 1
  outer loop
    vertex 14.99999999999997 -19.99999999999999 30
    vertex 19.99999999999997 -19.99999999999999 30
    vertex 17.49999999999997 -15.6698729810778 30
  endloop
endfacet
facet normal 0 0 1
  outer loop
    vertex 17.49999999999997 -15.6698729810778 30
    vertex 19.99999999999997 -19.99999999999999 30
    vertex 22.49999999999998 -15.66987298107781 30
  endloop
endfacet
facet normal 0 0 1
  outer loop
    vertex 24.99999999999997 -19.99999999999999 30
    vertex 29.99999999999997 -19.99999999999999 30
    vertex 27.3698960569795 -16.13312256329928 30
  endloop
endfacet
facet normal 0 0 1
  outer loop
    vertex 39.99999999999997 -19.99999999999999 30
    vertex 44.99999999999997 -19.99999999999999 30
    vertex 42.38848233455384 -15.73655973907634 30
  endloop
endfacet
facet normal 0 0 1
  outer loop
    vertex 49.99999999999997 -19.99999999999999 30
    vertex 54.99999999999997 -19.99999999999999 30
    vertex 52.49999999999996 -15.6698729810778 30
  endloop
endfacet
facet normal 0 0 1
  outer loop
    vertex 54.99999999999997 -19.99999999999999 30
    vertex 59.99999999999997 -19.99999999999999 30
    vertex 57.36989605697948 -16.13312256329927 30
  endloop
endfacet
facet normal 0 0 1
  outer loop
    vertex 69.99999999999997 -19.99999999999999 30
    vertex 74.99999999999997 -19.99999999999999 30
    vertex 72.41871890273603 -15.71611697650464 30
  endloop
endfacet
facet normal 0 0 1
  outer loop
    vertex 84.99999999999997 -19.99999999999999 30
    vertex 89.99999999999997 -19.99999999999999 30
    vertex 87.41871890273603 -15.71611697650463 30
  endloop
endfacet
facet normal 0 0 1
  outer loop
    vertex 99.99999999999997 -19.99999999999999 30
    vertex 105 -19.99999999999999 30
    vertex 102.5812810972639 -15.71611697650462 30
  endloop
endfacet
facet normal 0 0 1
  outer loop
    vertex 115 -19.99999999999999 30
    vertex 120 -19.99999999999999 30
    vertex 117.418718902736 -15.71611697650459 30
  endloop
endfacet
facet normal 0 0 1
  outer loop
    vertex 130 -19.99999999999999 30
    vertex 135 -19.99999999999999 30
    vertex 132.6301039430205 -16.13312256329918 30
  endloop
endfacet
facet normal 0 0 1
  outer loop
    vertex 140 -19.99999999999999 30
    vertex 145 -19.99999999999999 30
    vertex 142.5 -15.6698729810778 30
  endloop
endfacet
facet normal 0 0 1
  outer loop
    vertex 107.5 -1.650635094610961 30
    vertex 105 2.679491924311219 30
    vertex 102.5 -1.650635094611018 30
  endloop
endfacet
facet normal 0 0 1
  outer loop
    vertex 89.99999999999993 2.679491924311008 30
    vertex 94.99999999999994 2.679491924311062 30
    vertex 92.4999999999999 7.00961894323323 30
  endloop
endfacet
facet normal -0 0 1
  outer loop
    vertex 77.49999999999986 7.009618943233081 30
    vertex 79.99999999999991 2.679491924310855 30
    vertex 82.49999999999984 7.009618943233173 30
  endloop
endfacet
facet normal 0 -0 1
  outer loop
    vertex 22.49999999999999 -1.650635094611842 30
    vertex 24.99999999999995 2.679491924310367 30
    vertex 19.99999999999996 2.679491924310334 30
  endloop
endfacet
facet normal 0 0 1
  outer loop
    vertex -12.50000000000001 -1.650635094612071 30
    vertex -15.00000000000008 2.679491924310274 30
    vertex -17.50000000000001 -1.650635094612079 30
  endloop
endfacet
facet normal 0 0 1
  outer loop
    vertex -17.50000000000001 -1.650635094612079 30
    vertex -22.50000000000002 -1.650635094612108 30
    vertex -19.99999999999998 -5.980762113534309 30
  endloop
endfacet
facet normal 0 -0 1
  outer loop
    vertex -37.50000000000001 -1.650635094612202 30
    vertex -35.00000000000011 2.679491924310181 30
    vertex -40.00000000000005 2.679491924309942 30
  endloop
endfacet
facet normal 0 0 1
  outer loop
    vertex -57.49999999999999 -1.650635094612375 30
    vertex -62.49999999999999 -1.650635094612417 30
    vertex -59.99999999999996 -5.980762113534587 30
  endloop
endfacet
facet normal 0 -0 1
  outer loop
    vertex -107.5 -1.6506350946123 30
    vertex -105 2.679491924309858 30
    vertex -110 2.679491924309924 30
  endloop
endfacet
facet normal 0 0 1
  outer loop
    vertex 32.46964241329526 -10.0114322742689 30
    vertex 29.99494040221588 -5.930852637169453 30
    vertex 27.49846343604715 -10.15073100332813 30
  endloop
endfacet
facet normal 0 0 1
  outer loop
    vertex 29.99999999999991 11.33974596215478 30
    vertex 34.99999999999993 11.33974596215487 30
    vertex 32.49999999999995 15.66987298107738 30
  endloop
endfacet
facet normal 0 0 1
  outer loop
    vertex -22.50000000000003 15.66987298107781 30
    vertex -25.00000000000003 20 30
    vertex -27.50000000000003 15.66987298107782 30
  endloop
endfacet
facet normal -0 0 1
  outer loop
    vertex 2.499999999999972 -15.6698729810778 30
    vertex 4.999999999999972 -19.99999999999999 30
    vertex 7.499999999999972 -15.6698729810778 30
  endloop
endfacet
facet normal 0 0 1
  outer loop
    vertex -22.50000000000003 15.66987298107781 30
    vertex -27.50000000000003 15.66987298107782 30
    vertex -25.00000000000007 11.33974596215532 30
  endloop
endfacet
facet normal -0 0 1
  outer loop
    vertex 92.4999999999999 7.00961894323323 30
    vertex 94.99999999999994 2.679491924311062 30
    vertex 97.49999999999989 7.009618943233311 30
  endloop
endfacet
facet normal 0 0 1
  outer loop
    vertex 77.5 -1.650635094611366 30
    vertex 72.5 -1.650635094611411 30
    vertex 75.00000000000006 -5.980762113533576 30
  endloop
endfacet
facet normal 0 -0 1
  outer loop
    vertex 42.49999999999999 -1.650635094611715 30
    vertex 44.99999999999995 2.679491924310502 30
    vertex 39.99999999999996 2.679491924310462 30
  endloop
endfacet
facet normal 0 0 1
  outer loop
    vertex 37.49999999999999 -1.650635094611747 30
    vertex 34.99999999999996 2.679491924310429 30
    vertex 32.49999999999999 -1.650635094611783 30
  endloop
endfacet
facet normal 0 -0 1
  outer loop
    vertex 24.99999999999995 2.679491924310367 30
    vertex 27.49999999999993 7.009618943232576 30
    vertex 22.49999999999993 7.009618943232553 30
  endloop
endfacet
facet normal 0 0 1
  outer loop
    vertex 22.49999999999999 -1.650635094611842 30
    vertex 17.49999999999999 -1.650635094611877 30
    vertex 20.00000000000002 -5.980762113534052 30
  endloop
endfacet
facet normal 0 0 1
  outer loop
    vertex 12.49999999999999 -1.650635094611912 30
    vertex 9.999999999999968 2.679491924310427 30
    vertex 7.499999999999989 -1.650635094611916 30
  endloop
endfacet
facet normal 0 0 1
  outer loop
    vertex -2.500000000000019 -1.650635094611969 30
    vertex -4.999999999999989 -5.980762113534205 30
    vertex 1.287858708565182e-14 -5.980762113534169 30
  endloop
endfacet
facet normal 0 -0 1
  outer loop
    vertex -12.50000000000001 -1.650635094612071 30
    vertex -10.00000000000004 2.679491924310135 30
    vertex -15.00000000000008 2.679491924310274 30
  endloop
endfacet
facet normal 0 0 1
  outer loop
    vertex -27.50000000000001 -1.650635094612176 30
    vertex -32.50000000000001 -1.650635094612178 30
    vertex -29.99999999999997 -5.980762113534382 30
  endloop
endfacet
facet normal 0 -0 1
  outer loop
    vertex -42.50000000000001 -1.650635094612266 30
    vertex -40.00000000000005 2.679491924309942 30
    vertex -45.00000000000004 2.679491924309906 30
  endloop
endfacet
facet normal 0 0 1
  outer loop
    vertex -65.00000000000004 2.679491924309749 30
    vertex -60.00000000000004 2.679491924309795 30
    vertex -62.50000000000007 7.009618943232188 30
  endloop
endfacet
facet normal 0 -0 1
  outer loop
    vertex -97.50000000000001 -1.650635094612459 30
    vertex -94.99999999999997 2.679491924309721 30
    vertex -99.99999999999999 2.679491924309783 30
  endloop
endfacet
facet normal 0 0 1
  outer loop
    vertex 89.99999999999997 20 30
    vertex 87.4999999999999 15.66987298107776 30
    vertex 92.49999999999994 15.66987298107779 30
  endloop
endfacet
facet normal 0 0 1
  outer loop
    vertex 9.999999999999972 20 30
    vertex 7.499999999999971 15.66987298107781 30
    vertex 12.49999999999996 15.66987298107759 30
  endloop
endfacet
facet normal 0 0 1
  outer loop
    vertex -5.000000000000028 20 30
    vertex -7.500000000000028 15.66987298107781 30
    vertex -2.500000000000036 15.66987298107779 30
  endloop
endfacet
facet normal 0 0 1
  outer loop
    vertex -20.00000000000003 20 30
    vertex -22.50000000000003 15.66987298107781 30
    vertex -17.50000000000004 15.66987298107778 30
  endloop
endfacet
facet normal 0 0 1
  outer loop
    vertex -135 20 30
    vertex -137.5 15.66987298107731 30
    vertex -132.4952998968374 15.66715937525137 30
  endloop
endfacet
facet normal 0 -0 1
  outer loop
    vertex -5.000000000000028 -19.99999999999999 30
    vertex -2.500000000000028 -15.6698729810778 30
    vertex -7.500000000000029 -15.6698729810778 30
  endloop
endfacet
facet normal 0 -0 1
  outer loop
    vertex 9.999999999999972 -19.99999999999999 30
    vertex 12.49999999999997 -15.6698729810778 30
    vertex 7.499999999999972 -15.6698729810778 30
  endloop
endfacet
facet normal 0 0 1
  outer loop
    vertex 7.499999999999971 15.66987298107781 30
    vertex 2.499999999999972 15.66987298107781 30
    vertex 4.999999999999964 11.33974596215553 30
  endloop
endfacet
facet normal 0 0 1
  outer loop
    vertex -7.500000000000028 15.66987298107781 30
    vertex -12.50000000000003 15.66987298107781 30
    vertex -10.00000000000006 11.33974596215534 30
  endloop
endfacet
facet normal 0 0 1
  outer loop
    vertex -55.00000000000003 11.33974596215517 30
    vertex -57.5 15.66987298107783 30
    vertex -60.00000000000003 11.33974596215523 30
  endloop
endfacet
facet normal 0 0 1
  outer loop
    vertex 109.9999999999999 2.679491924311242 30
    vertex 105 2.679491924311219 30
    vertex 107.5 -1.650635094610961 30
  endloop
endfacet
facet normal 0 0 1
  outer loop
    vertex 102.5 -1.650635094611018 30
    vertex 99.99999999999996 2.679491924311139 30
    vertex 97.49999999999997 -1.650635094611088 30
  endloop
endfacet
facet normal 0 0 1
  outer loop
    vertex 102.5 -1.650635094611018 30
    vertex 97.49999999999997 -1.650635094611088 30
    vertex 99.99999999999997 -5.980762113533239 30
  endloop
endfacet
facet normal 0 0 1
  outer loop
    vertex 65.00000000000004 -5.980762113533682 30
    vertex 62.5 -1.650635094611513 30
    vertex 60.00000000000003 -5.980762113533741 30
  endloop
endfacet
facet normal 0 -0 1
  outer loop
    vertex 32.49999999999999 -1.650635094611783 30
    vertex 34.99999999999996 2.679491924310429 30
    vertex 29.99999999999996 2.679491924310399 30
  endloop
endfacet
facet normal 0 0 1
  outer loop
    vertex 29.99999999999996 2.679491924310399 30
    vertex 34.99999999999996 2.679491924310429 30
    vertex 32.49999999999994 7.009618943232606 30
  endloop
endfacet
facet normal 0 0 1
  outer loop
    vertex 19.99999999999996 2.679491924310334 30
    vertex 24.99999999999995 2.679491924310367 30
    vertex 22.49999999999993 7.009618943232553 30
  endloop
endfacet
facet normal 0 0 1
  outer loop
    vertex 14.99999999999996 2.679491924310298 30
    vertex 19.99999999999996 2.679491924310334 30
    vertex 17.49999999999993 7.00961894323251 30
  endloop
endfacet
facet normal -0 0 1
  outer loop
    vertex -30.00000000000009 2.679491924310189 30
    vertex -25.00000000000004 2.679491924310031 30
    vertex -27.50000000000012 7.009618943232827 30
  endloop
endfacet
facet normal 0 0 1
  outer loop
    vertex -42.50000000000001 -1.650635094612266 30
    vertex -45.00000000000004 2.679491924309906 30
    vertex -47.50000000000001 -1.650635094612305 30
  endloop
endfacet
facet normal 0 -0 1
  outer loop
    vertex -55.00000000000004 2.679491924309834 30
    vertex -52.50000000000004 7.009618943232507 30
    vertex -57.50000000000004 7.009618943232452 30
  endloop
endfacet
facet normal 0 -0 1
  outer loop
    vertex -62.49999999999999 -1.650635094612417 30
    vertex -60.00000000000004 2.679491924309795 30
    vertex -65.00000000000004 2.679491924309749 30
  endloop
endfacet
facet normal -0 0 1
  outer loop
    vertex -72.50000000000009 7.00961894323189 30
    vertex -70.00000000000006 2.679491924309694 30
    vertex -67.50000000000006 7.009618943231978 30
  endloop
endfacet
facet normal 0 -0 1
  outer loop
    vertex -77.50000000000001 -1.650635094612523 30
    vertex -75.00000000000006 2.679491924309674 30
    vertex -80.00000000000003 2.679491924309675 30
  endloop
endfacet
facet normal 0 -0 1
  outer loop
    vertex -82.50000000000001 -1.65063509461253 30
    vertex -80.00000000000003 2.679491924309675 30
    vertex -84.99999999999997 2.679491924309716 30
  endloop
endfacet
facet normal 0 -0 1
  outer loop
    vertex -102.5 -1.650635094612366 30
    vertex -99.99999999999999 2.679491924309783 30
    vertex -105 2.679491924309858 30
  endloop
endfacet
facet normal 0 -0 1
  outer loop
    vertex -127.5 -1.650635094612032 30
    vertex -125 2.679491924310136 30
    vertex -130 2.679491924310197 30
  endloop
endfacet
facet normal 0 0 1
  outer loop
    vertex 80.00000000000006 -5.980762113533523 30
    vertex 77.50000000000011 -10.02895923512444 30
    vertex 82.31785447977141 -10.15873905109806 30
  endloop
endfacet
facet normal -0 0 1
  outer loop
    vertex 29.99999999999991 11.33974596215478 30
    vertex 32.49999999999994 7.009618943232606 30
    vertex 34.99999999999993 11.33974596215487 30
  endloop
endfacet
facet normal 0 0 1
  outer loop
    vertex 34.99999999999993 11.33974596215487 30
    vertex 32.49999999999994 7.009618943232606 30
    vertex 37.49999999999994 7.009618943232709 30
  endloop
endfacet
facet normal 0 0 1
  outer loop
    vertex -9.999999999999989 -5.980762113534245 30
    vertex -14.99999999999998 -5.955754430040867 30
    vertex -12.49999999999995 -10.31088913245646 30
  endloop
endfacet
facet normal 0 -0 1
  outer loop
    vertex -117.6228970190631 -10.63171208359888 30
    vertex -115 -5.980762113534436 30
    vertex -120.0542366196166 -6.017775840185632 30
  endloop
endfacet
facet normal -0 0 1
  outer loop
    vertex -80.00000000000006 11.33974596215437 30
    vertex -75.00000000000009 11.3397459621542 30
    vertex -77.5000000000001 15.66987298107696 30
  endloop
endfacet
facet normal 0 0 1
  outer loop
    vertex 40.00000000000003 -5.980762113533927 30
    vertex 37.31785447977135 -10.20572736732041 30
    vertex 42.35851670336259 -10.62098129123761 30
  endloop
endfacet
facet normal 0 0 1
  outer loop
    vertex 44.97641945056044 -6.032444139997475 30
    vertex 42.35851670336259 -10.62098129123761 30
    vertex 47.50000000000006 -10.31088913245608 30
  endloop
endfacet
facet normal 0 0 1
  outer loop
    vertex -14.99999999999998 -5.955754430040867 30
    vertex -17.49999999999995 -10.16084303149604 30
    vertex -12.49999999999995 -10.31088913245646 30
  endloop
endfacet
facet normal 0 0 1
  outer loop
    vertex 59.99999999999997 20 30
    vertex 54.99999999999997 20 30
    vertex 57.49999999999993 15.66987298107769 30
  endloop
endfacet
facet normal 0 0 1
  outer loop
    vertex 14.99999999999997 20 30
    vertex 9.999999999999972 20 30
    vertex 12.49999999999996 15.66987298107759 30
  endloop
endfacet
facet normal 0 0 1
  outer loop
    vertex -50.00000000000003 20 30
    vertex -55.00000000000003 20 30
    vertex -52.50000000000001 15.66987298107781 30
  endloop
endfacet
facet normal 0 0 1
  outer loop
    vertex -130 20 30
    vertex -135 20 30
    vertex -132.4952998968374 15.66715937525137 30
  endloop
endfacet
facet normal 0 0 1
  outer loop
    vertex -10.00000000000003 -19.99999999999999 30
    vertex -5.000000000000028 -19.99999999999999 30
    vertex -7.500000000000029 -15.6698729810778 30
  endloop
endfacet
facet normal 0 0 1
  outer loop
    vertex 97.49999999999997 -1.650635094611088 30
    vertex 94.99999999999994 2.679491924311062 30
    vertex 92.49999999999997 -1.650635094611146 30
  endloop
endfacet
facet normal 0 -0 1
  outer loop
    vertex 47.49999999999998 -1.650635094611674 30
    vertex 49.99999999999993 2.679491924310563 30
    vertex 44.99999999999995 2.679491924310502 30
  endloop
endfacet
facet normal 0 0 1
  outer loop
    vertex 50.00000000000001 -5.980762113533849 30
    vertex 47.49999999999998 -1.650635094611674 30
    vertex 44.97641945056044 -6.032444139997475 30
  endloop
endfacet
facet normal -0 0 1
  outer loop
    vertex 32.49999999999994 7.009618943232606 30
    vertex 34.99999999999996 2.679491924310429 30
    vertex 37.49999999999994 7.009618943232709 30
  endloop
endfacet
facet normal 0 0 1
  outer loop
    vertex 24.99999999999995 2.679491924310367 30
    vertex 29.99999999999996 2.679491924310399 30
    vertex 27.49999999999993 7.009618943232576 30
  endloop
endfacet
facet normal 0 0 1
  outer loop
    vertex -32.50000000000001 -1.650635094612178 30
    vertex -35.00000000000011 2.679491924310181 30
    vertex -37.50000000000001 -1.650635094612202 30
  endloop
endfacet
facet normal 0 0 1
  outer loop
    vertex -44.99999999999999 -5.980762113534484 30
    vertex -47.50000000000001 -1.650635094612305 30
    vertex -50.0050595977841 -5.930852637169956 30
  endloop
endfacet
facet normal 0 0 1
  outer loop
    vertex -52.5 -1.650635094612338 30
    vertex -57.49999999999999 -1.650635094612375 30
    vertex -55.00028906467369 -5.964848619706192 30
  endloop
endfacet
facet normal 0 0 1
  outer loop
    vertex 130 2.67949192431146 30
    vertex 127.4999999999999 7.00961894323357 30
    vertex 124.9999999999999 2.679491924311411 30
  endloop
endfacet
facet normal 0 -0 1
  outer loop
    vertex 97.49999999999997 -1.650635094611088 30
    vertex 99.99999999999996 2.679491924311139 30
    vertex 94.99999999999994 2.679491924311062 30
  endloop
endfacet
facet normal 0 -0 1
  outer loop
    vertex 62.5 -1.650635094611513 30
    vertex 64.99999999999994 2.679491924310801 30
    vertex 59.99999999999994 2.679491924310646 30
  endloop
endfacet
facet normal 0 0 1
  outer loop
    vertex -47.50000000000001 -1.650635094612305 30
    vertex -50.00000000000004 2.679491924309873 30
    vertex -52.5 -1.650635094612338 30
  endloop
endfacet
facet normal 0 0 1
  outer loop
    vertex -55.00000000000004 2.679491924309834 30
    vertex -50.00000000000004 2.679491924309873 30
    vertex -52.50000000000004 7.009618943232507 30
  endloop
endfacet
facet normal 0 -0 1
  outer loop
    vertex -57.49999999999999 -1.650635094612375 30
    vertex -55.00000000000004 2.679491924309834 30
    vertex -60.00000000000004 2.679491924309795 30
  endloop
endfacet
facet normal 0 -0 1
  outer loop
    vertex -47.53035758670474 -10.01143227426936 30
    vertex -44.99999999999999 -5.980762113534484 30
    vertex -50.0050595977841 -5.930852637169956 30
  endloop
endfacet
facet normal 0 0 1
  outer loop
    vertex -39.99999999999998 -5.980762113534439 30
    vertex -42.68214552022867 -10.20572736732092 30
    vertex -37.6383979325372 -10.58115422332973 30
  endloop
endfacet
facet normal 0 0 1
  outer loop
    vertex 109.9999999999999 2.679491924311242 30
    vertex 107.5 -1.650635094610961 30
    vertex 112.5 -1.650635094610962 30
  endloop
endfacet
facet normal 0 0 1
  outer loop
    vertex 62.5 -1.650635094611513 30
    vertex 59.99999999999994 2.679491924310646 30
    vertex 57.49999999999998 -1.65063509461158 30
  endloop
endfacet
facet normal 0 0 1
  outer loop
    vertex 62.5 -1.650635094611513 30
    vertex 57.49999999999998 -1.65063509461158 30
    vertex 60.00000000000003 -5.980762113533741 30
  endloop
endfacet
facet normal 0 0 1
  outer loop
    vertex 42.49999999999999 -1.650635094611715 30
    vertex 37.49999999999999 -1.650635094611747 30
    vertex 40.00000000000003 -5.980762113533927 30
  endloop
endfacet
facet normal 0 0 1
  outer loop
    vertex -12.50000000000001 -1.650635094612071 30
    vertex -17.50000000000001 -1.650635094612079 30
    vertex -14.99999999999998 -5.955754430040867 30
  endloop
endfacet
facet normal 0 0 1
  outer loop
    vertex -37.50000000000001 -1.650635094612202 30
    vertex -40.00000000000005 2.679491924309942 30
    vertex -42.50000000000001 -1.650635094612266 30
  endloop
endfacet
facet normal 0 0 1
  outer loop
    vertex -52.5 -1.650635094612338 30
    vertex -55.00000000000004 2.679491924309834 30
    vertex -57.49999999999999 -1.650635094612375 30
  endloop
endfacet
facet normal 0 0 1
  outer loop
    vertex -67.5 -1.650635094612467 30
    vertex -70.00000000000006 2.679491924309694 30
    vertex -72.50000000000001 -1.650635094612513 30
  endloop
endfacet
facet normal -0 0 1
  outer loop
    vertex -19.99999999999998 -5.980762113534309 30
    vertex -17.49999999999995 -10.16084303149604 30
    vertex -14.99999999999998 -5.955754430040867 30
  endloop
endfacet
facet normal 0 0 1
  outer loop
    vertex 97.49999999999989 7.009618943233311 30
    vertex 102.4999999999999 7.009618943233368 30
    vertex 99.99999999999991 11.33974596215558 30
  endloop
endfacet
facet normal 0 0 1
  outer loop
    vertex -57.50006666336734 -10.15415707060355 30
    vertex -52.50153656395287 -10.15073100332858 30
    vertex -55.00028906467369 -5.964848619706192 30
  endloop
endfacet
facet normal 0 0 1
  outer loop
    vertex 17.49999999999995 15.66987298107743 30
    vertex 14.99999999999997 20 30
    vertex 12.49999999999996 15.66987298107759 30
  endloop
endfacet
facet normal 0 0 1
  outer loop
    vertex -27.50000000000003 15.66987298107782 30
    vertex -30.00000000000003 20 30
    vertex -32.5 15.66987298107775 30
  endloop
endfacet
facet normal 0 0 1
  outer loop
    vertex -37.49999999999996 15.66987298107761 30
    vertex -40.00000000000003 20 30
    vertex -42.49999999999998 15.6698729810775 30
  endloop
endfacet
facet normal 0 0 1
  outer loop
    vertex 42.38848233455384 -15.73655973907634 30
    vertex 44.99999999999997 -19.99999999999999 30
    vertex 47.49516183944854 -15.81599078560463 30
  endloop
endfacet
facet normal 0 0 1
  outer loop
    vertex 115 11.33974596215561 30
    vertex 112.5 15.66987298107783 30
    vertex 110 11.33974596215566 30
  endloop
endfacet
facet normal 0 0 1
  outer loop
    vertex -7.500000000000028 15.66987298107781 30
    vertex -10.00000000000006 11.33974596215534 30
    vertex -5.000000000000111 11.33974596215534 30
  endloop
endfacet
facet normal 0 0 1
  outer loop
    vertex -122.5 15.66987298107773 30
    vertex -127.5 15.66987298107765 30
    vertex -124.9992166494729 11.33929369451741 30
  endloop
endfacet
facet normal 0 0 1
  outer loop
    vertex -22.50000000000003 15.66987298107781 30
    vertex -25.00000000000007 11.33974596215532 30
    vertex -20.00000000000012 11.33974596215531 30
  endloop
endfacet
facet normal 0 0 1
  outer loop
    vertex -47.50000000000003 15.66987298107781 30
    vertex -50.00000000000004 11.33974596215524 30
    vertex -44.99999999999999 11.33974596215496 30
  endloop
endfacet
facet normal 0 -0 1
  outer loop
    vertex 107.5 7.009618943233457 30
    vertex 110 11.33974596215566 30
    vertex 105 11.33974596215565 30
  endloop
endfacet
facet normal 0 0 1
  outer loop
    vertex 84.99999999999991 2.679491924310921 30
    vertex 89.99999999999993 2.679491924311008 30
    vertex 87.49999999999986 7.009618943233152 30
  endloop
endfacet
facet normal 0 0 1
  outer loop
    vertex 59.99999999999994 2.679491924310646 30
    vertex 64.99999999999994 2.679491924310801 30
    vertex 62.49999999999989 7.009618943232941 30
  endloop
endfacet
facet normal 0 0 1
  outer loop
    vertex 57.49999999999998 -1.65063509461158 30
    vertex 52.49999999999997 -1.650635094611634 30
    vertex 54.99999999999995 -5.980762113533803 30
  endloop
endfacet
facet normal 0 0 1
  outer loop
    vertex 47.49999999999998 -1.650635094611674 30
    vertex 44.99999999999995 2.679491924310502 30
    vertex 42.49999999999999 -1.650635094611715 30
  endloop
endfacet
facet normal 0 0 1
  outer loop
    vertex -9.999999999999989 -5.980762113534245 30
    vertex -12.50000000000001 -1.650635094612071 30
    vertex -14.99999999999998 -5.955754430040867 30
  endloop
endfacet
facet normal 0 0 1
  outer loop
    vertex -17.50000000000001 -1.650635094612079 30
    vertex -19.99999999999998 -5.980762113534309 30
    vertex -14.99999999999998 -5.955754430040867 30
  endloop
endfacet
facet normal 0 0 1
  outer loop
    vertex -60.00000000000004 2.679491924309795 30
    vertex -55.00000000000004 2.679491924309834 30
    vertex -57.50000000000004 7.009618943232452 30
  endloop
endfacet
facet normal 0 0 1
  outer loop
    vertex -67.5 -1.650635094612467 30
    vertex -72.50000000000001 -1.650635094612513 30
    vertex -69.99999999999999 -5.980762113534682 30
  endloop
endfacet
facet normal 0 -0 1
  outer loop
    vertex -72.50000000000001 -1.650635094612513 30
    vertex -70.00000000000006 2.679491924309694 30
    vertex -75.00000000000006 2.679491924309674 30
  endloop
endfacet
facet normal 0 0 1
  outer loop
    vertex -87.5 -1.650635094612526 30
    vertex -90 -5.980762113534727 30
    vertex -85.01755370659801 -6.031876181157593 30
  endloop
endfacet
facet normal 0 0 1
  outer loop
    vertex -102.5 -1.650635094612366 30
    vertex -105 2.679491924309858 30
    vertex -107.5 -1.6506350946123 30
  endloop
endfacet
facet normal 0 0 1
  outer loop
    vertex -102.5 -1.650635094612366 30
    vertex -107.5 -1.6506350946123 30
    vertex -105 -5.955754430041138 30
  endloop
endfacet
facet normal -0 0 1
  outer loop
    vertex -115 2.679491924310005 30
    vertex -110 2.679491924309924 30
    vertex -112.4999999999999 7.009618943232157 30
  endloop
endfacet
facet normal 0 0 1
  outer loop
    vertex 97.50000000000001 -10.0289592351242 30
    vertex 95.00000000000001 -5.980762113533292 30
    vertex 92.50000000000003 -9.981970918902363 30
  endloop
endfacet
facet normal 0 0 1
  outer loop
    vertex 50.00000000000001 -5.980762113533849 30
    vertex 47.50000000000006 -10.31088913245608 30
    vertex 52.50000000000004 -10.16084303149558 30
  endloop
endfacet
facet normal -0 0 1
  outer loop
    vertex 20.00000000000002 -5.980762113534052 30
    vertex 22.50000000000005 -10.31088913245622 30
    vertex 24.99890063971051 -5.945750845951918 30
  endloop
endfacet
facet normal 0 0 1
  outer loop
    vertex -115 11.33974596215476 30
    vertex -112.4999999999999 7.009618943232157 30
    vertex -109.9999999999998 11.33974596215449 30
  endloop
endfacet
facet normal 0 0 1
  outer loop
    vertex 127.4999999999999 -1.650635094610741 30
    vertex 125 -5.980762113532958 30
    vertex 130 -5.980762113532917 30
  endloop
endfacet
facet normal 0 0 1
  outer loop
    vertex -7.49999999999996 -10.31088913245643 30
    vertex -9.999999999999989 -5.980762113534245 30
    vertex -12.49999999999995 -10.31088913245646 30
  endloop
endfacet
facet normal 0 0 1
  outer loop
    vertex 40.00000000000003 -5.980762113533927 30
    vertex 42.35851670336259 -10.62098129123761 30
    vertex 44.97641945056044 -6.032444139997475 30
  endloop
endfacet
facet normal 0 0 1
  outer loop
    vertex 77.50000000000011 -10.02895923512444 30
    vertex 75.00000000000006 -5.980762113533576 30
    vertex 72.38018834503723 -10.59667974183492 30
  endloop
endfacet
facet normal 0 0 1
  outer loop
    vertex -8.023211724624464e-14 11.33974596215551 30
    vertex -2.500000000000036 15.66987298107779 30
    vertex -5.000000000000111 11.33974596215534 30
  endloop
endfacet
facet normal 0 -0 1
  outer loop
    vertex 92.49999999999997 -1.650635094611146 30
    vertex 94.99999999999994 2.679491924311062 30
    vertex 89.99999999999993 2.679491924311008 30
  endloop
endfacet
facet normal 0 -0 1
  outer loop
    vertex 72.5 -1.650635094611411 30
    vertex 74.99999999999994 2.679491924310803 30
    vertex 69.99999999999994 2.679491924310851 30
  endloop
endfacet
facet normal 0 -0 1
  outer loop
    vertex -92.5 -1.650635094612513 30
    vertex -89.99999999999996 2.679491924309724 30
    vertex -94.99999999999997 2.679491924309721 30
  endloop
endfacet
facet normal 0 -0 1
  outer loop
    vertex -112.5 -1.650635094612234 30
    vertex -110 2.679491924309924 30
    vertex -115 2.679491924310005 30
  endloop
endfacet
facet normal 0 0 1
  outer loop
    vertex 134.9999999999999 -5.980762113532842 30
    vertex 132.5 -10.31088913245509 30
    vertex 137.4669850839624 -10.09475083435862 30
  endloop
endfacet
facet normal 0 0 1
  outer loop
    vertex -19.99999999999998 -5.980762113534309 30
    vertex -24.99999999999998 -5.980762113534347 30
    vertex -22.49999999999994 -10.15365671298153 30
  endloop
endfacet
facet normal 0 0 1
  outer loop
    vertex 97.49999999999997 -1.650635094611088 30
    vertex 92.49999999999997 -1.650635094611146 30
    vertex 95.00000000000001 -5.980762113533292 30
  endloop
endfacet
facet normal 0 0 1
  outer loop
    vertex 80.00000000000006 -5.980762113533523 30
    vertex 77.5 -1.650635094611366 30
    vertex 75.00000000000006 -5.980762113533576 30
  endloop
endfacet
facet normal 0 0 1
  outer loop
    vertex 67.5 -1.650635094611452 30
    vertex 64.99999999999994 2.679491924310801 30
    vertex 62.5 -1.650635094611513 30
  endloop
endfacet
facet normal 0 0 1
  outer loop
    vertex 27.49999999999998 -1.650635094611815 30
    vertex 22.49999999999999 -1.650635094611842 30
    vertex 24.99890063971051 -5.945750845951918 30
  endloop
endfacet
facet normal -0 0 1
  outer loop
    vertex 9.999999999999968 2.679491924310427 30
    vertex 14.99999999999996 2.679491924310298 30
    vertex 12.49999999999995 7.009618943232631 30
  endloop
endfacet
facet normal 0 0 1
  outer loop
    vertex -122.5000000000001 -1.65063509461211 30
    vertex -125 2.679491924310136 30
    vertex -127.5 -1.650635094612032 30
  endloop
endfacet
facet normal 0 0 1
  outer loop
    vertex -122.5000000000001 -1.65063509461211 30
    vertex -127.5 -1.650635094612032 30
    vertex -125.0000000000001 -5.980762113534288 30
  endloop
endfacet
facet normal 0 0 1
  outer loop
    vertex 92.50000000000003 -9.981970918902363 30
    vertex 89.99494040221586 -5.921716020125682 30
    vertex 87.35798806904559 -10.56774679919392 30
  endloop
endfacet
facet normal 0 0 1
  outer loop
    vertex 74.99999999999997 20 30
    vertex 72.49999999999994 15.66987298107773 30
    vertex 77.49999999999993 15.6698729810778 30
  endloop
endfacet
facet normal 0 0 1
  outer loop
    vertex 44.99999999999997 20 30
    vertex 42.5 15.66987298107775 30
    vertex 47.49999999999998 15.66987298107763 30
  endloop
endfacet
facet normal 0 0 1
  outer loop
    vertex -45.00000000000003 20 30
    vertex -47.50000000000003 15.66987298107781 30
    vertex -42.49999999999998 15.6698729810775 30
  endloop
endfacet
facet normal 0 0 1
  outer loop
    vertex -55.00000000000003 20 30
    vertex -57.5 15.66987298107783 30
    vertex -52.50000000000001 15.66987298107781 30
  endloop
endfacet
facet normal 0 0 1
  outer loop
    vertex -140 -19.99999999999999 30
    vertex -135 -19.99999999999999 30
    vertex -137.5 -15.66987298107781 30
  endloop
endfacet
facet normal 0 -0 1
  outer loop
    vertex 24.99999999999997 -19.99999999999999 30
    vertex 27.3698960569795 -16.13312256329928 30
    vertex 22.49999999999998 -15.66987298107781 30
  endloop
endfacet
facet normal 0 -0 1
  outer loop
    vertex 64.99999999999991 11.33974596215561 30
    vertex 67.49999999999997 15.66987298107782 30
    vertex 62.49999999999994 15.66987298107778 30
  endloop
endfacet
facet normal 0 0 1
  outer loop
    vertex 82.5 -1.650635094611296 30
    vertex 79.99999999999991 2.679491924310855 30
    vertex 77.5 -1.650635094611366 30
  endloop
endfacet
facet normal 0 0 1
  outer loop
    vertex -57.49999999999999 -1.650635094612375 30
    vertex -60.00000000000004 2.679491924309795 30
    vertex -62.49999999999999 -1.650635094612417 30
  endloop
endfacet
facet normal 0 0 1
  outer loop
    vertex -79.9696424132952 -5.955403766641749 30
    vertex -82.50000000000001 -1.65063509461253 30
    vertex -85.01755370659801 -6.031876181157593 30
  endloop
endfacet
facet normal 0 0 1
  outer loop
    vertex 50.00000000000001 -5.980762113533849 30
    vertex 44.97641945056044 -6.032444139997475 30
    vertex 47.50000000000006 -10.31088913245608 30
  endloop
endfacet
facet normal -0 0 1
  outer loop
    vertex 12.49999999999995 7.009618943232631 30
    vertex 17.49999999999993 7.00961894323251 30
    vertex 14.99999999999995 11.3397459621549 30
  endloop
endfacet
facet normal -0 0 1
  outer loop
    vertex -39.99999999999998 -5.980762113534439 30
    vertex -37.6383979325372 -10.58115422332973 30
    vertex -35.02306632208952 -5.97098659308771 30
  endloop
endfacet
facet normal 0 0 1
  outer loop
    vertex -25.00000000000003 20 30
    vertex -30.00000000000003 20 30
    vertex -27.50000000000003 15.66987298107782 30
  endloop
endfacet
facet normal 0 0 1
  outer loop
    vertex -40.00000000000003 20 30
    vertex -45.00000000000003 20 30
    vertex -42.49999999999998 15.6698729810775 30
  endloop
endfacet
facet normal 0 0 1
  outer loop
    vertex -105 -19.99999999999999 30
    vertex -100 -19.99999999999999 30
    vertex -102.5 -15.66987298107781 30
  endloop
endfacet
facet normal 0 0 1
  outer loop
    vertex 19.99999999999997 -19.99999999999999 30
    vertex 24.99999999999997 -19.99999999999999 30
    vertex 22.49999999999998 -15.66987298107781 30
  endloop
endfacet
facet normal 0 0 1
  outer loop
    vertex 92.49999999999997 -1.650635094611146 30
    vertex 89.99999999999993 2.679491924311008 30
    vertex 87.5 -1.650635094611214 30
  endloop
endfacet
facet normal 0 0 1
  outer loop
    vertex 87.5 -1.650635094611214 30
    vertex 84.99999999999991 2.679491924310921 30
    vertex 82.5 -1.650635094611296 30
  endloop
endfacet
facet normal 0 0 1
  outer loop
    vertex 79.99999999999991 2.679491924310855 30
    vertex 84.99999999999991 2.679491924310921 30
    vertex 82.49999999999984 7.009618943233173 30
  endloop
endfacet
facet normal 0 0 1
  outer loop
    vertex 22.49999999999999 -1.650635094611842 30
    vertex 20.00000000000002 -5.980762113534052 30
    vertex 24.99890063971051 -5.945750845951918 30
  endloop
endfacet
facet normal 0 0 1
  outer loop
    vertex -62.49999999999999 -1.650635094612417 30
    vertex -65.00000000000004 2.679491924309749 30
    vertex -67.5 -1.650635094612467 30
  endloop
endfacet
facet normal 0 0 1
  outer loop
    vertex -75.00000000000006 2.679491924309674 30
    vertex -70.00000000000006 2.679491924309694 30
    vertex -72.50000000000009 7.00961894323189 30
  endloop
endfacet
facet normal 0 0 1
  outer loop
    vertex -110 -5.980762113534468 30
    vertex -112.5 -1.650635094612234 30
    vertex -115 -5.980762113534436 30
  endloop
endfacet
facet normal 0 0 1
  outer loop
    vertex -125.0000000000001 -5.980762113534288 30
    vertex -127.5 -1.650635094612032 30
    vertex -129.9961963082962 -5.97856605110507 30
  endloop
endfacet
facet normal 0 0 1
  outer loop
    vertex 42.5 15.66987298107775 30
    vertex 45.00000000000004 11.33974596215547 30
    vertex 47.49999999999998 15.66987298107763 30
  endloop
endfacet
facet normal 0 0 1
  outer loop
    vertex 52.49999999999994 15.66987298107762 30
    vertex 49.99999999999997 20 30
    vertex 47.49999999999998 15.66987298107763 30
  endloop
endfacet
facet normal 0 -0 1
  outer loop
    vertex 82.5 -1.650635094611296 30
    vertex 84.99999999999991 2.679491924310921 30
    vertex 79.99999999999991 2.679491924310855 30
  endloop
endfacet
facet normal -0 0 1
  outer loop
    vertex 117.4999999999999 -1.650635094610877 30
    vertex 120 -5.980762113533025 30
    vertex 122.4999999999999 -1.650635094610803 30
  endloop
endfacet
facet normal 0 0 1
  outer loop
    vertex 52.50000000000004 -10.16084303149558 30
    vertex 57.50000000000006 -10.15365671298097 30
    vertex 54.99999999999995 -5.980762113533803 30
  endloop
endfacet
facet normal 0 -0 1
  outer loop
    vertex 44.99999999999995 2.679491924310502 30
    vertex 47.49999999999996 7.00961894323287 30
    vertex 42.49999999999997 7.009618943232867 30
  endloop
endfacet
facet normal -0 0 1
  outer loop
    vertex 80.00000000000006 -5.980762113533523 30
    vertex 82.31785447977141 -10.15873905109806 30
    vertex 84.96964241329526 -5.955403766640498 30
  endloop
endfacet
facet normal 0 0 1
  outer loop
    vertex 130 -5.980762113532917 30
    vertex 125 -5.980762113532958 30
    vertex 127.5 -9.98197091890205 30
  endloop
endfacet
facet normal -0 0 1
  outer loop
    vertex 127.4999999999999 -1.650635094610741 30
    vertex 130 -5.980762113532917 30
    vertex 132.4999999999999 -1.650635094610727 30
  endloop
endfacet
facet normal 0 -0 1
  outer loop
    vertex 105 11.33974596215565 30
    vertex 107.5 15.66987298107783 30
    vertex 102.5 15.66987298107781 30
  endloop
endfacet
facet normal 0 0 1
  outer loop
    vertex 57.49999999999986 7.009618943232891 30
    vertex 54.99999999999991 11.33974596215526 30
    vertex 52.49999999999989 7.00961894323288 30
  endloop
endfacet
facet normal 0 0 1
  outer loop
    vertex -77.50000000000001 -1.650635094612523 30
    vertex -80.00000000000003 2.679491924309675 30
    vertex -82.50000000000001 -1.65063509461253 30
  endloop
endfacet
facet normal 0 0 1
  outer loop
    vertex 67.49999999999997 15.66987298107782 30
    vertex 64.99999999999997 20 30
    vertex 62.49999999999994 15.66987298107778 30
  endloop
endfacet
facet normal 0 0 1
  outer loop
    vertex -30.00000000000003 20 30
    vertex -35.00000000000003 20 30
    vertex -32.5 15.66987298107775 30
  endloop
endfacet
facet normal 0 0 1
  outer loop
    vertex 44.99999999999997 -19.99999999999999 30
    vertex 49.99999999999997 -19.99999999999999 30
    vertex 47.49516183944854 -15.81599078560463 30
  endloop
endfacet
facet normal 0 0 1
  outer loop
    vertex 87.5 -1.650635094611214 30
    vertex 84.96964241329526 -5.955403766640498 30
    vertex 89.99494040221586 -5.921716020125682 30
  endloop
endfacet
facet normal 0 0 1
  outer loop
    vertex 44.99999999999995 2.679491924310502 30
    vertex 49.99999999999993 2.679491924310563 30
    vertex 47.49999999999996 7.00961894323287 30
  endloop
endfacet
facet normal 0 -0 1
  outer loop
    vertex 14.99999999999996 2.679491924310298 30
    vertex 17.49999999999993 7.00961894323251 30
    vertex 12.49999999999995 7.009618943232631 30
  endloop
endfacet
facet normal 0 0 1
  outer loop
    vertex -59.99999999999996 -5.980762113534587 30
    vertex -62.49999999999999 -1.650635094612417 30
    vertex -64.99999999999997 -5.954556710288813 30
  endloop
endfacet
facet normal 0 0 1
  outer loop
    vertex -67.5 -1.650635094612467 30
    vertex -69.99999999999999 -5.980762113534682 30
    vertex -64.99999999999997 -5.954556710288813 30
  endloop
endfacet
facet normal 0 0 1
  outer loop
    vertex -87.5 -1.650635094612526 30
    vertex -92.5 -1.650635094612513 30
    vertex -90 -5.980762113534727 30
  endloop
endfacet
facet normal -0 0 1
  outer loop
    vertex -130 2.679491924310197 30
    vertex -125 2.679491924310136 30
    vertex -127.499328556691 7.009231285257511 30
  endloop
endfacet
facet normal -0 0 1
  outer loop
    vertex 130 2.67949192431146 30
    vertex 134.9999999999999 2.679491924311408 30
    vertex 132.5 7.009618943233619 30
  endloop
endfacet
facet normal 0 0 1
  outer loop
    vertex -35.00000000000003 20 30
    vertex -37.49999999999996 15.66987298107761 30
    vertex -32.5 15.66987298107775 30
  endloop
endfacet
facet normal 0 0 1
  outer loop
    vertex -95.00000000000003 20 30
    vertex -97.50000000000003 15.66987298107782 30
    vertex -92.49999999999996 15.66987298107748 30
  endloop
endfacet
facet normal 0 -0 1
  outer loop
    vertex -100 -19.99999999999999 30
    vertex -97.63010394302052 -16.13312256329938 30
    vertex -102.5 -15.66987298107781 30
  endloop
endfacet
facet normal 0 -0 1
  outer loop
    vertex 49.99999999999997 -19.99999999999999 30
    vertex 52.49999999999996 -15.6698729810778 30
    vertex 47.49516183944854 -15.81599078560463 30
  endloop
endfacet
facet normal 0 -0 1
  outer loop
    vertex -32.49999999999995 -9.981970918903334 30
    vertex -29.99999999999997 -5.980762113534382 30
    vertex -35.02306632208952 -5.97098659308771 30
  endloop
endfacet
facet normal 0 0 1
  outer loop
    vertex 125 -5.980762113532958 30
    vertex 120 -5.980762113533025 30
    vertex 122.5 -10.02895923512397 30
  endloop
endfacet
facet normal 0 0 1
  outer loop
    vertex 132.4999999999999 -1.650635094610727 30
    vertex 130 -5.980762113532917 30
    vertex 134.9999999999999 -5.980762113532842 30
  endloop
endfacet
facet normal 0 -0 1
  outer loop
    vertex -32.50000000000027 7.009618943233161 30
    vertex -30.00000000000009 11.33974596215545 30
    vertex -34.99999999999996 11.33974596215539 30
  endloop
endfacet
facet normal 0 0 1
  outer loop
    vertex -2.500000000000036 15.66987298107779 30
    vertex -7.500000000000028 15.66987298107781 30
    vertex -5.000000000000111 11.33974596215534 30
  endloop
endfacet
facet normal 0 0 1
  outer loop
    vertex -80.00000000000003 20 30
    vertex -85.00000000000003 20 30
    vertex -82.50000000000001 15.66987298107715 30
  endloop
endfacet
facet normal 0 -0 1
  outer loop
    vertex -132.5 -1.650635094611945 30
    vertex -130 2.679491924310197 30
    vertex -135 2.679491924310298 30
  endloop
endfacet
facet normal 0 0 1
  outer loop
    vertex 137.5000000000001 7.009618943233479 30
    vertex 134.9999999999999 2.679491924311408 30
    vertex 140.1258684360288 2.642648632586275 30
  endloop
endfacet
facet normal 0 0 1
  outer loop
    vertex -17.50000000000004 15.66987298107778 30
    vertex -22.50000000000003 15.66987298107781 30
    vertex -20.00000000000012 11.33974596215531 30
  endloop
endfacet
facet normal 0 0 1
  outer loop
    vertex 107.5 -1.650635094610961 30
    vertex 102.5 -1.650635094611018 30
    vertex 105.0252979889206 -5.960313992534573 30
  endloop
endfacet
facet normal 0 0 1
  outer loop
    vertex -29.99999999999997 -5.980762113534382 30
    vertex -32.50000000000001 -1.650635094612178 30
    vertex -35.02306632208952 -5.97098659308771 30
  endloop
endfacet
facet normal 0 0 1
  outer loop
    vertex -70.00000000000006 2.679491924309694 30
    vertex -65.00000000000004 2.679491924309749 30
    vertex -67.50000000000006 7.009618943231978 30
  endloop
endfacet
facet normal 0 0 1
  outer loop
    vertex -94.99999999999997 2.679491924309721 30
    vertex -89.99999999999996 2.679491924309724 30
    vertex -92.49999999999991 7.00961894323224 30
  endloop
endfacet
facet normal 0 -0 1
  outer loop
    vertex -94.99999999999997 2.679491924309721 30
    vertex -92.49999999999991 7.00961894323224 30
    vertex -97.49999999999994 7.009618943232408 30
  endloop
endfacet
facet normal 0 0 1
  outer loop
    vertex -127.5 -1.650635094612032 30
    vertex -130 2.679491924310197 30
    vertex -132.5 -1.650635094611945 30
  endloop
endfacet
facet normal 0 -0 1
  outer loop
    vertex 17.49999999999993 7.00961894323251 30
    vertex 19.99999999999994 11.3397459621549 30
    vertex 14.99999999999995 11.3397459621549 30
  endloop
endfacet
facet normal 0 0 1
  outer loop
    vertex -137.3549682452694 6.925884820597813 30
    vertex -132.4999999999999 7.009618943232432 30
    vertex -134.9758280408782 11.32579027504909 30
  endloop
endfacet
facet normal 0 -0 1
  outer loop
    vertex -137.3549682452694 6.925884820597813 30
    vertex -134.9758280408782 11.32579027504909 30
    vertex -140.75579413309 10.8981532871963 30
  endloop
endfacet
facet normal 0 0 1
  outer loop
    vertex 107.6517879335238 -10.18820040646368 30
    vertex 105.0252979889206 -5.960313992534573 30
    vertex 102.637881647049 -10.5820739411213 30
  endloop
endfacet
facet normal 0 0 1
  outer loop
    vertex -77.31785447977127 -10.15873905109924 30
    vertex -79.9696424132952 -5.955403766641749 30
    vertex -82.49566320189929 -10.91775572873973 30
  endloop
endfacet
facet normal 0 0 1
  outer loop
    vertex -70.00000000000003 11.33974596215426 30
    vertex -72.50000000000009 7.00961894323189 30
    vertex -67.50000000000006 7.009618943231978 30
  endloop
endfacet
facet normal 0 -0 1
  outer loop
    vertex 29.99999999999991 11.33974596215478 30
    vertex 32.49999999999995 15.66987298107738 30
    vertex 27.49999999999994 15.66987298107739 30
  endloop
endfacet
facet normal 0 0 1
  outer loop
    vertex 72.49999999999994 15.66987298107773 30
    vertex 67.49999999999997 15.66987298107782 30
    vertex 69.99999999999994 11.3397459621556 30
  endloop
endfacet
facet normal 0 0 1
  outer loop
    vertex 112.4999999999999 7.009618943233415 30
    vertex 110 11.33974596215566 30
    vertex 107.5 7.009618943233457 30
  endloop
endfacet
facet normal -0 0 1
  outer loop
    vertex -99.99999999999999 2.679491924309783 30
    vertex -94.99999999999997 2.679491924309721 30
    vertex -97.49999999999994 7.009618943232408 30
  endloop
endfacet
facet normal 0 0 1
  outer loop
    vertex 112.3178544797712 -10.20572736731963 30
    vertex 109.9999999999999 -5.980762113533146 30
    vertex 107.6517879335238 -10.18820040646368 30
  endloop
endfacet
facet normal 0 0 1
  outer loop
    vertex 47.49999999999996 7.00961894323287 30
    vertex 52.49999999999989 7.00961894323288 30
    vertex 49.99999999999996 11.33974596215514 30
  endloop
endfacet
facet normal 0 0 1
  outer loop
    vertex 132.5 -10.31088913245509 30
    vertex 130 -5.980762113532917 30
    vertex 127.5 -9.98197091890205 30
  endloop
endfacet
facet normal 0 0 1
  outer loop
    vertex 112.4999999999999 7.009618943233415 30
    vertex 109.9999999999999 2.679491924311242 30
    vertex 114.9999999999999 2.679491924311256 30
  endloop
endfacet
facet normal 0 -0 1
  outer loop
    vertex 84.99999999999991 2.679491924310921 30
    vertex 87.49999999999986 7.009618943233152 30
    vertex 82.49999999999984 7.009618943233173 30
  endloop
endfacet
facet normal 0 -0 1
  outer loop
    vertex -135 -19.99999999999999 30
    vertex -132.6301039430207 -16.13312256329932 30
    vertex -137.5 -15.66987298107781 30
  endloop
endfacet
facet normal 0 0 1
  outer loop
    vertex 112.5 -1.650635094610962 30
    vertex 117.4999999999999 -1.650635094610877 30
    vertex 114.9999999999999 2.679491924311256 30
  endloop
endfacet
facet normal 0 0 1
  outer loop
    vertex 105 20 30
    vertex 99.99999999999997 20 30
    vertex 102.5 15.66987298107781 30
  endloop
endfacet
facet normal 0 -0 1
  outer loop
    vertex 140 -19.99999999999999 30
    vertex 142.5 -15.6698729810778 30
    vertex 137.5 -15.66987298107786 30
  endloop
endfacet
facet normal 0 0 1
  outer loop
    vertex 67.5 -1.650635094611452 30
    vertex 65.00000000000004 -5.980762113533682 30
    vertex 69.94634570260803 -6.010974162908852 30
  endloop
endfacet
facet normal 0 0 1
  outer loop
    vertex -82.50000000000001 -1.65063509461253 30
    vertex -87.5 -1.650635094612526 30
    vertex -85.01755370659801 -6.031876181157593 30
  endloop
endfacet
facet normal 0 0 1
  outer loop
    vertex -102.4999999999999 7.009618943232522 30
    vertex -99.99999999999999 2.679491924309783 30
    vertex -97.49999999999994 7.009618943232408 30
  endloop
endfacet
facet normal 0 -0 1
  outer loop
    vertex -125 2.679491924310136 30
    vertex -122.5 7.009618943232494 30
    vertex -127.499328556691 7.009231285257511 30
  endloop
endfacet
facet normal 0 0 1
  outer loop
    vertex 112.5 -1.650635094610962 30
    vertex 107.5 -1.650635094610961 30
    vertex 109.9999999999999 -5.980762113533146 30
  endloop
endfacet
facet normal -0 0 1
  outer loop
    vertex -70.00000000000003 11.33974596215426 30
    vertex -67.50000000000006 7.009618943231978 30
    vertex -64.99999999999999 11.33974596215473 30
  endloop
endfacet
facet normal 0 0 1
  outer loop
    vertex -77.50000000000001 -1.650635094612523 30
    vertex -82.50000000000001 -1.65063509461253 30
    vertex -79.9696424132952 -5.955403766641749 30
  endloop
endfacet
facet normal 0 0 1
  outer loop
    vertex 134.9999999999999 -5.980762113532842 30
    vertex 137.4669850839624 -10.09475083435862 30
    vertex 139.9864744691239 -6.015640609847509 30
  endloop
endfacet
facet normal 0 0 1
  outer loop
    vertex 49.99999999999997 20 30
    vertex 44.99999999999997 20 30
    vertex 47.49999999999998 15.66987298107763 30
  endloop
endfacet
facet normal 0 0 1
  outer loop
    vertex 112.3178544797712 -10.20572736731963 30
    vertex 107.6517879335238 -10.18820040646368 30
    vertex 109.9963860015827 -14.08040028432693 30
  endloop
endfacet
facet normal 0 0 1
  outer loop
    vertex -92.49999999999996 -10.02895923512551 30
    vertex -94.99999999999997 -5.980762113534702 30
    vertex -97.50000000000001 -10.15365671298188 30
  endloop
endfacet
facet normal 0 0 1
  outer loop
    vertex -37.6383979325372 -10.58115422332973 30
    vertex -32.49999999999995 -9.981970918903334 30
    vertex -35.02306632208952 -5.97098659308771 30
  endloop
endfacet
facet normal 0 0 1
  outer loop
    vertex -107.5 -1.6506350946123 30
    vertex -110 2.679491924309924 30
    vertex -112.5 -1.650635094612234 30
  endloop
endfacet
facet normal 0 0 1
  outer loop
    vertex 132.4931891519893 15.67380522601021 30
    vertex 127.5 15.66987298107782 30
    vertex 129.9985673958347 11.34573931675649 30
  endloop
endfacet
facet normal 0 -0 1
  outer loop
    vertex -135 2.679491924310298 30
    vertex -132.4999999999999 7.009618943232432 30
    vertex -137.3549682452694 6.925884820597813 30
  endloop
endfacet
facet normal 0 0 1
  outer loop
    vertex 105.0252979889206 -5.960313992534573 30
    vertex 99.99999999999997 -5.980762113533239 30
    vertex 102.637881647049 -10.5820739411213 30
  endloop
endfacet
facet normal 0 0 1
  outer loop
    vertex 137.4591349119362 15.69346645067198 30
    vertex 135 20 30
    vertex 132.4931891519893 15.67380522601021 30
  endloop
endfacet
facet normal 0 0 1
  outer loop
    vertex 97.49999999999996 15.66987298107781 30
    vertex 94.99999999999997 20 30
    vertex 92.49999999999994 15.66987298107779 30
  endloop
endfacet
facet normal -0 0 1
  outer loop
    vertex -67.36989605697948 -16.13312256329939 30
    vertex -65.00000000000003 -19.99999999999999 30
    vertex -62.50000000000001 -15.6698729810779 30
  endloop
endfacet
facet normal 0 0 1
  outer loop
    vertex -62.49999999999999 -1.650635094612417 30
    vertex -67.5 -1.650635094612467 30
    vertex -64.99999999999997 -5.954556710288813 30
  endloop
endfacet
facet normal 0 -0 1
  outer loop
    vertex -102.5000000000001 -10.16084303149635 30
    vertex -100 -5.980762113534647 30
    vertex -105 -5.955754430041138 30
  endloop
endfacet
facet normal 0 0 1
  outer loop
    vertex 109.9999999999999 -5.980762113533146 30
    vertex 107.5 -1.650635094610961 30
    vertex 105.0252979889206 -5.960313992534573 30
  endloop
endfacet
facet normal 0 0 1
  outer loop
    vertex 99.99999999999997 -5.980762113533239 30
    vertex 97.50000000000001 -10.0289592351242 30
    vertex 102.637881647049 -10.5820739411213 30
  endloop
endfacet
facet normal 0 -0 1
  outer loop
    vertex -82.49566320189929 -10.91775572873973 30
    vertex -79.9696424132952 -5.955403766641749 30
    vertex -85.01755370659801 -6.031876181157593 30
  endloop
endfacet
facet normal 0 0 1
  outer loop
    vertex 120 20 30
    vertex 117.5 15.66987298107781 30
    vertex 122.4999999999999 15.66987298107782 30
  endloop
endfacet
facet normal 0 -0 1
  outer loop
    vertex -77.31785447977127 -10.15873905109924 30
    vertex -75 -5.980762113534696 30
    vertex -79.9696424132952 -5.955403766641749 30
  endloop
endfacet
facet normal 0 0 1
  outer loop
    vertex 135 -19.99999999999999 30
    vertex 140 -19.99999999999999 30
    vertex 137.5 -15.66987298107786 30
  endloop
endfacet
facet normal 0 0 1
  outer loop
    vertex -50.0050595977841 -5.930852637169956 30
    vertex -52.5 -1.650635094612338 30
    vertex -55.00028906467369 -5.964848619706192 30
  endloop
endfacet
facet normal 0 0 1
  outer loop
    vertex 102.5 -1.650635094611018 30
    vertex 99.99999999999997 -5.980762113533239 30
    vertex 105.0252979889206 -5.960313992534573 30
  endloop
endfacet
facet normal 0 0 1
  outer loop
    vertex -10.00000000000004 2.679491924310135 30
    vertex -5.000000000000101 2.679491924310355 30
    vertex -7.500000000000148 7.009618943232595 30
  endloop
endfacet
facet normal -0 0 1
  outer loop
    vertex -135 2.679491924310298 30
    vertex -130 2.679491924310197 30
    vertex -132.4999999999999 7.009618943232432 30
  endloop
endfacet
facet normal 0 -0 1
  outer loop
    vertex -60.00000000000003 11.33974596215523 30
    vertex -57.5 15.66987298107783 30
    vertex -62.49999999999991 15.66987298107775 30
  endloop
endfacet
facet normal 0 0 1
  outer loop
    vertex 117.4999999999999 7.009618943233432 30
    vertex 112.4999999999999 7.009618943233415 30
    vertex 114.9999999999999 2.679491924311256 30
  endloop
endfacet
facet normal 0 0 1
  outer loop
    vertex 94.99999999999997 20 30
    vertex 89.99999999999997 20 30
    vertex 92.49999999999994 15.66987298107779 30
  endloop
endfacet
facet normal 0 0 1
  outer loop
    vertex 52.49999999999997 -1.650635094611634 30
    vertex 50.00000000000001 -5.980762113533849 30
    vertex 54.99999999999995 -5.980762113533803 30
  endloop
endfacet
facet normal 0 -0 1
  outer loop
    vertex 107.6517879335238 -10.18820040646368 30
    vertex 109.9999999999999 -5.980762113533146 30
    vertex 105.0252979889206 -5.960313992534573 30
  endloop
endfacet
facet normal 0 -0 1
  outer loop
    vertex 132.5 7.009618943233619 30
    vertex 134.9982152230193 11.37177384482806 30
    vertex 129.9985673958347 11.34573931675649 30
  endloop
endfacet
facet normal 0 0 1
  outer loop
    vertex 89.99999999999997 20 30
    vertex 84.99999999999997 20 30
    vertex 87.4999999999999 15.66987298107776 30
  endloop
endfacet
facet normal 0 0 1
  outer loop
    vertex 82.4999999999999 15.66987298107781 30
    vertex 79.99999999999997 20 30
    vertex 77.49999999999993 15.6698729810778 30
  endloop
endfacet
facet normal 0 0 1
  outer loop
    vertex 74.99999999999997 20 30
    vertex 69.99999999999997 20 30
    vertex 72.49999999999994 15.66987298107773 30
  endloop
endfacet
facet normal 0 0 1
  outer loop
    vertex 69.99999999999994 11.3397459621556 30
    vertex 67.49999999999997 15.66987298107782 30
    vertex 64.99999999999991 11.33974596215561 30
  endloop
endfacet
facet normal 0 0 1
  outer loop
    vertex -90 -5.980762113534727 30
    vertex -94.99999999999997 -5.980762113534702 30
    vertex -92.49999999999996 -10.02895923512551 30
  endloop
endfacet
facet normal 0 -0 1
  outer loop
    vertex -52.50153656395287 -10.15073100332858 30
    vertex -50.0050595977841 -5.930852637169956 30
    vertex -55.00028906467369 -5.964848619706192 30
  endloop
endfacet
facet normal 0 0 1
  outer loop
    vertex 72.5 -1.650635094611411 30
    vertex 67.5 -1.650635094611452 30
    vertex 69.94634570260803 -6.010974162908852 30
  endloop
endfacet
facet normal 0 0 1
  outer loop
    vertex -90 -5.980762113534727 30
    vertex -87.68214552022866 -10.15873905109922 30
    vertex -85.01755370659801 -6.031876181157593 30
  endloop
endfacet
facet normal 0 0 1
  outer loop
    vertex -137.5000000000003 -10.31088913245623 30
    vertex -140.7768356725304 -5.610017518958729 30
    vertex -142.3807656874062 -10.43765358606887 30
  endloop
endfacet
facet normal 0 0 1
  outer loop
    vertex -132.5 -1.650635094611945 30
    vertex -135 2.679491924310298 30
    vertex -137.3630670986561 -1.571576847159904 30
  endloop
endfacet
facet normal 0 0 1
  outer loop
    vertex -40.00000000000005 2.679491924309942 30
    vertex -35.00000000000011 2.679491924310181 30
    vertex -37.50000000000001 7.009618943232635 30
  endloop
endfacet
facet normal 0 0 1
  outer loop
    vertex 130 2.67949192431146 30
    vertex 132.4999999999999 -1.650635094610727 30
    vertex 134.9999999999999 2.679491924311408 30
  endloop
endfacet
facet normal 0 0 1
  outer loop
    vertex 64.99999999999997 20 30
    vertex 59.99999999999997 20 30
    vertex 62.49999999999994 15.66987298107778 30
  endloop
endfacet
facet normal -0 0 1
  outer loop
    vertex 117.5 15.66987298107781 30
    vertex 119.9999999999999 11.33974596215564 30
    vertex 122.4999999999999 15.66987298107782 30
  endloop
endfacet
facet normal 0 0 1
  outer loop
    vertex -25.00000000000004 2.679491924310031 30
    vertex -20.00000000000011 2.67949192431026 30
    vertex -22.50000000000016 7.009618943232512 30
  endloop
endfacet
facet normal 0 -0 1
  outer loop
    vertex -80.00000000000003 2.679491924309675 30
    vertex -77.50000000000007 7.009618943231871 30
    vertex -82.49999999999997 7.009618943231979 30
  endloop
endfacet
facet normal -0 0 1
  outer loop
    vertex 50.00000000000001 -5.980762113533849 30
    vertex 52.50000000000004 -10.16084303149558 30
    vertex 54.99999999999995 -5.980762113533803 30
  endloop
endfacet
facet normal 0 0 1
  outer loop
    vertex 59.99999999999997 20 30
    vertex 57.49999999999993 15.66987298107769 30
    vertex 62.49999999999994 15.66987298107778 30
  endloop
endfacet
facet normal 0 -0 1
  outer loop
    vertex -105 2.679491924309858 30
    vertex -102.4999999999999 7.009618943232522 30
    vertex -107.4999999999999 7.009618943232477 30
  endloop
endfacet
facet normal 0 0 1
  outer loop
    vertex 84.96964241329526 -5.955403766640498 30
    vertex 82.31785447977141 -10.15873905109806 30
    vertex 87.35798806904559 -10.56774679919392 30
  endloop
endfacet
facet normal 0 0 1
  outer loop
    vertex 94.99999999999994 2.679491924311062 30
    vertex 99.99999999999996 2.679491924311139 30
    vertex 97.49999999999989 7.009618943233311 30
  endloop
endfacet
facet normal 0 0 1
  outer loop
    vertex 117.4999999999999 -1.650635094610877 30
    vertex 122.4999999999999 -1.650635094610803 30
    vertex 119.9999999999999 2.679491924311321 30
  endloop
endfacet
facet normal 0 0 1
  outer loop
    vertex 134.9982152230193 11.37177384482806 30
    vertex 132.4931891519893 15.67380522601021 30
    vertex 129.9985673958347 11.34573931675649 30
  endloop
endfacet
facet normal -0 0 1
  outer loop
    vertex 124.9999999999999 11.33974596215565 30
    vertex 127.4999999999999 7.00961894323357 30
    vertex 129.9985673958347 11.34573931675649 30
  endloop
endfacet
facet normal 0 0 1
  outer loop
    vertex -75 -5.980762113534696 30
    vertex -77.50000000000001 -1.650635094612523 30
    vertex -79.9696424132952 -5.955403766641749 30
  endloop
endfacet
facet normal 0 0 1
  outer loop
    vertex 84.99999999999997 20 30
    vertex 82.4999999999999 15.66987298107781 30
    vertex 87.4999999999999 15.66987298107776 30
  endloop
endfacet
facet normal 0 0 1
  outer loop
    vertex 69.99999999999997 20 30
    vertex 67.49999999999997 15.66987298107782 30
    vertex 72.49999999999994 15.66987298107773 30
  endloop
endfacet
facet normal 0 0 1
  outer loop
    vertex -85.00000000000003 20 30
    vertex -87.49999999999997 15.66987298107738 30
    vertex -82.50000000000001 15.66987298107715 30
  endloop
endfacet
facet normal 0 -0 1
  outer loop
    vertex 79.99999999999977 11.33974596215564 30
    vertex 82.4999999999999 15.66987298107781 30
    vertex 77.49999999999993 15.6698729810778 30
  endloop
endfacet
facet normal 0 0 1
  outer loop
    vertex 119.9999999999999 11.33974596215564 30
    vertex 117.4999999999999 7.009618943233432 30
    vertex 122.4999999999999 7.009618943233505 30
  endloop
endfacet
facet normal 0 0 1
  outer loop
    vertex 107.5 15.66987298107783 30
    vertex 105 20 30
    vertex 102.5 15.66987298107781 30
  endloop
endfacet
facet normal 0 0 1
  outer loop
    vertex -90.00000000000003 20 30
    vertex -95.00000000000003 20 30
    vertex -92.49999999999996 15.66987298107748 30
  endloop
endfacet
facet normal 0 0 1
  outer loop
    vertex -30.00000000000009 11.33974596215545 30
    vertex -32.5 15.66987298107775 30
    vertex -34.99999999999996 11.33974596215539 30
  endloop
endfacet
facet normal 0 -0 1
  outer loop
    vertex -60.00000000000003 -19.99999999999999 30
    vertex -57.50000000000006 -15.6698729810778 30
    vertex -62.50000000000001 -15.6698729810779 30
  endloop
endfacet
facet normal 0 0 1
  outer loop
    vertex 79.99999999999997 20 30
    vertex 74.99999999999997 20 30
    vertex 77.49999999999993 15.6698729810778 30
  endloop
endfacet
facet normal 0 0 1
  outer loop
    vertex -65.00000000000003 -19.99999999999999 30
    vertex -60.00000000000003 -19.99999999999999 30
    vertex -62.50000000000001 -15.6698729810779 30
  endloop
endfacet
facet normal 0 0 1
  outer loop
    vertex -87.49999999999997 15.66987298107738 30
    vertex -90.00000000000003 20 30
    vertex -92.49999999999996 15.66987298107748 30
  endloop
endfacet
facet normal 0 0 1
  outer loop
    vertex 92.49999999999997 -1.650635094611146 30
    vertex 87.5 -1.650635094611214 30
    vertex 89.99494040221586 -5.921716020125682 30
  endloop
endfacet
facet normal -0 0 1
  outer loop
    vertex -87.68214552022866 -10.15873905109922 30
    vertex -82.49566320189929 -10.91775572873973 30
    vertex -85.01755370659801 -6.031876181157593 30
  endloop
endfacet
facet normal 0 0 1
  outer loop
    vertex 112.5 15.66987298107783 30
    vertex 110 20 30
    vertex 107.5 15.66987298107783 30
  endloop
endfacet
facet normal 0 0 1
  outer loop
    vertex -60.00000000000003 20 30
    vertex -65.00000000000003 20 30
    vertex -62.49999999999991 15.66987298107775 30
  endloop
endfacet
facet normal 0 -0 1
  outer loop
    vertex 92.50000000000003 -9.981970918902363 30
    vertex 95.00000000000001 -5.980762113533292 30
    vertex 89.99494040221586 -5.921716020125682 30
  endloop
endfacet
facet normal 0 0 1
  outer loop
    vertex -12.50000000000011 7.009618943232871 30
    vertex -10.00000000000004 2.679491924310135 30
    vertex -7.500000000000148 7.009618943232595 30
  endloop
endfacet
facet normal 0 0 1
  outer loop
    vertex -27.50000000000012 7.009618943232827 30
    vertex -25.00000000000004 2.679491924310031 30
    vertex -22.50000000000016 7.009618943232512 30
  endloop
endfacet
facet normal 0 -0 1
  outer loop
    vertex -137.3630670986561 -1.571576847159904 30
    vertex -135 2.679491924310298 30
    vertex -139.6559208189737 2.659490115444554 30
  endloop
endfacet
facet normal 0 0 1
  outer loop
    vertex 127.4999999999999 7.00961894323357 30
    vertex 132.5 7.009618943233619 30
    vertex 129.9985673958347 11.34573931675649 30
  endloop
endfacet
facet normal 0 0 1
  outer loop
    vertex 110 20 30
    vertex 105 20 30
    vertex 107.5 15.66987298107783 30
  endloop
endfacet
facet normal 0 0 1
  outer loop
    vertex -110 20 30
    vertex -115 20 30
    vertex -112.5 15.66987298107739 30
  endloop
endfacet
facet normal -0 0 1
  outer loop
    vertex -42.50000000000002 7.009618943232345 30
    vertex -40.00000000000005 2.679491924309942 30
    vertex -37.50000000000001 7.009618943232635 30
  endloop
endfacet
facet normal 0 0 1
  outer loop
    vertex -100 -5.980762113534647 30
    vertex -102.5 -1.650635094612366 30
    vertex -105 -5.955754430041138 30
  endloop
endfacet
facet normal -0 0 1
  outer loop
    vertex 114.9999999999999 2.679491924311256 30
    vertex 117.4999999999999 -1.650635094610877 30
    vertex 119.9999999999999 2.679491924311321 30
  endloop
endfacet
facet normal -0 0 1
  outer loop
    vertex -87.49999999999989 7.009618943232092 30
    vertex -82.49999999999997 7.009618943231979 30
    vertex -84.99999999999996 11.33974596215463 30
  endloop
endfacet
facet normal 0 0 1
  outer loop
    vertex 95.00000000000001 -5.980762113533292 30
    vertex 92.49999999999997 -1.650635094611146 30
    vertex 89.99494040221586 -5.921716020125682 30
  endloop
endfacet
facet normal -0 0 1
  outer loop
    vertex 117.4999999999999 7.009618943233432 30
    vertex 119.9999999999999 2.679491924311321 30
    vertex 122.4999999999999 7.009618943233505 30
  endloop
endfacet
facet normal 0 0 1
  outer loop
    vertex 122.4999999999999 15.66987298107782 30
    vertex 119.9999999999999 11.33974596215564 30
    vertex 124.9999999999999 11.33974596215565 30
  endloop
endfacet
facet normal 0 0 1
  outer loop
    vertex -89.99999999999991 11.33974596215478 30
    vertex -87.49999999999989 7.009618943232092 30
    vertex -84.99999999999996 11.33974596215463 30
  endloop
endfacet
facet normal 0 0 1
  outer loop
    vertex -115 -19.99999999999999 30
    vertex -110 -19.99999999999999 30
    vertex -112.5048381605516 -15.81599078560476 30
  endloop
endfacet
facet normal 0 0 1
  outer loop
    vertex 137.4591349119362 15.69346645067198 30
    vertex 132.4931891519893 15.67380522601021 30
    vertex 134.9982152230193 11.37177384482806 30
  endloop
endfacet
facet normal 0 -0 1
  outer loop
    vertex 52.49999999999989 7.00961894323288 30
    vertex 54.99999999999991 11.33974596215526 30
    vertex 49.99999999999996 11.33974596215514 30
  endloop
endfacet
facet normal 0 0 1
  outer loop
    vertex -77.50000000000007 7.009618943231871 30
    vertex -80.00000000000006 11.33974596215437 30
    vertex -82.49999999999997 7.009618943231979 30
  endloop
endfacet
facet normal 0 0 1
  outer loop
    vertex 124.9999999999999 11.33974596215565 30
    vertex 119.9999999999999 11.33974596215564 30
    vertex 122.4999999999999 7.009618943233505 30
  endloop
endfacet
facet normal 0 0 1
  outer loop
    vertex -115 20 30
    vertex -117.5 15.66987298107744 30
    vertex -112.5 15.66987298107739 30
  endloop
endfacet
facet normal 0 0 1
  outer loop
    vertex 72.49999999999987 7.009618943233029 30
    vertex 77.49999999999986 7.009618943233081 30
    vertex 74.99999999999987 11.33974596215536 30
  endloop
endfacet
facet normal 0 0 1
  outer loop
    vertex -57.5 15.66987298107783 30
    vertex -60.00000000000003 20 30
    vertex -62.49999999999991 15.66987298107775 30
  endloop
endfacet
facet normal 0 0 1
  outer loop
    vertex 117.4999999999999 7.009618943233432 30
    vertex 114.9999999999999 2.679491924311256 30
    vertex 119.9999999999999 2.679491924311321 30
  endloop
endfacet
facet normal 0 -0 1
  outer loop
    vertex -82.49999999999997 7.009618943231979 30
    vertex -80.00000000000006 11.33974596215437 30
    vertex -84.99999999999996 11.33974596215463 30
  endloop
endfacet
facet normal -0 0 1
  outer loop
    vertex 134.9999999999999 -5.980762113532842 30
    vertex 139.9864744691239 -6.015640609847509 30
    vertex 137.5252530629825 -1.713157561701611 30
  endloop
endfacet
facet normal 0 0 1
  outer loop
    vertex -117.6115176654462 -15.73655973907653 30
    vertex -115 -19.99999999999999 30
    vertex -112.5048381605516 -15.81599078560476 30
  endloop
endfacet
facet normal 0 0 1
  outer loop
    vertex -135 2.679491924310298 30
    vertex -137.3549682452694 6.925884820597813 30
    vertex -139.6559208189737 2.659490115444554 30
  endloop
endfacet
facet normal 0 0 1
  outer loop
    vertex -102.5 15.66987298107783 30
    vertex -107.5 15.66987298107765 30
    vertex -104.9999999999999 11.33974596215529 30
  endloop
endfacet
facet normal 0 0 1
  outer loop
    vertex 140.1258684360288 2.642648632586275 30
    vertex 134.9999999999999 2.679491924311408 30
    vertex 137.5252530629825 -1.713157561701611 30
  endloop
endfacet
facet normal 0 0 1
  outer loop
    vertex -99.99999999999996 11.33974596215527 30
    vertex -102.5 15.66987298107783 30
    vertex -104.9999999999999 11.33974596215529 30
  endloop
endfacet
facet normal 0 0 1
  outer loop
    vertex 134.9999999999999 2.679491924311408 30
    vertex 132.4999999999999 -1.650635094610727 30
    vertex 137.5252530629825 -1.713157561701611 30
  endloop
endfacet
facet normal 0 0 1
  outer loop
    vertex 132.4999999999999 -1.650635094610727 30
    vertex 134.9999999999999 -5.980762113532842 30
    vertex 137.5252530629825 -1.713157561701611 30
  endloop
endfacet
facet normal 0 0 1
  outer loop
    vertex -145.8520687207295 -7.555789659316195 30
    vertex -150 -9.999999999999993 30
    vertex -146.1901590981898 -12.46273573605655 30
  endloop
endfacet
facet normal 0 -0 1
  outer loop
    vertex -142.5319133027054 -15.4067642926569 30
    vertex -142.3807656874062 -10.43765358606887 30
    vertex -146.1901590981898 -12.46273573605655 30
  endloop
endfacet
facet normal 0 0 1
  outer loop
    vertex -144.9092775063631 2.59221219739502 30
    vertex -145.5382111057654 -2.798563413602017 30
    vertex -141.6571596265946 -1.01157524095452 30
  endloop
endfacet
facet normal 0 0 1
  outer loop
    vertex -150 15 30
    vertex -150 10 30
    vertex -145.8447746679573 12.54168647016786 30
  endloop
endfacet
facet normal -0 0 1
  outer loop
    vertex 137.4591349119362 15.69346645067198 30
    vertex 140.03696727419 11.50438754366335 30
    vertex 142.3474886479711 15.89594202118412 30
  endloop
endfacet
facet normal 0 0 1
  outer loop
    vertex 145 20 30
    vertex 140 20 30
    vertex 142.3474886479711 15.89594202118412 30
  endloop
endfacet
facet normal 0 -0 1
  outer loop
    vertex 150 -14.99999999999999 30
    vertex 150 -9.999999999999993 30
    vertex 145.8653305375559 -12.26606251750211 30
  endloop
endfacet
facet normal 0 0 1
  outer loop
    vertex 125 -14.23534041392311 30
    vertex 125 -19.99999999999999 30
    vertex 128.56851002634 -16.43303612911886 30
  endloop
endfacet
facet normal 0 -0 1
  outer loop
    vertex 125 -19.99999999999999 30
    vertex 125 -14.23534041392311 30
    vertex 121.4462171347093 -16.44336156152031 30
  endloop
endfacet
facet normal 0 0 1
  outer loop
    vertex 102.637881647049 -10.5820739411213 30
    vertex 102.5812810972639 -15.71611697650462 30
    vertex 106.0829722104087 -13.79351659838625 30
  endloop
endfacet
facet normal 0 -0 1
  outer loop
    vertex 94.99999999999997 -19.99999999999999 30
    vertex 95.00000000000001 -14.23534041392331 30
    vertex 91.44621713470919 -16.44336156152037 30
  endloop
endfacet
facet normal 0 0 1
  outer loop
    vertex 95.00000000000001 -14.23534041392331 30
    vertex 94.99999999999997 -19.99999999999999 30
    vertex 98.55378286529077 -16.44336156152044 30
  endloop
endfacet
facet normal 0 0 1
  outer loop
    vertex 117.418718902736 -15.71611697650459 30
    vertex 117.3616020674627 -10.58594894947376 30
    vertex 113.9131398437721 -13.79570047279523 30
  endloop
endfacet
facet normal 0 0 1
  outer loop
    vertex 87.41871890273603 -15.71611697650463 30
    vertex 87.35798806904559 -10.56774679919392 30
    vertex 83.9155450298299 -13.78073749490955 30
  endloop
endfacet
facet normal 0 -0 1
  outer loop
    vertex 79.99999999999997 -19.99999999999999 30
    vertex 80.00000000000024 -14.64101615137791 30
    vertex 76.43504849011461 -16.43221033835064 30
  endloop
endfacet
facet normal 0 -0 1
  outer loop
    vertex 64.99999999999997 -19.99999999999999 30
    vertex 65.00000000000017 -14.64101615137809 30
    vertex 61.42452908936509 -16.41638697165298 30
  endloop
endfacet
facet normal 0 0 1
  outer loop
    vertex 72.41871890273603 -15.71611697650464 30
    vertex 72.38018834503723 -10.59667974183492 30
    vertex 68.91586383937718 -13.79167531074835 30
  endloop
endfacet
facet normal 0 0 1
  outer loop
    vertex 42.38848233455384 -15.73655973907634 30
    vertex 42.35851670336259 -10.62098129123761 30
    vertex 38.91130103927765 -13.79797543360089 30
  endloop
endfacet
facet normal 0 -0 1
  outer loop
    vertex 34.99999999999997 -19.99999999999999 30
    vertex 35.00000000000011 -14.64101615137835 30
    vertex 31.42452908936505 -16.41638697165302 30
  endloop
endfacet
facet normal 0 0 1
  outer loop
    vertex -29.99999999999996 -14.07307011894202 30
    vertex -30.00000000000003 -19.99999999999999 30
    vertex -26.43148997365984 -16.42120884814374 30
  endloop
endfacet
facet normal 0 -0 1
  outer loop
    vertex -30.00000000000003 -19.99999999999999 30
    vertex -29.99999999999996 -14.07307011894202 30
    vertex -33.53814676285835 -16.47718728666025 30
  endloop
endfacet
facet normal 0 0 1
  outer loop
    vertex -37.58128109726398 -15.71611697650475 30
    vertex -37.6383979325372 -10.58115422332973 30
    vertex -41.08393868468205 -13.78936545781843 30
  endloop
endfacet
facet normal 0 -0 1
  outer loop
    vertex -45.00000000000003 -19.99999999999999 30
    vertex -44.99999999999991 -14.64101615137887 30
    vertex -48.57547091063506 -16.41638697165309 30
  endloop
endfacet
facet normal 0 0 1
  outer loop
    vertex -125 -19.99999999999999 30
    vertex -125.0000000000002 -14.64101615137886 30
    vertex -128.5754709106352 -16.4163869716532 30
  endloop
endfacet
facet normal 0 0 1
  outer loop
    vertex -117.6115176654462 -15.73655973907653 30
    vertex -117.6228970190631 -10.63171208359888 30
    vertex -121.0889548036987 -13.80042571449583 30
  endloop
endfacet
facet normal 0 0 1
  outer loop
    vertex -82.49566320189929 -10.91775572873973 30
    vertex -82.50000000000001 -16.15055499767401 30
    vertex -78.96270353633412 -13.84590365879165 30
  endloop
endfacet
facet normal 0 0 1
  outer loop
    vertex -75.00000000000003 -14.64101615137908 30
    vertex -75.00000000000003 -19.99999999999999 30
    vertex -71.42452908936494 -16.41638697165314 30
  endloop
endfacet
facet normal 0 -0 1
  outer loop
    vertex -90.00000000000003 -19.99999999999999 30
    vertex -89.99999999999983 -14.6410161513791 30
    vertex -93.57547091063505 -16.41638697165315 30
  endloop
endfacet
facet normal 0 -0 1
  outer loop
    vertex -82.50000000000001 -16.15055499767401 30
    vertex -82.49566320189929 -10.91775572873973 30
    vertex -86.03556174442558 -13.84590365879161 30
  endloop
endfacet
facet normal 0 0 1
  outer loop
    vertex -150 -4.999999999999998 30
    vertex -150 -9.999999999999993 30
    vertex -145.8520687207295 -7.555789659316195 30
  endloop
endfacet
facet normal 0 0 1
  outer loop
    vertex -142.3807656874062 -10.43765358606887 30
    vertex -145.8520687207295 -7.555789659316195 30
    vertex -146.1901590981898 -12.46273573605655 30
  endloop
endfacet
facet normal 0 0 1
  outer loop
    vertex 145.5572848964095 2.546009995082843 30
    vertex 142.5391754727425 -1.954048109116277 30
    vertex 146.73718682342 -2.499999999999996 30
  endloop
endfacet
facet normal 0 0 1
  outer loop
    vertex 150 -9.999999999999993 30
    vertex 145.3147126805976 -6.781550074223435 30
    vertex 145.8653305375559 -12.26606251750211 30
  endloop
endfacet
facet normal 0 0 1
  outer loop
    vertex 140 20 30
    vertex 137.4591349119362 15.69346645067198 30
    vertex 142.3474886479711 15.89594202118412 30
  endloop
endfacet
facet normal -0 0 1
  outer loop
    vertex -150 10 30
    vertex -145.5185193752228 7.933628273532484 30
    vertex -145.8447746679573 12.54168647016786 30
  endloop
endfacet
facet normal 0 -0 1
  outer loop
    vertex -140.7768356725304 -5.610017518958729 30
    vertex -137.3630670986561 -1.571576847159904 30
    vertex -141.6571596265946 -1.01157524095452 30
  endloop
endfacet
facet normal 0 0 1
  outer loop
    vertex 150 10 30
    vertex 145.4715137627961 12.040871904713 30
    vertex 146.7130288315994 7.343614020471815 30
  endloop
endfacet
facet normal 0 0 1
  outer loop
    vertex 145.5572848964095 2.546009995082843 30
    vertex 150 5.000000000000004 30
    vertex 146.7130288315994 7.343614020471815 30
  endloop
endfacet
facet normal 0 0 1
  outer loop
    vertex -137.3549682452694 6.925884820597813 30
    vertex -140.75579413309 10.8981532871963 30
    vertex -141.6362998603075 6.28911387271642 30
  endloop
endfacet
facet normal 0 0 1
  outer loop
    vertex 150 3.552713678800501e-15 30
    vertex 145.5572848964095 2.546009995082843 30
    vertex 146.73718682342 -2.499999999999996 30
  endloop
endfacet
facet normal 0 0 1
  outer loop
    vertex 145.3147126805976 -6.781550074223435 30
    vertex 150 -4.999999999999995 30
    vertex 146.73718682342 -2.499999999999996 30
  endloop
endfacet
facet normal 0 0 1
  outer loop
    vertex 89.99999999999997 -19.99999999999999 30
    vertex 94.99999999999997 -19.99999999999999 30
    vertex 91.44621713470919 -16.44336156152037 30
  endloop
endfacet
facet normal 0 0 1
  outer loop
    vertex 74.99999999999997 -19.99999999999999 30
    vertex 79.99999999999997 -19.99999999999999 30
    vertex 76.43504849011461 -16.43221033835064 30
  endloop
endfacet
facet normal 0 0 1
  outer loop
    vertex 120 -19.99999999999999 30
    vertex 125 -19.99999999999999 30
    vertex 121.4462171347093 -16.44336156152031 30
  endloop
endfacet
facet normal 0 0 1
  outer loop
    vertex 125 -19.99999999999999 30
    vertex 130 -19.99999999999999 30
    vertex 128.56851002634 -16.43303612911886 30
  endloop
endfacet
facet normal 0 0 1
  outer loop
    vertex -77.31785447977127 -10.15873905109924 30
    vertex -82.49566320189929 -10.91775572873973 30
    vertex -78.96270353633412 -13.84590365879165 30
  endloop
endfacet
facet normal 0 0 1
  outer loop
    vertex -117.6228970190631 -10.63171208359888 30
    vertex -122.7025226986364 -10.21214854122188 30
    vertex -121.0889548036987 -13.80042571449583 30
  endloop
endfacet
facet normal 0 0 1
  outer loop
    vertex -50.00000000000003 -19.99999999999999 30
    vertex -45.00000000000003 -19.99999999999999 30
    vertex -48.57547091063506 -16.41638697165309 30
  endloop
endfacet
facet normal 0 0 1
  outer loop
    vertex -75.00000000000003 -19.99999999999999 30
    vertex -70.00000000000003 -19.99999999999999 30
    vertex -71.42452908936494 -16.41638697165314 30
  endloop
endfacet
facet normal 0 0 1
  outer loop
    vertex 29.99999999999997 -19.99999999999999 30
    vertex 34.99999999999997 -19.99999999999999 30
    vertex 31.42452908936505 -16.41638697165302 30
  endloop
endfacet
facet normal 0 0 1
  outer loop
    vertex 59.99999999999997 -19.99999999999999 30
    vertex 64.99999999999997 -19.99999999999999 30
    vertex 61.42452908936509 -16.41638697165298 30
  endloop
endfacet
facet normal 0 0 1
  outer loop
    vertex -30.00000000000003 -19.99999999999999 30
    vertex -25.00000000000003 -19.99999999999999 30
    vertex -26.43148997365984 -16.42120884814374 30
  endloop
endfacet
facet normal 0 0 1
  outer loop
    vertex -37.6383979325372 -10.58115422332973 30
    vertex -42.68214552022867 -10.20572736732092 30
    vertex -41.08393868468205 -13.78936545781843 30
  endloop
endfacet
facet normal 0 0 1
  outer loop
    vertex -35.00000000000003 -19.99999999999999 30
    vertex -30.00000000000003 -19.99999999999999 30
    vertex -33.53814676285835 -16.47718728666025 30
  endloop
endfacet
facet normal 0 0 1
  outer loop
    vertex -95.00000000000003 -19.99999999999999 30
    vertex -90.00000000000003 -19.99999999999999 30
    vertex -93.57547091063505 -16.41638697165315 30
  endloop
endfacet
facet normal 0 0 1
  outer loop
    vertex 42.35851670336259 -10.62098129123761 30
    vertex 37.31785447977135 -10.20572736732041 30
    vertex 38.91130103927765 -13.79797543360089 30
  endloop
endfacet
facet normal 0 0 1
  outer loop
    vertex -130 -19.99999999999999 30
    vertex -125 -19.99999999999999 30
    vertex -128.5754709106352 -16.4163869716532 30
  endloop
endfacet
facet normal 0 0 1
  outer loop
    vertex 94.99999999999997 -19.99999999999999 30
    vertex 99.99999999999997 -19.99999999999999 30
    vertex 98.55378286529077 -16.44336156152044 30
  endloop
endfacet
facet normal 0 0 1
  outer loop
    vertex 72.38018834503723 -10.59667974183492 30
    vertex 67.29788587061091 -10.20637081932808 30
    vertex 68.91586383937718 -13.79167531074835 30
  endloop
endfacet
facet normal 0 0 1
  outer loop
    vertex 107.6517879335238 -10.18820040646368 30
    vertex 102.637881647049 -10.5820739411213 30
    vertex 106.0829722104087 -13.79351659838625 30
  endloop
endfacet
facet normal 0 0 1
  outer loop
    vertex 87.35798806904559 -10.56774679919392 30
    vertex 82.31785447977141 -10.15873905109806 30
    vertex 83.9155450298299 -13.78073749490955 30
  endloop
endfacet
facet normal 0 0 1
  outer loop
    vertex -82.49566320189929 -10.91775572873973 30
    vertex -87.68214552022866 -10.15873905109922 30
    vertex -86.03556174442558 -13.84590365879161 30
  endloop
endfacet
facet normal 0 0 1
  outer loop
    vertex 117.3616020674627 -10.58594894947376 30
    vertex 112.3178544797712 -10.20572736731963 30
    vertex 113.9131398437721 -13.79570047279523 30
  endloop
endfacet
facet normal 0 0 1
  outer loop
    vertex -150 20 30
    vertex -150 15 30
    vertex -146.3397459621556 16.33974596215559 30
  endloop
endfacet
facet normal 0 0 1
  outer loop
    vertex -145 20 30
    vertex -150 20 30
    vertex -146.3397459621556 16.33974596215559 30
  endloop
endfacet
facet normal 0 -0 1
  outer loop
    vertex 150 -19.99999999999999 30
    vertex 150 -14.99999999999999 30
    vertex 146.3397459621556 -16.33974596215571 30
  endloop
endfacet
facet normal 0 0 1
  outer loop
    vertex 145 -19.99999999999999 30
    vertex 150 -19.99999999999999 30
    vertex 146.3397459621556 -16.33974596215571 30
  endloop
endfacet
facet normal 0 -0 1
  outer loop
    vertex 150 15 30
    vertex 150 20 30
    vertex 146.3397459621557 16.33974596215576 30
  endloop
endfacet
facet normal 0 0 1
  outer loop
    vertex 150 20 30
    vertex 145 20 30
    vertex 146.3397459621557 16.33974596215576 30
  endloop
endfacet
facet normal 0 0 1
  outer loop
    vertex -145.5382111057654 -2.798563413602017 30
    vertex -150 -4.999999999999998 30
    vertex -145.8520687207295 -7.555789659316195 30
  endloop
endfacet
facet normal 0 0 1
  outer loop
    vertex -89.99999999999983 -14.6410161513791 30
    vertex -92.49999999999996 -10.02895923512551 30
    vertex -95.05230350434088 -13.06513951654311 30
  endloop
endfacet
facet normal 0 0 1
  outer loop
    vertex -125.0000000000002 -14.64101615137886 30
    vertex -127.4993660513829 -10.02859322472037 30
    vertex -130.0522760006701 -13.07194511876912 30
  endloop
endfacet
facet normal 0 -0 1
  outer loop
    vertex 115 -19.99999999999999 30
    vertex 117.418718902736 -15.71611697650459 30
    vertex 112.4288292485477 -17.16617514861112 30
  endloop
endfacet
facet normal 0 0 1
  outer loop
    vertex 80.00000000000024 -14.64101615137791 30
    vertex 77.50000000000011 -10.02895923512444 30
    vertex 75.27215420830098 -13.14388272994423 30
  endloop
endfacet
facet normal 0 0 1
  outer loop
    vertex 65.00000000000017 -14.64101615137809 30
    vertex 62.50000000000007 -10.0289592351246 30
    vertex 59.94769649565919 -13.06513951654263 30
  endloop
endfacet
facet normal 0 0 1
  outer loop
    vertex 97.50000000000001 -10.0289592351242 30
    vertex 95.00000000000001 -14.23534041392331 30
    vertex 99.80596343240343 -13.06702674506835 30
  endloop
endfacet
facet normal 0 -0 1
  outer loop
    vertex -85.00000000000003 -19.99999999999999 30
    vertex -82.50000000000001 -16.15055499767401 30
    vertex -87.0954654841251 -17.14004552654708 30
  endloop
endfacet
facet normal 0 0 1
  outer loop
    vertex -82.50000000000001 -16.15055499767401 30
    vertex -80.00000000000003 -19.99999999999999 30
    vertex -77.90435750370759 -17.14004552654718 30
  endloop
endfacet
facet normal 0 0 1
  outer loop
    vertex -27.49999999999995 -10.02895923512521 30
    vertex -29.99999999999996 -14.07307011894202 30
    vertex -24.99999999999993 -12.94943676739063 30
  endloop
endfacet
facet normal 0 0 1
  outer loop
    vertex 35.00000000000011 -14.64101615137835 30
    vertex 32.46964241329526 -10.0114322742689 30
    vertex 29.9460649994654 -13.06474560540152 30
  endloop
endfacet
facet normal 0 0 1
  outer loop
    vertex -44.99999999999991 -14.64101615137887 30
    vertex -47.53035758670474 -10.01143227426936 30
    vertex -50.05368722252499 -13.06425218355199 30
  endloop
endfacet
facet normal 0 0 1
  outer loop
    vertex -72.5 -10.02895923512551 30
    vertex -75.00000000000003 -14.64101615137908 30
    vertex -69.94769649565913 -13.0651395165431 30
  endloop
endfacet
facet normal 0 -0 1
  outer loop
    vertex -120 -19.99999999999999 30
    vertex -117.6115176654462 -15.73655973907653 30
    vertex -121.957210352735 -16.98584376215474 30
  endloop
endfacet
facet normal 0 -0 1
  outer loop
    vertex -40.00000000000003 -19.99999999999999 30
    vertex -37.58128109726398 -15.71611697650475 30
    vertex -41.95217425456372 -16.98134333083342 30
  endloop
endfacet
facet normal 0 -0 1
  outer loop
    vertex 39.99999999999997 -19.99999999999999 30
    vertex 42.38848233455384 -15.73655973907634 30
    vertex 38.04282619626164 -16.9854937220267 30
  endloop
endfacet
facet normal 0 0 1
  outer loop
    vertex 102.5812810972639 -15.71611697650462 30
    vertex 105 -19.99999999999999 30
    vertex 107.5661727744049 -17.15418164212056 30
  endloop
endfacet
facet normal 0 0 1
  outer loop
    vertex 125 -14.23534041392311 30
    vertex 122.5 -10.02895923512397 30
    vertex 120.1940096889269 -13.06722848436182 30
  endloop
endfacet
facet normal 0 0 1
  outer loop
    vertex -29.99999999999996 -14.07307011894202 30
    vertex -32.49999999999995 -9.981970918903334 30
    vertex -34.80517626992183 -13.05784553912047 30
  endloop
endfacet
facet normal 0 -0 1
  outer loop
    vertex 84.99999999999997 -19.99999999999999 30
    vertex 87.41871890273603 -15.71611697650463 30
    vertex 83.04775199036659 -16.98011076470326 30
  endloop
endfacet
facet normal 0 -0 1
  outer loop
    vertex 69.99999999999997 -19.99999999999999 30
    vertex 72.41871890273603 -15.71611697650464 30
    vertex 68.0477975345876 -16.98167330982314 30
  endloop
endfacet
facet normal 0 0 1
  outer loop
    vertex 127.5 -9.98197091890205 30
    vertex 125 -14.23534041392311 30
    vertex 130 -12.94943676739003 30
  endloop
endfacet
facet normal 0 0 1
  outer loop
    vertex 95.00000000000001 -14.23534041392331 30
    vertex 92.50000000000003 -9.981970918902363 30
    vertex 90.19382153823886 -13.06383456169946 30
  endloop
endfacet
facet normal 0 0 1
  outer loop
    vertex -150 -14.99999999999999 30
    vertex -150 -19.99999999999999 30
    vertex -146.3762068782974 -16.37620687829734 30
  endloop
endfacet
facet normal 0 0 1
  outer loop
    vertex -150 -19.99999999999999 30
    vertex -145 -19.99999999999999 30
    vertex -146.3762068782974 -16.37620687829734 30
  endloop
endfacet
facet normal 0 0 1
  outer loop
    vertex 139.9864744691239 -6.015640609847509 30
    vertex 137.4669850839624 -10.09475083435862 30
    vertex 141.9564424223562 -9.997066018681993 30
  endloop
endfacet
facet normal 0 0 1
  outer loop
    vertex 42.35851670336259 -10.62098129123761 30
    vertex 42.38848233455384 -15.73655973907634 30
    vertex 45.00000000000007 -12.9903810567669 30
  endloop
endfacet
facet normal 0 0 1
  outer loop
    vertex -142.3807656874062 -10.43765358606887 30
    vertex -142.5319133027054 -15.4067642926569 30
    vertex -140 -12.99038105676704 30
  endloop
endfacet
facet normal 0 0 1
  outer loop
    vertex -117.6228970190631 -10.63171208359888 30
    vertex -117.6115176654462 -15.73655973907653 30
    vertex -115 -12.9903810567673 30
  endloop
endfacet
facet normal 0 -0 1
  outer loop
    vertex 102.5812810972639 -15.71611697650462 30
    vertex 102.637881647049 -10.5820739411213 30
    vertex 99.80596343240343 -13.06702674506835 30
  endloop
endfacet
facet normal 0 0 1
  outer loop
    vertex 117.3616020674627 -10.58594894947376 30
    vertex 117.418718902736 -15.71611697650459 30
    vertex 120.1940096889269 -13.06722848436182 30
  endloop
endfacet
facet normal 0 0 1
  outer loop
    vertex 87.35798806904559 -10.56774679919392 30
    vertex 87.41871890273603 -15.71611697650463 30
    vertex 90.19382153823886 -13.06383456169946 30
  endloop
endfacet
facet normal 0 0 1
  outer loop
    vertex 80.00000000000024 -14.64101615137791 30
    vertex 79.99999999999997 -19.99999999999999 30
    vertex 83.04775199036659 -16.98011076470326 30
  endloop
endfacet
facet normal 0 0 1
  outer loop
    vertex 72.38018834503723 -10.59667974183492 30
    vertex 72.41871890273603 -15.71611697650464 30
    vertex 75.27215420830098 -13.14388272994423 30
  endloop
endfacet
facet normal 0 0 1
  outer loop
    vertex 65.00000000000017 -14.64101615137809 30
    vertex 64.99999999999997 -19.99999999999999 30
    vertex 68.0477975345876 -16.98167330982314 30
  endloop
endfacet
facet normal 0 0 1
  outer loop
    vertex 35.00000000000011 -14.64101615137835 30
    vertex 34.99999999999997 -19.99999999999999 30
    vertex 38.04282619626164 -16.9854937220267 30
  endloop
endfacet
facet normal 0 0 1
  outer loop
    vertex -37.6383979325372 -10.58115422332973 30
    vertex -37.58128109726398 -15.71611697650475 30
    vertex -34.80517626992183 -13.05784553912047 30
  endloop
endfacet
facet normal 0 0 1
  outer loop
    vertex -44.99999999999991 -14.64101615137887 30
    vertex -45.00000000000003 -19.99999999999999 30
    vertex -41.95217425456372 -16.98134333083342 30
  endloop
endfacet
facet normal 0 0 1
  outer loop
    vertex -125.0000000000002 -14.64101615137886 30
    vertex -125 -19.99999999999999 30
    vertex -121.957210352735 -16.98584376215474 30
  endloop
endfacet
facet normal 0 0 1
  outer loop
    vertex -89.99999999999983 -14.6410161513791 30
    vertex -90.00000000000003 -19.99999999999999 30
    vertex -87.0954654841251 -17.14004552654708 30
  endloop
endfacet
facet normal 0 -0 1
  outer loop
    vertex -75.00000000000003 -19.99999999999999 30
    vertex -75.00000000000003 -14.64101615137908 30
    vertex -77.90435750370759 -17.14004552654718 30
  endloop
endfacet
facet normal 0 0 1
  outer loop
    vertex -150 -9.999999999999993 30
    vertex -150 -14.99999999999999 30
    vertex -146.1901590981898 -12.46273573605655 30
  endloop
endfacet
facet normal 0 -0 1
  outer loop
    vertex -93.57547091063505 -16.41638697165315 30
    vertex -89.99999999999983 -14.6410161513791 30
    vertex -95.05230350434088 -13.06513951654311 30
  endloop
endfacet
facet normal 0 -0 1
  outer loop
    vertex -128.5754709106352 -16.4163869716532 30
    vertex -125.0000000000002 -14.64101615137886 30
    vertex -130.0522760006701 -13.07194511876912 30
  endloop
endfacet
facet normal 0 0 1
  outer loop
    vertex -78.96270353633412 -13.84590365879165 30
    vertex -82.50000000000001 -16.15055499767401 30
    vertex -77.90435750370759 -17.14004552654718 30
  endloop
endfacet
facet normal 0 0 1
  outer loop
    vertex -82.50000000000001 -16.15055499767401 30
    vertex -86.03556174442558 -13.84590365879161 30
    vertex -87.0954654841251 -17.14004552654708 30
  endloop
endfacet
facet normal 0 -0 1
  outer loop
    vertex -48.57547091063506 -16.41638697165309 30
    vertex -44.99999999999991 -14.64101615137887 30
    vertex -50.05368722252499 -13.06425218355199 30
  endloop
endfacet
facet normal 0 0 1
  outer loop
    vertex -117.6115176654462 -15.73655973907653 30
    vertex -121.0889548036987 -13.80042571449583 30
    vertex -121.957210352735 -16.98584376215474 30
  endloop
endfacet
facet normal -0 0 1
  outer loop
    vertex -75.00000000000003 -14.64101615137908 30
    vertex -71.42452908936494 -16.41638697165314 30
    vertex -69.94769649565913 -13.0651395165431 30
  endloop
endfacet
facet normal -0 0 1
  outer loop
    vertex -29.99999999999996 -14.07307011894202 30
    vertex -26.43148997365984 -16.42120884814374 30
    vertex -24.99999999999993 -12.94943676739063 30
  endloop
endfacet
facet normal 0 -0 1
  outer loop
    vertex 61.42452908936509 -16.41638697165298 30
    vertex 65.00000000000017 -14.64101615137809 30
    vertex 59.94769649565919 -13.06513951654263 30
  endloop
endfacet
facet normal 0 0 1
  outer loop
    vertex -37.58128109726398 -15.71611697650475 30
    vertex -41.08393868468205 -13.78936545781843 30
    vertex -41.95217425456372 -16.98134333083342 30
  endloop
endfacet
facet normal 0 -0 1
  outer loop
    vertex 76.43504849011461 -16.43221033835064 30
    vertex 80.00000000000024 -14.64101615137791 30
    vertex 75.27215420830098 -13.14388272994423 30
  endloop
endfacet
facet normal 0 -0 1
  outer loop
    vertex 31.42452908936505 -16.41638697165302 30
    vertex 35.00000000000011 -14.64101615137835 30
    vertex 29.9460649994654 -13.06474560540152 30
  endloop
endfacet
facet normal 0 -0 1
  outer loop
    vertex -33.53814676285835 -16.47718728666025 30
    vertex -29.99999999999996 -14.07307011894202 30
    vertex -34.80517626992183 -13.05784553912047 30
  endloop
endfacet
facet normal 0 0 1
  outer loop
    vertex 117.418718902736 -15.71611697650459 30
    vertex 113.9131398437721 -13.79570047279523 30
    vertex 112.4288292485477 -17.16617514861112 30
  endloop
endfacet
facet normal -0 0 1
  outer loop
    vertex 95.00000000000001 -14.23534041392331 30
    vertex 98.55378286529077 -16.44336156152044 30
    vertex 99.80596343240343 -13.06702674506835 30
  endloop
endfacet
facet normal 0 0 1
  outer loop
    vertex 42.38848233455384 -15.73655973907634 30
    vertex 38.91130103927765 -13.79797543360089 30
    vertex 38.04282619626164 -16.9854937220267 30
  endloop
endfacet
facet normal 0 0 1
  outer loop
    vertex 106.0829722104087 -13.79351659838625 30
    vertex 102.5812810972639 -15.71611697650462 30
    vertex 107.5661727744049 -17.15418164212056 30
  endloop
endfacet
facet normal 0 0 1
  outer loop
    vertex 72.41871890273603 -15.71611697650464 30
    vertex 68.91586383937718 -13.79167531074835 30
    vertex 68.0477975345876 -16.98167330982314 30
  endloop
endfacet
facet normal 0 -0 1
  outer loop
    vertex 121.4462171347093 -16.44336156152031 30
    vertex 125 -14.23534041392311 30
    vertex 120.1940096889269 -13.06722848436182 30
  endloop
endfacet
facet normal 0 0 1
  outer loop
    vertex 87.41871890273603 -15.71611697650463 30
    vertex 83.9155450298299 -13.78073749490955 30
    vertex 83.04775199036659 -16.98011076470326 30
  endloop
endfacet
facet normal 0 -0 1
  outer loop
    vertex 91.44621713470919 -16.44336156152037 30
    vertex 95.00000000000001 -14.23534041392331 30
    vertex 90.19382153823886 -13.06383456169946 30
  endloop
endfacet
facet normal -0 0 1
  outer loop
    vertex 125 -14.23534041392311 30
    vertex 128.56851002634 -16.43303612911886 30
    vertex 130 -12.94943676739003 30
  endloop
endfacet
facet normal 0 0 1
  outer loop
    vertex 145.8653305375559 -12.26606251750211 30
    vertex 145.3147126805976 -6.781550074223435 30
    vertex 141.9564424223562 -9.997066018681993 30
  endloop
endfacet
facet normal 0 0 1
  outer loop
    vertex -137.3630670986561 -1.571576847159904 30
    vertex -139.6559208189737 2.659490115444554 30
    vertex -141.6571596265946 -1.01157524095452 30
  endloop
endfacet
facet normal 0 -0 1
  outer loop
    vertex 150 5.000000000000004 30
    vertex 150 10 30
    vertex 146.7130288315994 7.343614020471815 30
  endloop
endfacet
facet normal 0 -0 1
  outer loop
    vertex -139.6559208189737 2.659490115444554 30
    vertex -137.3549682452694 6.925884820597813 30
    vertex -141.6362998603075 6.28911387271642 30
  endloop
endfacet
facet normal 0 -0 1
  outer loop
    vertex 150 -4.999999999999995 30
    vertex 150 3.552713678800501e-15 30
    vertex 146.73718682342 -2.499999999999996 30
  endloop
endfacet
facet normal -0 0 1
  outer loop
    vertex -150 15 30
    vertex -145.8447746679573 12.54168647016786 30
    vertex -146.3397459621556 16.33974596215559 30
  endloop
endfacet
facet normal 0 0 1
  outer loop
    vertex 145 20 30
    vertex 142.3474886479711 15.89594202118412 30
    vertex 146.3397459621557 16.33974596215576 30
  endloop
endfacet
facet normal 0 0 1
  outer loop
    vertex 150 -14.99999999999999 30
    vertex 145.8653305375559 -12.26606251750211 30
    vertex 146.3397459621556 -16.33974596215571 30
  endloop
endfacet
facet normal 0 0 1
  outer loop
    vertex 72.41871890273603 -15.71611697650464 30
    vertex 74.99999999999997 -19.99999999999999 30
    vertex 76.43504849011461 -16.43221033835064 30
  endloop
endfacet
facet normal 0 0 1
  outer loop
    vertex 117.418718902736 -15.71611697650459 30
    vertex 120 -19.99999999999999 30
    vertex 121.4462171347093 -16.44336156152031 30
  endloop
endfacet
facet normal 0 -0 1
  outer loop
    vertex 130 -19.99999999999999 30
    vertex 132.6301039430205 -16.13312256329918 30
    vertex 128.56851002634 -16.43303612911886 30
  endloop
endfacet
facet normal 0 0 1
  outer loop
    vertex 87.41871890273603 -15.71611697650463 30
    vertex 89.99999999999997 -19.99999999999999 30
    vertex 91.44621713470919 -16.44336156152037 30
  endloop
endfacet
facet normal 0 -0 1
  outer loop
    vertex 99.99999999999997 -19.99999999999999 30
    vertex 102.5812810972639 -15.71611697650462 30
    vertex 98.55378286529077 -16.44336156152044 30
  endloop
endfacet
facet normal 0 0 1
  outer loop
    vertex 109.9963860015827 -14.08040028432693 30
    vertex 107.6517879335238 -10.18820040646368 30
    vertex 106.0829722104087 -13.79351659838625 30
  endloop
endfacet
facet normal 0 0 1
  outer loop
    vertex 112.3178544797712 -10.20572736731963 30
    vertex 109.9963860015827 -14.08040028432693 30
    vertex 113.9131398437721 -13.79570047279523 30
  endloop
endfacet
facet normal 0 0 1
  outer loop
    vertex 57.36989605697948 -16.13312256329927 30
    vertex 59.99999999999997 -19.99999999999999 30
    vertex 61.42452908936509 -16.41638697165298 30
  endloop
endfacet
facet normal 0 0 1
  outer loop
    vertex 27.3698960569795 -16.13312256329928 30
    vertex 29.99999999999997 -19.99999999999999 30
    vertex 31.42452908936505 -16.41638697165302 30
  endloop
endfacet
facet normal 0 0 1
  outer loop
    vertex -122.7025226986364 -10.21214854122188 30
    vertex -125.0000000000002 -14.64101615137886 30
    vertex -121.0889548036987 -13.80042571449583 30
  endloop
endfacet
facet normal 0 0 1
  outer loop
    vertex 67.29788587061091 -10.20637081932808 30
    vertex 65.00000000000017 -14.64101615137809 30
    vertex 68.91586383937718 -13.79167531074835 30
  endloop
endfacet
facet normal 0 0 1
  outer loop
    vertex -37.58128109726398 -15.71611697650475 30
    vertex -35.00000000000003 -19.99999999999999 30
    vertex -33.53814676285835 -16.47718728666025 30
  endloop
endfacet
facet normal 0 0 1
  outer loop
    vertex -52.63010394302052 -16.13312256329935 30
    vertex -50.00000000000003 -19.99999999999999 30
    vertex -48.57547091063506 -16.41638697165309 30
  endloop
endfacet
facet normal 0 0 1
  outer loop
    vertex -97.63010394302052 -16.13312256329938 30
    vertex -95.00000000000003 -19.99999999999999 30
    vertex -93.57547091063505 -16.41638697165315 30
  endloop
endfacet
facet normal 0 0 1
  outer loop
    vertex 82.31785447977141 -10.15873905109806 30
    vertex 80.00000000000024 -14.64101615137791 30
    vertex 83.9155450298299 -13.78073749490955 30
  endloop
endfacet
facet normal 0 0 1
  outer loop
    vertex 37.31785447977135 -10.20572736732041 30
    vertex 35.00000000000011 -14.64101615137835 30
    vertex 38.91130103927765 -13.79797543360089 30
  endloop
endfacet
facet normal 0 -0 1
  outer loop
    vertex -70.00000000000003 -19.99999999999999 30
    vertex -67.36989605697948 -16.13312256329939 30
    vertex -71.42452908936494 -16.41638697165314 30
  endloop
endfacet
facet normal 0 -0 1
  outer loop
    vertex -25.00000000000003 -19.99999999999999 30
    vertex -22.3698960569795 -16.13312256329935 30
    vertex -26.43148997365984 -16.42120884814374 30
  endloop
endfacet
facet normal 0 0 1
  outer loop
    vertex -75.00000000000003 -14.64101615137908 30
    vertex -77.31785447977127 -10.15873905109924 30
    vertex -78.96270353633412 -13.84590365879165 30
  endloop
endfacet
facet normal 0 0 1
  outer loop
    vertex -42.68214552022867 -10.20572736732092 30
    vertex -44.99999999999991 -14.64101615137887 30
    vertex -41.08393868468205 -13.78936545781843 30
  endloop
endfacet
facet normal 0 0 1
  outer loop
    vertex -132.6301039430207 -16.13312256329932 30
    vertex -130 -19.99999999999999 30
    vertex -128.5754709106352 -16.4163869716532 30
  endloop
endfacet
facet normal 0 0 1
  outer loop
    vertex -87.68214552022866 -10.15873905109922 30
    vertex -89.99999999999983 -14.6410161513791 30
    vertex -86.03556174442558 -13.84590365879161 30
  endloop
endfacet
facet normal 0 -0 1
  outer loop
    vertex -145 -19.99999999999999 30
    vertex -142.5319133027054 -15.4067642926569 30
    vertex -146.3762068782974 -16.37620687829734 30
  endloop
endfacet
facet normal 0 0 1
  outer loop
    vertex -142.5346066236301 15.76709609464696 30
    vertex -145 20 30
    vertex -146.3397459621556 16.33974596215559 30
  endloop
endfacet
facet normal 0 0 1
  outer loop
    vertex 145.4715137627961 12.040871904713 30
    vertex 150 15 30
    vertex 146.3397459621557 16.33974596215576 30
  endloop
endfacet
facet normal 0 0 1
  outer loop
    vertex 142.5 -15.6698729810778 30
    vertex 145 -19.99999999999999 30
    vertex 146.3397459621556 -16.33974596215571 30
  endloop
endfacet
facet normal 0 0 1
  outer loop
    vertex -142.5319133027054 -15.4067642926569 30
    vertex -146.1901590981898 -12.46273573605655 30
    vertex -146.3762068782974 -16.37620687829734 30
  endloop
endfacet
facet normal 0 0 1
  outer loop
    vertex 112.4288292485477 -17.16617514861112 30
    vertex 109.9963860015827 -14.08040028432693 30
    vertex 107.5661727744049 -17.15418164212056 30
  endloop
endfacet
facet normal 0 0 1
  outer loop
    vertex 137.4669850839624 -10.09475083435862 30
    vertex 135.0058970497438 -13.00634068734742 30
    vertex 139.5939740930074 -12.98888569417588 30
  endloop
endfacet
facet normal 0 0 1
  outer loop
    vertex -135.0000000000008 -12.99038105676676 30
    vertex -132.6301039430207 -16.13312256329932 30
    vertex -130.0522760006701 -13.07194511876912 30
  endloop
endfacet
facet normal 0 0 1
  outer loop
    vertex 54.99999999999999 -12.99038105676696 30
    vertex 57.36989605697948 -16.13312256329927 30
    vertex 59.94769649565919 -13.06513951654263 30
  endloop
endfacet
facet normal 0 -0 1
  outer loop
    vertex 132.6301039430205 -16.13312256329918 30
    vertex 135.0058970497438 -13.00634068734742 30
    vertex 130 -12.94943676739003 30
  endloop
endfacet
facet normal 0 0 1
  outer loop
    vertex 24.99428881598932 -13.00175423303542 30
    vertex 27.3698960569795 -16.13312256329928 30
    vertex 29.9460649994654 -13.06474560540152 30
  endloop
endfacet
facet normal 0 -0 1
  outer loop
    vertex -67.36989605697948 -16.13312256329939 30
    vertex -64.99999999999996 -12.99038105676737 30
    vertex -69.94769649565913 -13.0651395165431 30
  endloop
endfacet
facet normal 0 0 1
  outer loop
    vertex -100.0000000000001 -12.99038105676736 30
    vertex -97.63010394302052 -16.13312256329938 30
    vertex -95.05230350434088 -13.06513951654311 30
  endloop
endfacet
facet normal 0 0 1
  outer loop
    vertex -54.99999999999995 -12.99038105676727 30
    vertex -52.63010394302052 -16.13312256329935 30
    vertex -50.05368722252499 -13.06425218355199 30
  endloop
endfacet
facet normal 0 -0 1
  outer loop
    vertex -22.3698960569795 -16.13312256329935 30
    vertex -20.00000000000003 -12.99038105676721 30
    vertex -24.99999999999993 -12.94943676739063 30
  endloop
endfacet
facet normal 0 0 1
  outer loop
    vertex -112.5048381605516 -15.81599078560476 30
    vertex -107.5 -15.6698729810778 30
    vertex -110 -12.99038105676716 30
  endloop
endfacet
facet normal 0 0 1
  outer loop
    vertex 137.4669850839624 -10.09475083435862 30
    vertex 132.5 -10.31088913245509 30
    vertex 135.0058970497438 -13.00634068734742 30
  endloop
endfacet
facet normal 0 0 1
  outer loop
    vertex 132.6301039430205 -16.13312256329918 30
    vertex 137.5 -15.66987298107786 30
    vertex 135.0058970497438 -13.00634068734742 30
  endloop
endfacet
facet normal 0 -0 1
  outer loop
    vertex 7.499999999999972 -15.6698729810778 30
    vertex 10 -12.99038105676706 30
    vertex 5.000000000000004 -12.99038105676708 30
  endloop
endfacet
facet normal 0 0 1
  outer loop
    vertex 10 -12.99038105676706 30
    vertex 7.500000000000043 -10.31088913245633 30
    vertex 5.000000000000004 -12.99038105676708 30
  endloop
endfacet
facet normal 0 0 1
  outer loop
    vertex -107.5000000000001 -10.3108891324567 30
    vertex -110 -12.99038105676716 30
    vertex -104.9999999999999 -12.99038105676741 30
  endloop
endfacet
facet normal 0 0 1
  outer loop
    vertex -4.999999999999995 -12.99038105676711 30
    vertex -7.49999999999996 -10.31088913245643 30
    vertex -10.00000000000002 -12.99038105676716 30
  endloop
endfacet
facet normal 0 -0 1
  outer loop
    vertex -7.500000000000029 -15.6698729810778 30
    vertex -4.999999999999995 -12.99038105676711 30
    vertex -10.00000000000002 -12.99038105676716 30
  endloop
endfacet
facet normal 0 -0 1
  outer loop
    vertex 22.49999999999998 -15.66987298107781 30
    vertex 24.99428881598932 -13.00175423303542 30
    vertex 19.99999999999997 -12.99038105676708 30
  endloop
endfacet
facet normal 0 0 1
  outer loop
    vertex 24.99428881598932 -13.00175423303542 30
    vertex 22.50000000000005 -10.31088913245622 30
    vertex 19.99999999999997 -12.99038105676708 30
  endloop
endfacet
facet normal 0 0 1
  outer loop
    vertex 54.99999999999999 -12.99038105676696 30
    vertex 52.50000000000004 -10.16084303149558 30
    vertex 49.99919363990811 -12.98972634069465 30
  endloop
endfacet
facet normal 0 0 1
  outer loop
    vertex 57.50000000000006 -10.15365671298097 30
    vertex 52.50000000000004 -10.16084303149558 30
    vertex 54.99999999999999 -12.99038105676696 30
  endloop
endfacet
facet normal -0 0 1
  outer loop
    vertex -137.5 -15.66987298107781 30
    vertex -132.6301039430207 -16.13312256329932 30
    vertex -135.0000000000008 -12.99038105676676 30
  endloop
endfacet
facet normal 0 -0 1
  outer loop
    vertex 52.49999999999996 -15.6698729810778 30
    vertex 54.99999999999999 -12.99038105676696 30
    vertex 49.99919363990811 -12.98972634069465 30
  endloop
endfacet
facet normal -0 0 1
  outer loop
    vertex 52.49999999999996 -15.6698729810778 30
    vertex 57.36989605697948 -16.13312256329927 30
    vertex 54.99999999999999 -12.99038105676696 30
  endloop
endfacet
facet normal 0 0 1
  outer loop
    vertex -110 -12.99038105676716 30
    vertex -107.5 -15.6698729810778 30
    vertex -104.9999999999999 -12.99038105676741 30
  endloop
endfacet
facet normal 0 0 1
  outer loop
    vertex -62.49999999999996 -10.15970611791669 30
    vertex -67.5 -10.15365671298189 30
    vertex -64.99999999999996 -12.99038105676737 30
  endloop
endfacet
facet normal 0 -0 1
  outer loop
    vertex 12.49999999999997 -15.6698729810778 30
    vertex 15.00000000000003 -12.99038105676703 30
    vertex 10 -12.99038105676706 30
  endloop
endfacet
facet normal -0 0 1
  outer loop
    vertex 42.38848233455384 -15.73655973907634 30
    vertex 47.49516183944854 -15.81599078560463 30
    vertex 45.00000000000007 -12.9903810567669 30
  endloop
endfacet
facet normal 0 0 1
  outer loop
    vertex 52.50000000000004 -10.16084303149558 30
    vertex 47.50000000000006 -10.31088913245608 30
    vertex 49.99919363990811 -12.98972634069465 30
  endloop
endfacet
facet normal 0 0 1
  outer loop
    vertex 22.50000000000005 -10.31088913245622 30
    vertex 17.50000000000005 -10.31088913245627 30
    vertex 19.99999999999997 -12.99038105676708 30
  endloop
endfacet
facet normal 0 0 1
  outer loop
    vertex -97.50000000000001 -10.15365671298188 30
    vertex -102.5000000000001 -10.16084303149635 30
    vertex -100.0000000000001 -12.99038105676736 30
  endloop
endfacet
facet normal 0 -0 1
  outer loop
    vertex -112.5048381605516 -15.81599078560476 30
    vertex -110 -12.99038105676716 30
    vertex -115 -12.9903810567673 30
  endloop
endfacet
facet normal -0 0 1
  outer loop
    vertex -64.99999999999996 -12.99038105676737 30
    vertex -62.50000000000001 -15.6698729810779 30
    vertex -59.99999999999992 -12.99038105676723 30
  endloop
endfacet
facet normal 0 0 1
  outer loop
    vertex 15.00000000000003 -12.99038105676703 30
    vertex 12.50000000000005 -10.3108891324563 30
    vertex 10 -12.99038105676706 30
  endloop
endfacet
facet normal 0 0 1
  outer loop
    vertex 47.50000000000006 -10.31088913245608 30
    vertex 42.35851670336259 -10.62098129123761 30
    vertex 45.00000000000007 -12.9903810567669 30
  endloop
endfacet
facet normal -0 0 1
  outer loop
    vertex 12.49999999999997 -15.6698729810778 30
    vertex 17.49999999999997 -15.6698729810778 30
    vertex 15.00000000000003 -12.99038105676703 30
  endloop
endfacet
facet normal 0 -0 1
  outer loop
    vertex -2.500000000000028 -15.6698729810778 30
    vertex 3.719026289466551e-14 -12.99038105676707 30
    vertex -4.999999999999995 -12.99038105676711 30
  endloop
endfacet
facet normal 0 0 1
  outer loop
    vertex 7.500000000000043 -10.31088913245633 30
    vertex 2.500000000000042 -10.31088913245636 30
    vertex 5.000000000000004 -12.99038105676708 30
  endloop
endfacet
facet normal -0 0 1
  outer loop
    vertex 22.49999999999998 -15.66987298107781 30
    vertex 27.3698960569795 -16.13312256329928 30
    vertex 24.99428881598932 -13.00175423303542 30
  endloop
endfacet
facet normal -0 0 1
  outer loop
    vertex -142.5319133027054 -15.4067642926569 30
    vertex -137.5 -15.66987298107781 30
    vertex -140 -12.99038105676704 30
  endloop
endfacet
facet normal -0 0 1
  outer loop
    vertex 17.49999999999997 -15.6698729810778 30
    vertex 22.49999999999998 -15.66987298107781 30
    vertex 19.99999999999997 -12.99038105676708 30
  endloop
endfacet
facet normal 0 0 1
  outer loop
    vertex 7.499999999999972 -15.6698729810778 30
    vertex 12.49999999999997 -15.6698729810778 30
    vertex 10 -12.99038105676706 30
  endloop
endfacet
facet normal 0 0 1
  outer loop
    vertex 12.50000000000005 -10.3108891324563 30
    vertex 7.500000000000043 -10.31088913245633 30
    vertex 10 -12.99038105676706 30
  endloop
endfacet
facet normal 0 0 1
  outer loop
    vertex -10.00000000000002 -12.99038105676716 30
    vertex -12.49999999999995 -10.31088913245646 30
    vertex -15.00000000000003 -12.99038105676719 30
  endloop
endfacet
facet normal -0 0 1
  outer loop
    vertex -2.500000000000028 -15.6698729810778 30
    vertex 2.499999999999972 -15.6698729810778 30
    vertex 3.719026289466551e-14 -12.99038105676707 30
  endloop
endfacet
facet normal 0 0 1
  outer loop
    vertex -7.500000000000029 -15.6698729810778 30
    vertex -2.500000000000028 -15.6698729810778 30
    vertex -4.999999999999995 -12.99038105676711 30
  endloop
endfacet
facet normal -0 0 1
  outer loop
    vertex -57.50000000000006 -15.6698729810778 30
    vertex -52.63010394302052 -16.13312256329935 30
    vertex -54.99999999999995 -12.99038105676727 30
  endloop
endfacet
facet normal 0 0 1
  outer loop
    vertex -110 -12.99038105676716 30
    vertex -112.5 -10.31088913245663 30
    vertex -115 -12.9903810567673 30
  endloop
endfacet
facet normal 0 0 1
  outer loop
    vertex 27.49846343604715 -10.15073100332813 30
    vertex 22.50000000000005 -10.31088913245622 30
    vertex 24.99428881598932 -13.00175423303542 30
  endloop
endfacet
facet normal 0 0 1
  outer loop
    vertex 47.49516183944854 -15.81599078560463 30
    vertex 52.49999999999996 -15.6698729810778 30
    vertex 49.99919363990811 -12.98972634069465 30
  endloop
endfacet
facet normal 0 0 1
  outer loop
    vertex -17.49999999999995 -10.16084303149604 30
    vertex -22.49999999999994 -10.15365671298153 30
    vertex -20.00000000000003 -12.99038105676721 30
  endloop
endfacet
facet normal 0 0 1
  outer loop
    vertex -62.49999999999996 -10.15970611791669 30
    vertex -64.99999999999996 -12.99038105676737 30
    vertex -59.99999999999992 -12.99038105676723 30
  endloop
endfacet
facet normal 0 0 1
  outer loop
    vertex -15.00000000000003 -12.99038105676719 30
    vertex -17.49999999999995 -10.16084303149604 30
    vertex -20.00000000000003 -12.99038105676721 30
  endloop
endfacet
facet normal 0 0 1
  outer loop
    vertex 17.50000000000005 -10.31088913245627 30
    vertex 12.50000000000005 -10.3108891324563 30
    vertex 15.00000000000003 -12.99038105676703 30
  endloop
endfacet
facet normal 0 0 1
  outer loop
    vertex 3.719026289466551e-14 -12.99038105676707 30
    vertex -2.499999999999959 -10.3108891324564 30
    vertex -4.999999999999995 -12.99038105676711 30
  endloop
endfacet
facet normal 0 0 1
  outer loop
    vertex 2.500000000000042 -10.31088913245636 30
    vertex -2.499999999999959 -10.3108891324564 30
    vertex 3.719026289466551e-14 -12.99038105676707 30
  endloop
endfacet
facet normal 0 0 1
  outer loop
    vertex 2.499999999999972 -15.6698729810778 30
    vertex 7.499999999999972 -15.6698729810778 30
    vertex 5.000000000000004 -12.99038105676708 30
  endloop
endfacet
facet normal 0 0 1
  outer loop
    vertex -2.499999999999959 -10.3108891324564 30
    vertex -7.49999999999996 -10.31088913245643 30
    vertex -4.999999999999995 -12.99038105676711 30
  endloop
endfacet
facet normal 0 -0 1
  outer loop
    vertex -12.50000000000003 -15.6698729810778 30
    vertex -10.00000000000002 -12.99038105676716 30
    vertex -15.00000000000003 -12.99038105676719 30
  endloop
endfacet
facet normal 0 0 1
  outer loop
    vertex -7.49999999999996 -10.31088913245643 30
    vertex -12.49999999999995 -10.31088913245646 30
    vertex -10.00000000000002 -12.99038105676716 30
  endloop
endfacet
facet normal -0 0 1
  outer loop
    vertex -12.50000000000003 -15.6698729810778 30
    vertex -7.500000000000029 -15.6698729810778 30
    vertex -10.00000000000002 -12.99038105676716 30
  endloop
endfacet
facet normal 0 0 1
  outer loop
    vertex -12.49999999999995 -10.31088913245646 30
    vertex -17.49999999999995 -10.16084303149604 30
    vertex -15.00000000000003 -12.99038105676719 30
  endloop
endfacet
facet normal 0 -0 1
  outer loop
    vertex -17.50000000000003 -15.66987298107779 30
    vertex -15.00000000000003 -12.99038105676719 30
    vertex -20.00000000000003 -12.99038105676721 30
  endloop
endfacet
facet normal -0 0 1
  outer loop
    vertex -17.50000000000003 -15.66987298107779 30
    vertex -12.50000000000003 -15.6698729810778 30
    vertex -15.00000000000003 -12.99038105676719 30
  endloop
endfacet
facet normal -0 0 1
  outer loop
    vertex -107.5 -15.6698729810778 30
    vertex -102.5 -15.66987298107781 30
    vertex -104.9999999999999 -12.99038105676741 30
  endloop
endfacet
facet normal 0 0 1
  outer loop
    vertex -22.3698960569795 -16.13312256329935 30
    vertex -17.50000000000003 -15.66987298107779 30
    vertex -20.00000000000003 -12.99038105676721 30
  endloop
endfacet
facet normal 0 0 1
  outer loop
    vertex -57.50006666336734 -10.15415707060355 30
    vertex -62.49999999999996 -10.15970611791669 30
    vertex -59.99999999999992 -12.99038105676723 30
  endloop
endfacet
facet normal 0 0 1
  outer loop
    vertex -52.50153656395287 -10.15073100332858 30
    vertex -57.50006666336734 -10.15415707060355 30
    vertex -54.99999999999995 -12.99038105676727 30
  endloop
endfacet
facet normal 0 0 1
  outer loop
    vertex -107.5000000000001 -10.3108891324567 30
    vertex -112.5 -10.31088913245663 30
    vertex -110 -12.99038105676716 30
  endloop
endfacet
facet normal 0 0 1
  outer loop
    vertex -112.5 -10.31088913245663 30
    vertex -117.6228970190631 -10.63171208359888 30
    vertex -115 -12.9903810567673 30
  endloop
endfacet
facet normal 0 0 1
  outer loop
    vertex -67.36989605697948 -16.13312256329939 30
    vertex -62.50000000000001 -15.6698729810779 30
    vertex -64.99999999999996 -12.99038105676737 30
  endloop
endfacet
facet normal 0 0 1
  outer loop
    vertex -137.5000000000003 -10.31088913245623 30
    vertex -142.3807656874062 -10.43765358606887 30
    vertex -140 -12.99038105676704 30
  endloop
endfacet
facet normal 0 0 1
  outer loop
    vertex -102.5000000000001 -10.16084303149635 30
    vertex -107.5000000000001 -10.3108891324567 30
    vertex -104.9999999999999 -12.99038105676741 30
  endloop
endfacet
facet normal 0 0 1
  outer loop
    vertex -62.50000000000001 -15.6698729810779 30
    vertex -57.50000000000006 -15.6698729810778 30
    vertex -59.99999999999992 -12.99038105676723 30
  endloop
endfacet
facet normal 0 -0 1
  outer loop
    vertex -57.50000000000006 -15.6698729810778 30
    vertex -54.99999999999995 -12.99038105676727 30
    vertex -59.99999999999992 -12.99038105676723 30
  endloop
endfacet
facet normal 0 0 1
  outer loop
    vertex -54.99999999999995 -12.99038105676727 30
    vertex -57.50006666336734 -10.15415707060355 30
    vertex -59.99999999999992 -12.99038105676723 30
  endloop
endfacet
facet normal -0 0 1
  outer loop
    vertex -102.5 -15.66987298107781 30
    vertex -97.63010394302052 -16.13312256329938 30
    vertex -100.0000000000001 -12.99038105676736 30
  endloop
endfacet
facet normal 0 0 1
  outer loop
    vertex 5.000000000000004 -12.99038105676708 30
    vertex 2.500000000000042 -10.31088913245636 30
    vertex 3.719026289466551e-14 -12.99038105676707 30
  endloop
endfacet
facet normal 0 -0 1
  outer loop
    vertex 2.499999999999972 -15.6698729810778 30
    vertex 5.000000000000004 -12.99038105676708 30
    vertex 3.719026289466551e-14 -12.99038105676707 30
  endloop
endfacet
facet normal 0 -0 1
  outer loop
    vertex 17.49999999999997 -15.6698729810778 30
    vertex 19.99999999999997 -12.99038105676708 30
    vertex 15.00000000000003 -12.99038105676703 30
  endloop
endfacet
facet normal -0 0 1
  outer loop
    vertex 45.00000000000007 -12.9903810567669 30
    vertex 47.49516183944854 -15.81599078560463 30
    vertex 49.99919363990811 -12.98972634069465 30
  endloop
endfacet
facet normal 0 0 1
  outer loop
    vertex 19.99999999999997 -12.99038105676708 30
    vertex 17.50000000000005 -10.31088913245627 30
    vertex 15.00000000000003 -12.99038105676703 30
  endloop
endfacet
facet normal 0 0 1
  outer loop
    vertex 47.50000000000006 -10.31088913245608 30
    vertex 45.00000000000007 -12.9903810567669 30
    vertex 49.99919363990811 -12.98972634069465 30
  endloop
endfacet
facet normal -0 0 1
  outer loop
    vertex -117.6115176654462 -15.73655973907653 30
    vertex -112.5048381605516 -15.81599078560476 30
    vertex -115 -12.9903810567673 30
  endloop
endfacet
facet normal 0 0 1
  outer loop
    vertex -102.5000000000001 -10.16084303149635 30
    vertex -104.9999999999999 -12.99038105676741 30
    vertex -100.0000000000001 -12.99038105676736 30
  endloop
endfacet
facet normal -0 0 1
  outer loop
    vertex -104.9999999999999 -12.99038105676741 30
    vertex -102.5 -15.66987298107781 30
    vertex -100.0000000000001 -12.99038105676736 30
  endloop
endfacet
facet normal 0 0 1
  outer loop
    vertex -132.5000000000005 -10.31088913245663 30
    vertex -137.5000000000003 -10.31088913245623 30
    vertex -135.0000000000008 -12.99038105676676 30
  endloop
endfacet
facet normal -0 0 1
  outer loop
    vertex -140 -12.99038105676704 30
    vertex -137.5 -15.66987298107781 30
    vertex -135.0000000000008 -12.99038105676676 30
  endloop
endfacet
facet normal 0 0 1
  outer loop
    vertex -137.5000000000003 -10.31088913245623 30
    vertex -140 -12.99038105676704 30
    vertex -135.0000000000008 -12.99038105676676 30
  endloop
endfacet
facet normal 0 0 1
  outer loop
    vertex -132.5000000000005 -10.31088913245663 30
    vertex -135.0000000000008 -12.99038105676676 30
    vertex -130.0522760006701 -13.07194511876912 30
  endloop
endfacet
facet normal 0 0 1
  outer loop
    vertex 57.50000000000006 -10.15365671298097 30
    vertex 54.99999999999999 -12.99038105676696 30
    vertex 59.94769649565919 -13.06513951654263 30
  endloop
endfacet
facet normal 0 0 1
  outer loop
    vertex 135.0058970497438 -13.00634068734742 30
    vertex 132.5 -10.31088913245509 30
    vertex 130 -12.94943676739003 30
  endloop
endfacet
facet normal 0 0 1
  outer loop
    vertex 27.49846343604715 -10.15073100332813 30
    vertex 24.99428881598932 -13.00175423303542 30
    vertex 29.9460649994654 -13.06474560540152 30
  endloop
endfacet
facet normal 0 0 1
  outer loop
    vertex -64.99999999999996 -12.99038105676737 30
    vertex -67.5 -10.15365671298189 30
    vertex -69.94769649565913 -13.0651395165431 30
  endloop
endfacet
facet normal 0 0 1
  outer loop
    vertex -97.50000000000001 -10.15365671298188 30
    vertex -100.0000000000001 -12.99038105676736 30
    vertex -95.05230350434088 -13.06513951654311 30
  endloop
endfacet
facet normal 0 0 1
  outer loop
    vertex -52.50153656395287 -10.15073100332858 30
    vertex -54.99999999999995 -12.99038105676727 30
    vertex -50.05368722252499 -13.06425218355199 30
  endloop
endfacet
facet normal 0 0 1
  outer loop
    vertex -20.00000000000003 -12.99038105676721 30
    vertex -22.49999999999994 -10.15365671298153 30
    vertex -24.99999999999993 -12.94943676739063 30
  endloop
endfacet
facet normal -0 0 1
  outer loop
    vertex 135.0058970497438 -13.00634068734742 30
    vertex 137.5 -15.66987298107786 30
    vertex 139.5939740930074 -12.98888569417588 30
  endloop
endfacet
facet normal 0 0 1
  outer loop
    vertex 122.5 -10.02895923512397 30
    vertex 117.3616020674627 -10.58594894947376 30
    vertex 120.1940096889269 -13.06722848436182 30
  endloop
endfacet
facet normal 0 0 1
  outer loop
    vertex -127.4993660513829 -10.02859322472037 30
    vertex -132.5000000000005 -10.31088913245663 30
    vertex -130.0522760006701 -13.07194511876912 30
  endloop
endfacet
facet normal 0 0 1
  outer loop
    vertex 132.5 -10.31088913245509 30
    vertex 127.5 -9.98197091890205 30
    vertex 130 -12.94943676739003 30
  endloop
endfacet
facet normal 0 0 1
  outer loop
    vertex 110 -19.99999999999999 30
    vertex 115 -19.99999999999999 30
    vertex 112.4288292485477 -17.16617514861112 30
  endloop
endfacet
facet normal 0 0 1
  outer loop
    vertex 105 -19.99999999999999 30
    vertex 110 -19.99999999999999 30
    vertex 107.5661727744049 -17.15418164212056 30
  endloop
endfacet
facet normal 0 0 1
  outer loop
    vertex 79.99999999999997 -19.99999999999999 30
    vertex 84.99999999999997 -19.99999999999999 30
    vertex 83.04775199036659 -16.98011076470326 30
  endloop
endfacet
facet normal 0 0 1
  outer loop
    vertex 62.50000000000007 -10.0289592351246 30
    vertex 57.50000000000006 -10.15365671298097 30
    vertex 59.94769649565919 -13.06513951654263 30
  endloop
endfacet
facet normal 0 0 1
  outer loop
    vertex 64.99999999999997 -19.99999999999999 30
    vertex 69.99999999999997 -19.99999999999999 30
    vertex 68.0477975345876 -16.98167330982314 30
  endloop
endfacet
facet normal 0 0 1
  outer loop
    vertex 77.50000000000011 -10.02895923512444 30
    vertex 72.38018834503723 -10.59667974183492 30
    vertex 75.27215420830098 -13.14388272994423 30
  endloop
endfacet
facet normal 0 0 1
  outer loop
    vertex 34.99999999999997 -19.99999999999999 30
    vertex 39.99999999999997 -19.99999999999999 30
    vertex 38.04282619626164 -16.9854937220267 30
  endloop
endfacet
facet normal 0 0 1
  outer loop
    vertex -22.49999999999994 -10.15365671298153 30
    vertex -27.49999999999995 -10.02895923512521 30
    vertex -24.99999999999993 -12.94943676739063 30
  endloop
endfacet
facet normal 0 0 1
  outer loop
    vertex 32.46964241329526 -10.0114322742689 30
    vertex 27.49846343604715 -10.15073100332813 30
    vertex 29.9460649994654 -13.06474560540152 30
  endloop
endfacet
facet normal 0 0 1
  outer loop
    vertex 102.637881647049 -10.5820739411213 30
    vertex 97.50000000000001 -10.0289592351242 30
    vertex 99.80596343240343 -13.06702674506835 30
  endloop
endfacet
facet normal 0 0 1
  outer loop
    vertex 92.50000000000003 -9.981970918902363 30
    vertex 87.35798806904559 -10.56774679919392 30
    vertex 90.19382153823886 -13.06383456169946 30
  endloop
endfacet
facet normal 0 0 1
  outer loop
    vertex -92.49999999999996 -10.02895923512551 30
    vertex -97.50000000000001 -10.15365671298188 30
    vertex -95.05230350434088 -13.06513951654311 30
  endloop
endfacet
facet normal 0 0 1
  outer loop
    vertex -47.53035758670474 -10.01143227426936 30
    vertex -52.50153656395287 -10.15073100332858 30
    vertex -50.05368722252499 -13.06425218355199 30
  endloop
endfacet
facet normal 0 0 1
  outer loop
    vertex -45.00000000000003 -19.99999999999999 30
    vertex -40.00000000000003 -19.99999999999999 30
    vertex -41.95217425456372 -16.98134333083342 30
  endloop
endfacet
facet normal 0 0 1
  outer loop
    vertex -90.00000000000003 -19.99999999999999 30
    vertex -85.00000000000003 -19.99999999999999 30
    vertex -87.0954654841251 -17.14004552654708 30
  endloop
endfacet
facet normal 0 0 1
  outer loop
    vertex -125 -19.99999999999999 30
    vertex -120 -19.99999999999999 30
    vertex -121.957210352735 -16.98584376215474 30
  endloop
endfacet
facet normal 0 0 1
  outer loop
    vertex -32.49999999999995 -9.981970918903334 30
    vertex -37.6383979325372 -10.58115422332973 30
    vertex -34.80517626992183 -13.05784553912047 30
  endloop
endfacet
facet normal 0 0 1
  outer loop
    vertex -67.5 -10.15365671298189 30
    vertex -72.5 -10.02895923512551 30
    vertex -69.94769649565913 -13.0651395165431 30
  endloop
endfacet
facet normal 0 0 1
  outer loop
    vertex -80.00000000000003 -19.99999999999999 30
    vertex -75.00000000000003 -19.99999999999999 30
    vertex -77.90435750370759 -17.14004552654718 30
  endloop
endfacet
facet normal 0 -0 1
  outer loop
    vertex 110 -19.99999999999999 30
    vertex 112.4288292485477 -17.16617514861112 30
    vertex 107.5661727744049 -17.15418164212056 30
  endloop
endfacet
facet normal 0 0 1
  outer loop
    vertex 137.5 -15.66987298107786 30
    vertex 142.5 -15.6698729810778 30
    vertex 139.5939740930074 -12.98888569417588 30
  endloop
endfacet
facet normal -0 0 1
  outer loop
    vertex 142.3474886479711 15.89594202118412 30
    vertex 145.4715137627961 12.040871904713 30
    vertex 146.3397459621557 16.33974596215576 30
  endloop
endfacet
facet normal 0 0 1
  outer loop
    vertex 145.8653305375559 -12.26606251750211 30
    vertex 142.5 -15.6698729810778 30
    vertex 146.3397459621556 -16.33974596215571 30
  endloop
endfacet
facet normal 0 -0 1
  outer loop
    vertex -145.8447746679573 12.54168647016786 30
    vertex -142.5346066236301 15.76709609464696 30
    vertex -146.3397459621556 16.33974596215559 30
  endloop
endfacet
facet normal 0 0 1
  outer loop
    vertex -146.1901590981898 -12.46273573605655 30
    vertex -150 -14.99999999999999 30
    vertex -146.3762068782974 -16.37620687829734 30
  endloop
endfacet
facet normal 0 0 1
  outer loop
    vertex 141.9564424223562 -9.997066018681993 30
    vertex 137.4669850839624 -10.09475083435862 30
    vertex 139.5939740930074 -12.98888569417588 30
  endloop
endfacet
facet normal -0 0 1
  outer loop
    vertex 117.418718902736 -15.71611697650459 30
    vertex 121.4462171347093 -16.44336156152031 30
    vertex 120.1940096889269 -13.06722848436182 30
  endloop
endfacet
facet normal 0 0 1
  outer loop
    vertex 109.9963860015827 -14.08040028432693 30
    vertex 106.0829722104087 -13.79351659838625 30
    vertex 107.5661727744049 -17.15418164212056 30
  endloop
endfacet
facet normal 0 0 1
  outer loop
    vertex 98.55378286529077 -16.44336156152044 30
    vertex 102.5812810972639 -15.71611697650462 30
    vertex 99.80596343240343 -13.06702674506835 30
  endloop
endfacet
facet normal 0 0 1
  outer loop
    vertex 128.56851002634 -16.43303612911886 30
    vertex 132.6301039430205 -16.13312256329918 30
    vertex 130 -12.94943676739003 30
  endloop
endfacet
facet normal -0 0 1
  outer loop
    vertex 87.41871890273603 -15.71611697650463 30
    vertex 91.44621713470919 -16.44336156152037 30
    vertex 90.19382153823886 -13.06383456169946 30
  endloop
endfacet
facet normal -0 0 1
  outer loop
    vertex 72.41871890273603 -15.71611697650464 30
    vertex 76.43504849011461 -16.43221033835064 30
    vertex 75.27215420830098 -13.14388272994423 30
  endloop
endfacet
facet normal 0 0 1
  outer loop
    vertex 113.9131398437721 -13.79570047279523 30
    vertex 109.9963860015827 -14.08040028432693 30
    vertex 112.4288292485477 -17.16617514861112 30
  endloop
endfacet
facet normal -0 0 1
  outer loop
    vertex 57.36989605697948 -16.13312256329927 30
    vertex 61.42452908936509 -16.41638697165298 30
    vertex 59.94769649565919 -13.06513951654263 30
  endloop
endfacet
facet normal 0 0 1
  outer loop
    vertex 83.9155450298299 -13.78073749490955 30
    vertex 80.00000000000024 -14.64101615137791 30
    vertex 83.04775199036659 -16.98011076470326 30
  endloop
endfacet
facet normal -0 0 1
  outer loop
    vertex 27.3698960569795 -16.13312256329928 30
    vertex 31.42452908936505 -16.41638697165302 30
    vertex 29.9460649994654 -13.06474560540152 30
  endloop
endfacet
facet normal 0 0 1
  outer loop
    vertex 68.91586383937718 -13.79167531074835 30
    vertex 65.00000000000017 -14.64101615137809 30
    vertex 68.0477975345876 -16.98167330982314 30
  endloop
endfacet
facet normal 0 0 1
  outer loop
    vertex -121.0889548036987 -13.80042571449583 30
    vertex -125.0000000000002 -14.64101615137886 30
    vertex -121.957210352735 -16.98584376215474 30
  endloop
endfacet
facet normal 0 0 1
  outer loop
    vertex 38.91130103927765 -13.79797543360089 30
    vertex 35.00000000000011 -14.64101615137835 30
    vertex 38.04282619626164 -16.9854937220267 30
  endloop
endfacet
facet normal -0 0 1
  outer loop
    vertex -37.58128109726398 -15.71611697650475 30
    vertex -33.53814676285835 -16.47718728666025 30
    vertex -34.80517626992183 -13.05784553912047 30
  endloop
endfacet
facet normal -0 0 1
  outer loop
    vertex -52.63010394302052 -16.13312256329935 30
    vertex -48.57547091063506 -16.41638697165309 30
    vertex -50.05368722252499 -13.06425218355199 30
  endloop
endfacet
facet normal 0 0 1
  outer loop
    vertex -26.43148997365984 -16.42120884814374 30
    vertex -22.3698960569795 -16.13312256329935 30
    vertex -24.99999999999993 -12.94943676739063 30
  endloop
endfacet
facet normal -0 0 1
  outer loop
    vertex -97.63010394302052 -16.13312256329938 30
    vertex -93.57547091063505 -16.41638697165315 30
    vertex -95.05230350434088 -13.06513951654311 30
  endloop
endfacet
facet normal 0 0 1
  outer loop
    vertex -41.08393868468205 -13.78936545781843 30
    vertex -44.99999999999991 -14.64101615137887 30
    vertex -41.95217425456372 -16.98134333083342 30
  endloop
endfacet
facet normal 0 0 1
  outer loop
    vertex -75.00000000000003 -14.64101615137908 30
    vertex -78.96270353633412 -13.84590365879165 30
    vertex -77.90435750370759 -17.14004552654718 30
  endloop
endfacet
facet normal 0 0 1
  outer loop
    vertex -71.42452908936494 -16.41638697165314 30
    vertex -67.36989605697948 -16.13312256329939 30
    vertex -69.94769649565913 -13.0651395165431 30
  endloop
endfacet
facet normal -0 0 1
  outer loop
    vertex -132.6301039430207 -16.13312256329932 30
    vertex -128.5754709106352 -16.4163869716532 30
    vertex -130.0522760006701 -13.07194511876912 30
  endloop
endfacet
facet normal 0 0 1
  outer loop
    vertex -86.03556174442558 -13.84590365879161 30
    vertex -89.99999999999983 -14.6410161513791 30
    vertex -87.0954654841251 -17.14004552654708 30
  endloop
endfacet
facet normal 0 0 -1
  outer loop
    vertex 140.0000000000008 -5.980762113534453 0
    vertex 142.4876780724012 -1.798612013010016 0
    vertex 145.2694925959285 -6.769038956920935 0
  endloop
endfacet
facet normal 0 0 -1
  outer loop
    vertex -145.2944500734376 -6.804485315449486 0
    vertex -142.5819236000007 -1.86711022480818 0
    vertex -139.9999999999997 -5.980762113533999 0
  endloop
endfacet
facet normal 0 0 -1
  outer loop
    vertex -145.4715137627959 12.04087190471287 0
    vertex -140.0502873592671 11.50858227908105 0
    vertex -142.5543610262461 7.183409679577108 0
  endloop
endfacet
facet normal 0 0 -1
  outer loop
    vertex 145.4715137627961 12.04087190471271 0
    vertex 142.5198254977321 7.215281542953001 0
    vertex 140.0297745500913 11.48478137471521 0
  endloop
endfacet
facet normal 0 0 -1
  outer loop
    vertex 142.4876780724012 -1.798612013010016 0
    vertex 146.6185719504998 -2.499999999999996 0
    vertex 145.2694925959285 -6.769038956920935 0
  endloop
endfacet
facet normal 0 0 -1
  outer loop
    vertex -145.2944500734376 -6.804485315449486 0
    vertex -146.7290551234051 -2.499999999999999 0
    vertex -142.5819236000007 -1.86711022480818 0
  endloop
endfacet
facet normal 0 -0 -1
  outer loop
    vertex 145.4715137627961 12.04087190471271 0
    vertex 146.6916737676803 7.366615711616865 0
    vertex 142.5198254977321 7.215281542953001 0
  endloop
endfacet
facet normal 0 0 -1
  outer loop
    vertex -142.5543610262461 7.183409679577108 0
    vertex -146.7165225649012 7.355845618346405 0
    vertex -145.4715137627959 12.04087190471287 0
  endloop
endfacet
facet normal 0 0 -1
  outer loop
    vertex -145.5567380354641 2.554946507442047 0
    vertex -142.5543610262461 7.183409679577108 0
    vertex -140.126239369663 2.658734354832539 0
  endloop
endfacet
facet normal 0 0 -1
  outer loop
    vertex 145.4670295778733 2.576925110418611 0
    vertex 140.0790888593599 2.672011735987692 0
    vertex 142.5198254977321 7.215281542953001 0
  endloop
endfacet
facet normal 0 0 -1
  outer loop
    vertex 142.4876780724012 -1.798612013010016 0
    vertex 140.0790888593599 2.672011735987692 0
    vertex 145.4670295778733 2.576925110418611 0
  endloop
endfacet
facet normal 0 0 -1
  outer loop
    vertex -140.126239369663 2.658734354832539 0
    vertex -142.5819236000007 -1.86711022480818 0
    vertex -145.5567380354641 2.554946507442047 0
  endloop
endfacet
facet normal 0 -0 -1
  outer loop
    vertex -56.43713146850364 -10.33037621377847 0
    vertex -53.82162646082272 -13.76195685212586 0
    vertex -57.50000000000003 -15.6698729810778 0
  endloop
endfacet
facet normal 0 0 -1
  outer loop
    vertex -60.16950953069157 -11.30266890516185 0
    vertex -56.43713146850364 -10.33037621377847 0
    vertex -57.50000000000003 -15.6698729810778 0
  endloop
endfacet
facet normal 0 -0 -1
  outer loop
    vertex -21.44730200729071 -10.31823988828635 0
    vertex -18.8230793949351 -13.76022309134158 0
    vertex -22.50000000000003 -15.6698729810778 0
  endloop
endfacet
facet normal 0 0 -1
  outer loop
    vertex -25.16819247587475 -11.29547091205725 0
    vertex -21.44730200729071 -10.31823988828635 0
    vertex -22.50000000000003 -15.6698729810778 0
  endloop
endfacet
facet normal 0 0 -1
  outer loop
    vertex -145.4715137627959 12.04087190471287 0
    vertex -142.3228542329261 15.87454631487725 0
    vertex -140.0502873592671 11.50858227908105 0
  endloop
endfacet
facet normal 0 0 -1
  outer loop
    vertex 140.0297745500913 11.48478137471521 0
    vertex 142.3466323712927 15.89360795345209 0
    vertex 145.4715137627961 12.04087190471271 0
  endloop
endfacet
facet normal 0 0 -1
  outer loop
    vertex -139.9999999999997 -5.980762113533999 0
    vertex -141.5666783196835 -9.663330484711029 0
    vertex -145.2944500734376 -6.804485315449486 0
  endloop
endfacet
facet normal -0 0 -1
  outer loop
    vertex 145.2694925959285 -6.769038956920935 0
    vertex 141.9564424223562 -9.997066018683366 0
    vertex 140.0000000000008 -5.980762113534453 0
  endloop
endfacet
facet normal -0 0 -1
  outer loop
    vertex -137.5 -1.650635094611656 0
    vertex -142.5819236000007 -1.86711022480818 0
    vertex -140.126239369663 2.658734354832539 0
  endloop
endfacet
facet normal 0 0 -1
  outer loop
    vertex -139.9999999999997 -5.980762113533999 0
    vertex -142.5819236000007 -1.86711022480818 0
    vertex -137.5 -1.650635094611656 0
  endloop
endfacet
facet normal 0 0 -1
  outer loop
    vertex 142.5 -15.6698729810778 0
    vertex 141.9564424223562 -9.997066018683366 0
    vertex 145.8633686777115 -12.26551972642108 0
  endloop
endfacet
facet normal 0 0 -1
  outer loop
    vertex 142.5 -15.6698729810778 0
    vertex 139.4555660669371 -12.98106573914665 0
    vertex 141.9564424223562 -9.997066018683366 0
  endloop
endfacet
facet normal 0 0 -1
  outer loop
    vertex -145.5567380354641 2.554946507442047 0
    vertex -146.7165225649012 7.355845618346405 0
    vertex -142.5543610262461 7.183409679577108 0
  endloop
endfacet
facet normal 0 0 -1
  outer loop
    vertex 142.5198254977321 7.215281542953001 0
    vertex 146.6916737676803 7.366615711616865 0
    vertex 145.4670295778733 2.576925110418611 0
  endloop
endfacet
facet normal 0 0 -1
  outer loop
    vertex 112.5000058209744 7.009620825360692 0
    vertex 110.000001159824 11.33974633716774 0
    vertex 115.0000009754025 11.33974627753768 0
  endloop
endfacet
facet normal 0 0 -1
  outer loop
    vertex 127.5000000000001 15.66987298107739 0
    vertex 132.4918648208328 15.67456982932056 0
    vertex 129.9988648598821 11.34040133670347 0
  endloop
endfacet
facet normal -0 0 -1
  outer loop
    vertex 99.99999999999997 20 0
    vertex 97.50020164293829 15.66991553178785 0
    vertex 94.99999999999997 20 0
  endloop
endfacet
facet normal 0 0 -1
  outer loop
    vertex 129.9988648598821 11.34040133670347 0
    vertex 132.4918648208328 15.67456982932056 0
    vertex 134.9931891531784 11.34367820747109 0
  endloop
endfacet
facet normal 0 0 -1
  outer loop
    vertex 120.0000000314406 11.33974597232111 0
    vertex 124.999810846661 11.33985520310638 0
    vertex 122.500000188643 7.009619004227268 0
  endloop
endfacet
facet normal 0 -0 -1
  outer loop
    vertex 94.99999999999997 20 0
    vertex 97.50020164293829 15.66991553178785 0
    vertex 92.50000000000023 15.66987298107697 0
  endloop
endfacet
facet normal 0 0 -1
  outer loop
    vertex 112.5000058209744 7.009620825360692 0
    vertex 107.5000069844409 7.009621201550502 0
    vertex 110.000001159824 11.33974633716774 0
  endloop
endfacet
facet normal -0 0 -1
  outer loop
    vertex 89.99999999999997 20 0
    vertex 87.50019166412508 15.66991230528222 0
    vertex 84.99999999999997 20 0
  endloop
endfacet
facet normal 0 0 -1
  outer loop
    vertex 115.0000000000005 2.679491924309268 0
    vertex 117.5000013580529 7.009619382339169 0
    vertex 120.0000011318566 2.679492290278994 0
  endloop
endfacet
facet normal 0 0 -1
  outer loop
    vertex 134.9931891531784 11.34367820747109 0
    vertex 132.4918648208328 15.67456982932056 0
    vertex 137.4591349119362 15.6934664506714 0
  endloop
endfacet
facet normal 0 -0 -1
  outer loop
    vertex 77.50000000000018 15.66987298107706 0
    vertex 80.00043023790712 11.34176187368037 0
    vertex 75.00000000000037 11.33974596215448 0
  endloop
endfacet
facet normal 0 0 -1
  outer loop
    vertex 92.50000000000023 15.66987298107697 0
    vertex 97.50020164293829 15.66991553178785 0
    vertex 95.00101136101961 11.3399564976522 0
  endloop
endfacet
facet normal 0 0 -1
  outer loop
    vertex 95.00101136101961 11.3399564976522 0
    vertex 90.00114998475 11.33998190738625 0
    vertex 92.50000000000023 15.66987298107697 0
  endloop
endfacet
facet normal 0 -0 -1
  outer loop
    vertex 137.4591349119362 15.6934664506714 0
    vertex 140.0297745500913 11.48478137471521 0
    vertex 134.9931891531784 11.34367820747109 0
  endloop
endfacet
facet normal 0 0 -1
  outer loop
    vertex 70.0000000000004 11.33974596215434 0
    vertex 72.50000000000018 15.66987298107714 0
    vertex 75.00000000000037 11.33974596215448 0
  endloop
endfacet
facet normal -0 0 -1
  outer loop
    vertex 69.99999999999997 20 0
    vertex 67.5000000000002 15.66987298107699 0
    vertex 64.99999999999997 20 0
  endloop
endfacet
facet normal 0 0 -1
  outer loop
    vertex 47.50000000000045 7.009618943232464 0
    vertex 50.00000000000028 11.33974596215548 0
    vertex 52.50000000000038 7.009618943232458 0
  endloop
endfacet
facet normal 0 0 -1
  outer loop
    vertex 87.50019166412508 15.66991230528222 0
    vertex 82.5001036503388 15.67021552036555 0
    vertex 84.99999999999997 20 0
  endloop
endfacet
facet normal -0 0 -1
  outer loop
    vertex 44.99999999999997 20 0
    vertex 42.50000000000024 15.66987298107686 0
    vertex 39.99999999999997 20 0
  endloop
endfacet
facet normal 0 0 -1
  outer loop
    vertex 75.00000000000037 11.33974596215448 0
    vertex 72.50000000000018 15.66987298107714 0
    vertex 77.50000000000018 15.66987298107706 0
  endloop
endfacet
facet normal 0 0 -1
  outer loop
    vertex 65.0000000000004 11.33974596215417 0
    vertex 60.00000000000023 11.33974596215462 0
    vertex 62.50000000000006 15.66987298107732 0
  endloop
endfacet
facet normal 0 0 -1
  outer loop
    vertex 105.0000000000005 2.679491924309263 0
    vertex 107.5000069844409 7.009621201550502 0
    vertex 110.0000349258461 2.679503217077754 0
  endloop
endfacet
facet normal 0 0 -1
  outer loop
    vertex 102.5002438019163 7.009694537689107 0
    vertex 105.0000000000003 11.33974596215602 0
    vertex 107.5000069844409 7.009621201550502 0
  endloop
endfacet
facet normal -0 0 -1
  outer loop
    vertex 84.99999999999997 20 0
    vertex 82.5001036503388 15.67021552036555 0
    vertex 79.99999999999997 20 0
  endloop
endfacet
facet normal -0 0 -1
  outer loop
    vertex 129.9988648598821 11.34040133670347 0
    vertex 124.999810846661 11.33985520310638 0
    vertex 127.5000000000001 15.66987298107739 0
  endloop
endfacet
facet normal 0 0 -1
  outer loop
    vertex 110.0000349258461 2.679503217077754 0
    vertex 107.5000069844409 7.009621201550502 0
    vertex 112.5000058209744 7.009620825360692 0
  endloop
endfacet
facet normal -0 0 -1
  outer loop
    vertex 39.99999999999997 20 0
    vertex 37.50000000000023 15.66987298107712 0
    vertex 34.99999999999997 20 0
  endloop
endfacet
facet normal 0 0 -1
  outer loop
    vertex 62.50000000000006 15.66987298107732 0
    vertex 67.5000000000002 15.66987298107699 0
    vertex 65.0000000000004 11.33974596215417 0
  endloop
endfacet
facet normal 0 -0 -1
  outer loop
    vertex 34.99999999999997 20 0
    vertex 37.50000000000023 15.66987298107712 0
    vertex 32.50000000000021 15.66987298107724 0
  endloop
endfacet
facet normal 0 -0 -1
  outer loop
    vertex 64.99999999999997 20 0
    vertex 67.5000000000002 15.66987298107699 0
    vertex 62.50000000000006 15.66987298107732 0
  endloop
endfacet
facet normal 0 0 -1
  outer loop
    vertex 32.50000000000021 15.66987298107724 0
    vertex 37.50000000000023 15.66987298107712 0
    vertex 35.00000000000043 11.33974596215467 0
  endloop
endfacet
facet normal 0 -0 -1
  outer loop
    vertex 124.999810846661 11.33985520310638 0
    vertex 127.4997793229968 7.009746391620721 0
    vertex 122.500000188643 7.009619004227268 0
  endloop
endfacet
facet normal 0 0 -1
  outer loop
    vertex 35.00000000000043 11.33974596215467 0
    vertex 30.00000000000031 11.33974596215487 0
    vertex 32.50000000000021 15.66987298107724 0
  endloop
endfacet
facet normal 0 0 -1
  outer loop
    vertex 129.9988648598821 11.34040133670347 0
    vertex 127.4997793229968 7.009746391620721 0
    vertex 124.999810846661 11.33985520310638 0
  endloop
endfacet
facet normal 0 0 -1
  outer loop
    vertex 92.50000000000023 15.66987298107697 0
    vertex 87.50019166412508 15.66991230528222 0
    vertex 89.99999999999997 20 0
  endloop
endfacet
facet normal 0 -0 -1
  outer loop
    vertex 39.99999999999997 20 0
    vertex 42.50000000000024 15.66987298107686 0
    vertex 37.50000000000023 15.66987298107712 0
  endloop
endfacet
facet normal 0 -0 -1
  outer loop
    vertex 115.0000009754025 11.33974627753768 0
    vertex 117.5000013580529 7.009619382339169 0
    vertex 112.5000058209744 7.009620825360692 0
  endloop
endfacet
facet normal 0 0 -1
  outer loop
    vertex 122.500000188643 7.009619004227268 0
    vertex 117.5000013580529 7.009619382339169 0
    vertex 120.0000000314406 11.33974597232111 0
  endloop
endfacet
facet normal 0 0 -1
  outer loop
    vertex 112.5000058209744 7.009620825360692 0
    vertex 117.5000013580529 7.009619382339169 0
    vertex 115.0000000000005 2.679491924309268 0
  endloop
endfacet
facet normal 0 -0 -1
  outer loop
    vertex 60.00000000000023 11.33974596215462 0
    vertex 62.50000000000049 7.009618943231898 0
    vertex 57.50000000000042 7.009618943232202 0
  endloop
endfacet
facet normal -0 0 -1
  outer loop
    vertex 60.00000000000023 11.33974596215462 0
    vertex 57.50000000000042 7.009618943232202 0
    vertex 55.00000000000021 11.33974596215501 0
  endloop
endfacet
facet normal 0 0 -1
  outer loop
    vertex 77.50000000000018 15.66987298107706 0
    vertex 82.5001036503388 15.67021552036555 0
    vertex 80.00043023790712 11.34176187368037 0
  endloop
endfacet
facet normal 0 -0 -1
  outer loop
    vertex 17.50000000000012 15.66987298107745 0
    vertex 20.00000000000031 11.3397459621549 0
    vertex 15.00000000000041 11.33974596215488 0
  endloop
endfacet
facet normal 0 0 -1
  outer loop
    vertex 52.50000000000038 7.009618943232458 0
    vertex 50.00000000000028 11.33974596215548 0
    vertex 55.00000000000021 11.33974596215501 0
  endloop
endfacet
facet normal 0 -0 -1
  outer loop
    vertex -10.00000000000003 20 0
    vertex -7.499999999999116 15.66987298107783 0
    vertex -12.49999999999975 15.66987298107743 0
  endloop
endfacet
facet normal 0 0 -1
  outer loop
    vertex 135.0000000000005 2.679491924309501 0
    vertex 140.0790888593599 2.672011735987692 0
    vertex 137.5000000071329 -1.65063509230625 0
  endloop
endfacet
facet normal 0 0 -1
  outer loop
    vertex 90.00114998475 11.33998190738625 0
    vertex 87.50019166412508 15.66991230528222 0
    vertex 92.50000000000023 15.66987298107697 0
  endloop
endfacet
facet normal 0 0 -1
  outer loop
    vertex 120.0000011318566 2.679492290278994 0
    vertex 117.5000013580529 7.009619382339169 0
    vertex 122.500000188643 7.009619004227268 0
  endloop
endfacet
facet normal 0 0 -1
  outer loop
    vertex -12.49999999999975 15.66987298107743 0
    vertex -7.499999999999116 15.66987298107783 0
    vertex -9.999999999998058 11.3397459621556 0
  endloop
endfacet
facet normal -0 0 -1
  outer loop
    vertex 65.0000000000004 11.33974596215417 0
    vertex 62.50000000000049 7.009618943231898 0
    vertex 60.00000000000023 11.33974596215462 0
  endloop
endfacet
facet normal 0 0 -1
  outer loop
    vertex -4.999999999997146 11.33974596215591 0
    vertex -2.499999999999691 15.66987298107801 0
    vertex 1.357946257330633e-12 11.33974596215535 0
  endloop
endfacet
facet normal 0 0 -1
  outer loop
    vertex 97.50020164293829 15.66991553178785 0
    vertex 102.5000173599349 15.6698767694073 0
    vertex 100.0001984966095 11.33979073091989 0
  endloop
endfacet
facet normal 0 -0 -1
  outer loop
    vertex 55.00000000000021 11.33974596215501 0
    vertex 57.50000000000042 7.009618943232202 0
    vertex 52.50000000000038 7.009618943232458 0
  endloop
endfacet
facet normal 0 0 -1
  outer loop
    vertex -132.5 15.66987298107773 0
    vertex -127.5000000000001 15.66987298107765 0
    vertex -130.0000000000002 11.33974596215499 0
  endloop
endfacet
facet normal 0 0 -1
  outer loop
    vertex 2.500000000000261 15.66987298107756 0
    vertex 7.500000000000133 15.66987298107753 0
    vertex 5.000000000000738 11.33974596215506 0
  endloop
endfacet
facet normal 0 0 -1
  outer loop
    vertex 100.0001984966095 11.33979073091989 0
    vertex 105.0000000000003 11.33974596215602 0
    vertex 102.5002438019163 7.009694537689107 0
  endloop
endfacet
facet normal 0 -0 -1
  outer loop
    vertex 2.500000000000261 15.66987298107756 0
    vertex 5.000000000000738 11.33974596215506 0
    vertex 1.357946257330633e-12 11.33974596215535 0
  endloop
endfacet
facet normal -0 0 -1
  outer loop
    vertex -15.00000000000003 20 0
    vertex -17.4999999999999 15.66987298107745 0
    vertex -20.00000000000003 20 0
  endloop
endfacet
facet normal -0 0 -1
  outer loop
    vertex -9.999999999998058 11.3397459621556 0
    vertex -14.99999999999943 11.33974596215518 0
    vertex -12.49999999999975 15.66987298107743 0
  endloop
endfacet
facet normal -0 0 -1
  outer loop
    vertex -110.0000000000001 11.33974596215552 0
    vertex -112.4999999999999 7.009618943233159 0
    vertex -115.0000000000002 11.33974596215567 0
  endloop
endfacet
facet normal 0 -0 -1
  outer loop
    vertex 102.5000173599349 15.6698767694073 0
    vertex 105.0000000000003 11.33974596215602 0
    vertex 100.0001984966095 11.33979073091989 0
  endloop
endfacet
facet normal -0 0 -1
  outer loop
    vertex 29.99999999999997 20 0
    vertex 27.50000000000013 15.66987298107736 0
    vertex 24.99999999999997 20 0
  endloop
endfacet
facet normal 0 -0 -1
  outer loop
    vertex -135.0064738987819 11.37593089178213 0
    vertex -132.5045856322875 7.015073165685231 0
    vertex -137.5210398949436 7.006159348320026 0
  endloop
endfacet
facet normal -0 0 -1
  outer loop
    vertex 24.99999999999997 20 0
    vertex 22.50000000000015 15.66987298107743 0
    vertex 19.99999999999997 20 0
  endloop
endfacet
facet normal 0 -0 -1
  outer loop
    vertex -42.49999999999991 15.66987298107778 0
    vertex -39.99999863146689 11.33974640465086 0
    vertex -44.9999990298373 11.33974627584358 0
  endloop
endfacet
facet normal 0 0 -1
  outer loop
    vertex 27.50000000000013 15.66987298107736 0
    vertex 22.50000000000015 15.66987298107743 0
    vertex 24.99999999999997 20 0
  endloop
endfacet
facet normal 0 -0 -1
  outer loop
    vertex 79.99999999999997 20 0
    vertex 82.5001036503388 15.67021552036555 0
    vertex 77.50000000000018 15.66987298107706 0
  endloop
endfacet
facet normal 0 0 -1
  outer loop
    vertex 127.2968103227859 -10.2085336705741 0
    vertex 129.9450908272674 -6.013497511848611 0
    vertex 132.3737341128547 -10.60965715493107 0
  endloop
endfacet
facet normal 0 -0 -1
  outer loop
    vertex 69.99999999999997 20 0
    vertex 72.50000000000018 15.66987298107714 0
    vertex 67.5000000000002 15.66987298107699 0
  endloop
endfacet
facet normal 0 0 -1
  outer loop
    vertex 17.50000000000012 15.66987298107745 0
    vertex 22.50000000000015 15.66987298107743 0
    vertex 20.00000000000031 11.3397459621549 0
  endloop
endfacet
facet normal 0 0 -1
  outer loop
    vertex 67.5000000000002 15.66987298107699 0
    vertex 72.50000000000018 15.66987298107714 0
    vertex 70.0000000000004 11.33974596215434 0
  endloop
endfacet
facet normal 0 0 -1
  outer loop
    vertex -130.0000000000002 11.33974596215499 0
    vertex -127.5000000000001 15.66987298107765 0
    vertex -125.0000000000001 11.33974596215534 0
  endloop
endfacet
facet normal -0 0 -1
  outer loop
    vertex 14.99999999999997 20 0
    vertex 12.50000000000013 15.66987298107735 0
    vertex 9.999999999999972 20 0
  endloop
endfacet
facet normal -0 0 -1
  outer loop
    vertex -5.000000000000028 20 0
    vertex -7.499999999999116 15.66987298107783 0
    vertex -10.00000000000003 20 0
  endloop
endfacet
facet normal 0 0 -1
  outer loop
    vertex 132.5000000061138 7.009618945208249 0
    vertex 127.4997793229968 7.009746391620721 0
    vertex 129.9988648598821 11.34040133670347 0
  endloop
endfacet
facet normal 0 0 -1
  outer loop
    vertex -107.4999999999998 7.009618943233257 0
    vertex -110.0000000000001 11.33974596215552 0
    vertex -105 11.33974596215555 0
  endloop
endfacet
facet normal 0 0 -1
  outer loop
    vertex -112.4999999999999 7.009618943233159 0
    vertex -117.5 7.009618943233229 0
    vertex -115.0000000000002 11.33974596215567 0
  endloop
endfacet
facet normal -0 0 -1
  outer loop
    vertex 35.00000000000043 11.33974596215467 0
    vertex 32.50000000000048 7.00961894323238 0
    vertex 30.00000000000031 11.33974596215487 0
  endloop
endfacet
facet normal 0 -0 -1
  outer loop
    vertex 122.5 15.66987298107778 0
    vertex 124.999810846661 11.33985520310638 0
    vertex 120.0000000314406 11.33974597232111 0
  endloop
endfacet
facet normal -0 0 -1
  outer loop
    vertex 127.5000000000001 15.66987298107739 0
    vertex 124.999810846661 11.33985520310638 0
    vertex 122.5 15.66987298107778 0
  endloop
endfacet
facet normal 0 0 -1
  outer loop
    vertex 45.00000000000055 11.33974596215442 0
    vertex 50.00000000000028 11.33974596215548 0
    vertex 47.50000000000045 7.009618943232464 0
  endloop
endfacet
facet normal 0 -0 -1
  outer loop
    vertex 30.00000000000031 11.33974596215487 0
    vertex 32.50000000000048 7.00961894323238 0
    vertex 27.50000000000044 7.009618943232498 0
  endloop
endfacet
facet normal 0 0 -1
  outer loop
    vertex 15.00000000000041 11.33974596215488 0
    vertex 12.50000000000013 15.66987298107735 0
    vertex 17.50000000000012 15.66987298107745 0
  endloop
endfacet
facet normal -0 0 -1
  outer loop
    vertex 59.99999999999997 20 0
    vertex 57.49999999999993 15.66987298107737 0
    vertex 54.99999999999997 20 0
  endloop
endfacet
facet normal 0 0 -1
  outer loop
    vertex -44.9999990298373 11.33974627584358 0
    vertex -39.99999863146689 11.33974640465086 0
    vertex -42.49999417902529 7.009620825361342 0
  endloop
endfacet
facet normal 0 0 -1
  outer loop
    vertex 5.000000000000738 11.33974596215506 0
    vertex 7.500000000000133 15.66987298107753 0
    vertex 10.0000000000006 11.33974596215483 0
  endloop
endfacet
facet normal 0 0 -1
  outer loop
    vertex 1.357946257330633e-12 11.33974596215535 0
    vertex -2.499999999999691 15.66987298107801 0
    vertex 2.500000000000261 15.66987298107756 0
  endloop
endfacet
facet normal 0 0 -1
  outer loop
    vertex 132.3737341128547 -10.60965715493107 0
    vertex 129.9450908272674 -6.013497511848611 0
    vertex 135.0000000083218 -5.980762110844349 0
  endloop
endfacet
facet normal -0 0 -1
  outer loop
    vertex -132.4999999999996 -1.650635094611567 0
    vertex -137.5 -1.650635094611656 0
    vertex -134.9999999999998 2.679491924310644 0
  endloop
endfacet
facet normal 0 -0 -1
  outer loop
    vertex 99.99999999999997 20 0
    vertex 102.5000173599349 15.6698767694073 0
    vertex 97.50020164293829 15.66991553178785 0
  endloop
endfacet
facet normal -0 0 -1
  outer loop
    vertex 47.49999999999997 15.66987298107781 0
    vertex 42.50000000000024 15.66987298107686 0
    vertex 44.99999999999997 20 0
  endloop
endfacet
facet normal 0 0 -1
  outer loop
    vertex -127.5013170548164 -10.15289631102806 0
    vertex -125.0052791069197 -5.904520500264415 0
    vertex -122.5303575867041 -10.01143227426846 0
  endloop
endfacet
facet normal -0 0 -1
  outer loop
    vertex -107.4999999999998 7.009618943233257 0
    vertex -112.4999999999999 7.009618943233159 0
    vertex -110.0000000000001 11.33974596215552 0
  endloop
endfacet
facet normal 0 0 -1
  outer loop
    vertex -12.49999999999975 15.66987298107743 0
    vertex -17.4999999999999 15.66987298107745 0
    vertex -15.00000000000003 20 0
  endloop
endfacet
facet normal 0 0 -1
  outer loop
    vertex 32.50000000000021 15.66987298107724 0
    vertex 27.50000000000013 15.66987298107736 0
    vertex 29.99999999999997 20 0
  endloop
endfacet
facet normal 0 0 -1
  outer loop
    vertex 105.0000000000005 2.679491924309263 0
    vertex 102.5002438019163 7.009694537689107 0
    vertex 107.5000069844409 7.009621201550502 0
  endloop
endfacet
facet normal 0 0 -1
  outer loop
    vertex -125.0000000000001 11.33974596215534 0
    vertex -127.5000000000001 15.66987298107765 0
    vertex -122.5 15.66987298107781 0
  endloop
endfacet
facet normal 0 -0 -1
  outer loop
    vertex 82.5001036503388 15.67021552036555 0
    vertex 85.00228355273322 11.34043879253616 0
    vertex 80.00043023790712 11.34176187368037 0
  endloop
endfacet
facet normal 0 0 -1
  outer loop
    vertex -29.99999992258674 11.33974598718583 0
    vertex -32.49999994879529 15.66987299763402 0
    vertex -27.50000000000003 15.66987298107781 0
  endloop
endfacet
facet normal 0 -0 -1
  outer loop
    vertex 9.999999999999972 20 0
    vertex 12.50000000000013 15.66987298107735 0
    vertex 7.500000000000133 15.66987298107753 0
  endloop
endfacet
facet normal 0 -0 -1
  outer loop
    vertex 120.0000038740375 -5.980760860921135 0
    vertex 122.5000006884673 -10.02895901252007 0
    vertex 117.5000000000005 -10.31088913245759 0
  endloop
endfacet
facet normal 0 0 -1
  outer loop
    vertex 60.00000000000023 11.33974596215462 0
    vertex 57.49999999999993 15.66987298107737 0
    vertex 62.50000000000006 15.66987298107732 0
  endloop
endfacet
facet normal 0 0 -1
  outer loop
    vertex -24.999999992552 11.33974596456346 0
    vertex -29.99999992258674 11.33974598718583 0
    vertex -27.50000000000003 15.66987298107781 0
  endloop
endfacet
facet normal 0 0 -1
  outer loop
    vertex 107.5000069844409 7.009621201550502 0
    vertex 105.0000000000003 11.33974596215602 0
    vertex 110.000001159824 11.33974633716774 0
  endloop
endfacet
facet normal -0 0 -1
  outer loop
    vertex -105 11.33974596215555 0
    vertex -110.0000000000001 11.33974596215552 0
    vertex -107.5000000000001 15.66987298107777 0
  endloop
endfacet
facet normal 0 0 -1
  outer loop
    vertex 62.50000000000006 15.66987298107732 0
    vertex 57.49999999999993 15.66987298107737 0
    vertex 59.99999999999997 20 0
  endloop
endfacet
facet normal 0 0 -1
  outer loop
    vertex -27.50000000000003 15.66987298107781 0
    vertex -22.49999999875861 15.66987298147896 0
    vertex -24.999999992552 11.33974596456346 0
  endloop
endfacet
facet normal 0 0 -1
  outer loop
    vertex -92.49999999999972 7.009618943233655 0
    vertex -94.99999999999983 11.33974596215575 0
    vertex -89.99999999999957 11.33974596215583 0
  endloop
endfacet
facet normal 0 0 -1
  outer loop
    vertex -17.4999999999999 15.66987298107745 0
    vertex -22.49999999875861 15.66987298147896 0
    vertex -20.00000000000003 20 0
  endloop
endfacet
facet normal 0 0 -1
  outer loop
    vertex 115.0000148758237 -5.980757303652382 0
    vertex 120.0000038740375 -5.980760860921135 0
    vertex 117.5000000000005 -10.31088913245759 0
  endloop
endfacet
facet normal 0 0 -1
  outer loop
    vertex -34.99999977018493 11.33974603646272 0
    vertex -32.49999994879529 15.66987299763402 0
    vertex -29.99999992258674 11.33974598718583 0
  endloop
endfacet
facet normal -0 0 -1
  outer loop
    vertex -89.99999999999957 11.33974596215583 0
    vertex -94.99999999999983 11.33974596215575 0
    vertex -92.49999999999991 15.66987298107789 0
  endloop
endfacet
facet normal 0 0 -1
  outer loop
    vertex 55.00000000000021 11.33974596215501 0
    vertex 52.50000000000006 15.66987298107766 0
    vertex 57.49999999999993 15.66987298107737 0
  endloop
endfacet
facet normal 0 -0 -1
  outer loop
    vertex 47.49999999999997 15.66987298107781 0
    vertex 50.00000000000028 11.33974596215548 0
    vertex 45.00000000000055 11.33974596215442 0
  endloop
endfacet
facet normal 0 0 -1
  outer loop
    vertex 7.500000000000133 15.66987298107753 0
    vertex 12.50000000000013 15.66987298107735 0
    vertex 10.0000000000006 11.33974596215483 0
  endloop
endfacet
facet normal 0 0 -1
  outer loop
    vertex -134.9999999999997 -5.980762113533804 0
    vertex -137.5 -1.650635094611656 0
    vertex -132.4999999999996 -1.650635094611567 0
  endloop
endfacet
facet normal -0 0 -1
  outer loop
    vertex 87.50019166412508 15.66991230528222 0
    vertex 85.00228355273322 11.34043879253616 0
    vertex 82.5001036503388 15.67021552036555 0
  endloop
endfacet
facet normal 0 0 -1
  outer loop
    vertex -129.9999999999996 -5.980762113533729 0
    vertex -125.0052791069197 -5.904520500264415 0
    vertex -127.5013170548164 -10.15289631102806 0
  endloop
endfacet
facet normal 0 0 -1
  outer loop
    vertex -34.99999977018493 11.33974603646272 0
    vertex -39.99999863146689 11.33974640465086 0
    vertex -37.50000000000003 15.66987298107781 0
  endloop
endfacet
facet normal 0 -0 -1
  outer loop
    vertex 19.99999999999997 20 0
    vertex 22.50000000000015 15.66987298107743 0
    vertex 17.50000000000012 15.66987298107745 0
  endloop
endfacet
facet normal 0 -0 -1
  outer loop
    vertex 4.999999999999972 20 0
    vertex 7.500000000000133 15.66987298107753 0
    vertex 2.500000000000261 15.66987298107756 0
  endloop
endfacet
facet normal 0 0 -1
  outer loop
    vertex 30.00000000000031 11.33974596215487 0
    vertex 27.50000000000013 15.66987298107736 0
    vertex 32.50000000000021 15.66987298107724 0
  endloop
endfacet
facet normal 0 0 -1
  outer loop
    vertex -137.5 -1.650635094611656 0
    vertex -140.126239369663 2.658734354832539 0
    vertex -134.9999999999998 2.679491924310644 0
  endloop
endfacet
facet normal -0 0 -1
  outer loop
    vertex 9.999999999999972 20 0
    vertex 7.500000000000133 15.66987298107753 0
    vertex 4.999999999999972 20 0
  endloop
endfacet
facet normal 0 0 -1
  outer loop
    vertex -150 -9.999999999999993 0
    vertex -145.1155866855038 -12.42426645440855 0
    vertex -150 -14.99999999999999 0
  endloop
endfacet
facet normal 0 -0 -1
  outer loop
    vertex -104.9999999999994 -5.980762113533125 0
    vertex -102.4999999999992 -10.31088913245529 0
    vertex -107.4999999999995 -10.31088913245537 0
  endloop
endfacet
facet normal 0 0 -1
  outer loop
    vertex -37.50000000000003 15.66987298107781 0
    vertex -39.99999863146689 11.33974640465086 0
    vertex -42.49999999999991 15.66987298107778 0
  endloop
endfacet
facet normal 0 0 -1
  outer loop
    vertex -122.4999999999999 7.009618943233116 0
    vertex -120.0000000000002 11.33974596215554 0
    vertex -117.5 7.009618943233229 0
  endloop
endfacet
facet normal 0 0 -1
  outer loop
    vertex 10.0000000000006 11.33974596215483 0
    vertex 12.50000000000013 15.66987298107735 0
    vertex 15.00000000000041 11.33974596215488 0
  endloop
endfacet
facet normal 0 0 -1
  outer loop
    vertex -89.9999999999996 2.679491924311521 0
    vertex -92.49999999999972 7.009618943233655 0
    vertex -87.4999999999996 7.009618943233695 0
  endloop
endfacet
facet normal 0 0 -1
  outer loop
    vertex -37.50000000000003 15.66987298107781 0
    vertex -32.49999994879529 15.66987299763402 0
    vertex -34.99999977018493 11.33974603646272 0
  endloop
endfacet
facet normal 0 0 -1
  outer loop
    vertex 87.50961312718573 7.007487276882327 0
    vertex 85.00228355273322 11.34043879253616 0
    vertex 90.00114998475 11.33998190738625 0
  endloop
endfacet
facet normal 0 0 -1
  outer loop
    vertex 89.99999999999997 -19.99999999999999 0
    vertex 92.53594602171853 -15.99316057344991 0
    vertex 94.99999999999997 -19.99999999999999 0
  endloop
endfacet
facet normal -0 0 -1
  outer loop
    vertex 135.0000000083218 -5.980762110844349 0
    vertex 129.9450908272674 -6.013497511848611 0
    vertex 132.5000000427944 -1.650635080775924 0
  endloop
endfacet
facet normal 0 0 -1
  outer loop
    vertex -122.4999999999999 7.009618943233116 0
    vertex -117.5 7.009618943233229 0
    vertex -119.9999999999997 2.679491924310941 0
  endloop
endfacet
facet normal 0 0 -1
  outer loop
    vertex 27.50000000000044 7.009618943232498 0
    vertex 25.00000000000033 11.3397459621549 0
    vertex 30.00000000000031 11.33974596215487 0
  endloop
endfacet
facet normal 0 0 -1
  outer loop
    vertex -102.5 15.66987298107777 0
    vertex -107.5000000000001 15.66987298107777 0
    vertex -105 20 0
  endloop
endfacet
facet normal 0 0 -1
  outer loop
    vertex 115.0000009754025 11.33974627753768 0
    vertex 110.000001159824 11.33974633716774 0
    vertex 112.500000162567 15.66987303364147 0
  endloop
endfacet
facet normal 0 0 -1
  outer loop
    vertex 45.00000000000055 11.33974596215442 0
    vertex 42.50000000000024 15.66987298107686 0
    vertex 47.49999999999997 15.66987298107781 0
  endloop
endfacet
facet normal 0 -0 -1
  outer loop
    vertex -22.49999999875861 15.66987298147896 0
    vertex -19.99999999732421 11.33974596302032 0
    vertex -24.999999992552 11.33974596456346 0
  endloop
endfacet
facet normal -0 0 -1
  outer loop
    vertex 132.5000000427944 -1.650635080775924 0
    vertex 129.9450908272674 -6.013497511848611 0
    vertex 127.5000002200836 -1.650635023452034 0
  endloop
endfacet
facet normal 0 -0 -1
  outer loop
    vertex 137.5000000010195 7.009618943561312 0
    vertex 140.0790888593599 2.672011735987692 0
    vertex 135.0000000000005 2.679491924309501 0
  endloop
endfacet
facet normal 0 0 -1
  outer loop
    vertex 130.0000000366809 2.679491936169536 0
    vertex 127.4997793229968 7.009746391620721 0
    vertex 132.5000000061138 7.009618945208249 0
  endloop
endfacet
facet normal -0 0 -1
  outer loop
    vertex 92.50588854747937 7.010824079127021 0
    vertex 87.50961312718573 7.007487276882327 0
    vertex 90.00114998475 11.33998190738625 0
  endloop
endfacet
facet normal -0 0 -1
  outer loop
    vertex -17.4999999999999 15.66987298107745 0
    vertex -19.99999999732421 11.33974596302032 0
    vertex -22.49999999875861 15.66987298147896 0
  endloop
endfacet
facet normal -0 0 -1
  outer loop
    vertex 17.50000000000012 15.66987298107745 0
    vertex 12.50000000000013 15.66987298107735 0
    vertex 14.99999999999997 20 0
  endloop
endfacet
facet normal 0 0 -1
  outer loop
    vertex -69.99806181237531 11.33999301625259 0
    vertex -67.49984331967477 15.66986400085655 0
    vertex -64.99832676880041 11.3392919175464 0
  endloop
endfacet
facet normal 0 0 -1
  outer loop
    vertex 92.50588854747937 7.010824079127021 0
    vertex 95.00101136101961 11.3399564976522 0
    vertex 97.50017961863563 7.00967702032557 0
  endloop
endfacet
facet normal 0 0 -1
  outer loop
    vertex 22.5000000000005 7.009618943232501 0
    vertex 25.00000000000033 11.3397459621549 0
    vertex 27.50000000000044 7.009618943232498 0
  endloop
endfacet
facet normal 0 0 -1
  outer loop
    vertex -42.49999417902529 7.009620825361342 0
    vertex -47.49995715116108 7.009632797787089 0
    vertex -44.9999990298373 11.33974627584358 0
  endloop
endfacet
facet normal 0 0 -1
  outer loop
    vertex 95.00000000000048 2.679491924309413 0
    vertex 92.50588854747937 7.010824079127021 0
    vertex 97.50017961863563 7.00967702032557 0
  endloop
endfacet
facet normal -0 0 -1
  outer loop
    vertex 117.5000067911372 -1.650632898796839 0
    vertex 115.0000148758237 -5.980757303652382 0
    vertex 112.5000407468205 -1.650621919716601 0
  endloop
endfacet
facet normal -0 0 -1
  outer loop
    vertex -130.0000000000002 11.33974596215499 0
    vertex -132.5045856322875 7.015073165685231 0
    vertex -135.0064738987819 11.37593089178213 0
  endloop
endfacet
facet normal -0 0 -1
  outer loop
    vertex -105 20 0
    vertex -107.5000000000001 15.66987298107777 0
    vertex -110 20 0
  endloop
endfacet
facet normal 0 0 -1
  outer loop
    vertex 90.00114998475 11.33998190738625 0
    vertex 85.00228355273322 11.34043879253616 0
    vertex 87.50019166412508 15.66991230528222 0
  endloop
endfacet
facet normal 0 0 -1
  outer loop
    vertex -117.5 7.009618943233229 0
    vertex -120.0000000000002 11.33974596215554 0
    vertex -115.0000000000002 11.33974596215567 0
  endloop
endfacet
facet normal 0 0 -1
  outer loop
    vertex -65.00000000000014 -11.49697838163044 0
    vertex -60.16950953069157 -11.30266890516185 0
    vertex -62.50000000000004 -15.6960783843236 0
  endloop
endfacet
facet normal 0 0 -1
  outer loop
    vertex 57.49999999999993 15.66987298107737 0
    vertex 52.50000000000006 15.66987298107766 0
    vertex 54.99999999999997 20 0
  endloop
endfacet
facet normal 0 0 -1
  outer loop
    vertex -94.99999999999962 2.679491924311457 0
    vertex -92.49999999999972 7.009618943233655 0
    vertex -89.9999999999996 2.679491924311521 0
  endloop
endfacet
facet normal 0 0 -1
  outer loop
    vertex -64.99832676880041 11.3392919175464 0
    vertex -67.49984331967477 15.66986400085655 0
    vertex -62.49999999999977 15.66987298107789 0
  endloop
endfacet
facet normal 0 -0 -1
  outer loop
    vertex 102.5012573304463 -1.650228554954842 0
    vertex 105.0004659782317 -5.980611446197512 0
    vertex 100.0012872668854 -5.980345894361343 0
  endloop
endfacet
facet normal 0 0 -1
  outer loop
    vertex -9.999999999998058 11.3397459621556 0
    vertex -12.49999999980006 7.009618943297412 0
    vertex -14.99999999999943 11.33974596215518 0
  endloop
endfacet
facet normal 0 0 -1
  outer loop
    vertex -14.99999999999943 11.33974596215518 0
    vertex -17.4999999999999 15.66987298107745 0
    vertex -12.49999999999975 15.66987298107743 0
  endloop
endfacet
facet normal 0 0 -1
  outer loop
    vertex 87.50505959778407 -15.71978245744227 0
    vertex 92.53594602171853 -15.99316057344991 0
    vertex 89.99999999999997 -19.99999999999999 0
  endloop
endfacet
facet normal 0 -0 -1
  outer loop
    vertex 125.0000002567642 -5.980762030514193 0
    vertex 127.2968103227859 -10.2085336705741 0
    vertex 122.5000006884673 -10.02895901252007 0
  endloop
endfacet
facet normal 0 0 -1
  outer loop
    vertex -124.9999999999997 2.679491924310796 0
    vertex -122.4999999999999 7.009618943233116 0
    vertex -119.9999999999997 2.679491924310941 0
  endloop
endfacet
facet normal 0 0 -1
  outer loop
    vertex -140.126239369663 2.658734354832539 0
    vertex -137.5210398949436 7.006159348320026 0
    vertex -134.9999999999998 2.679491924310644 0
  endloop
endfacet
facet normal 0 -0 -1
  outer loop
    vertex -122.5 15.66987298107781 0
    vertex -120.0000000000002 11.33974596215554 0
    vertex -125.0000000000001 11.33974596215534 0
  endloop
endfacet
facet normal 0 -0 -1
  outer loop
    vertex -65.00000000000014 -11.49697838163044 0
    vertex -62.50000000000004 -15.6960783843236 0
    vertex -67.50000000000007 -15.66987298107776 0
  endloop
endfacet
facet normal 0 -0 -1
  outer loop
    vertex 112.5000407468205 -1.650621919716601 0
    vertex 115.0000148758237 -5.980757303652382 0
    vertex 110.0000417169829 -5.980748624950872 0
  endloop
endfacet
facet normal -0 0 -1
  outer loop
    vertex 125.0000002567642 -5.980762030514193 0
    vertex 122.5000006884673 -10.02895901252007 0
    vertex 120.0000038740375 -5.980760860921135 0
  endloop
endfacet
facet normal -0 0 -1
  outer loop
    vertex 140.0000000000008 -5.980762113534453 0
    vertex 137.4669850844686 -10.09475083419699 0
    vertex 135.0000000083218 -5.980762110844349 0
  endloop
endfacet
facet normal -0 0 -1
  outer loop
    vertex 115 20 0
    vertex 112.500000162567 15.66987303364147 0
    vertex 110 20 0
  endloop
endfacet
facet normal 0 0 -1
  outer loop
    vertex 84.99999999999997 -19.99999999999999 0
    vertex 87.50505959778407 -15.71978245744227 0
    vertex 89.99999999999997 -19.99999999999999 0
  endloop
endfacet
facet normal 0 -0 -1
  outer loop
    vertex 105.0004659782317 -5.980611446197512 0
    vertex 107.5000000000006 -10.31088913245739 0
    vertex 102.5000000000003 -10.31088913245735 0
  endloop
endfacet
facet normal 0 0 -1
  outer loop
    vertex -82.4999999999996 7.010924174239831 0
    vertex -84.99999999999969 11.34021729557469 0
    vertex -79.99999999999969 11.34126873166295 0
  endloop
endfacet
facet normal 0 0 -1
  outer loop
    vertex 80.00000000000045 2.72648024053145 0
    vertex 77.50036877534917 7.018059484000277 0
    vertex 82.50221265209267 7.013273871620264 0
  endloop
endfacet
facet normal 0 0 -1
  outer loop
    vertex -67.49192873686768 7.006637941964894 0
    vertex -62.49999999999943 7.009618943233635 0
    vertex -64.96484833376168 2.686664662589642 0
  endloop
endfacet
facet normal 0 0 -1
  outer loop
    vertex -7.499999999999116 15.66987298107783 0
    vertex -2.499999999999691 15.66987298107801 0
    vertex -4.999999999997146 11.33974596215591 0
  endloop
endfacet
facet normal -0 0 -1
  outer loop
    vertex -102.5 15.66987298107777 0
    vertex -105 11.33974596215555 0
    vertex -107.5000000000001 15.66987298107777 0
  endloop
endfacet
facet normal -0 0 -1
  outer loop
    vertex 107.5002095550747 -1.650567338003283 0
    vertex 105.0004659782317 -5.980611446197512 0
    vertex 102.5012573304463 -1.650228554954842 0
  endloop
endfacet
facet normal 0 0 -1
  outer loop
    vertex -52.49978462395096 7.009688581971202 0
    vertex -49.99995000968812 11.33976212580161 0
    vertex -47.49995715116108 7.009632797787089 0
  endloop
endfacet
facet normal 0 -0 -1
  outer loop
    vertex -60.00000000000003 20 0
    vertex -57.49998821945661 15.66987679014653 0
    vertex -62.49999999999977 15.66987298107789 0
  endloop
endfacet
facet normal 0 -0 -1
  outer loop
    vertex -90.00000000000003 20 0
    vertex -87.49999999999983 15.6698729810779 0
    vertex -92.49999999999991 15.66987298107789 0
  endloop
endfacet
facet normal 0 -0 -1
  outer loop
    vertex -79.90706861212828 -11.12653691828974 0
    vertex -77.46725274903569 -15.6626040569697 0
    vertex -82.50000000000006 -15.66987298107782 0
  endloop
endfacet
facet normal 0 -0 -1
  outer loop
    vertex 117.5000067911372 -1.650632898796839 0
    vertex 120.0000038740375 -5.980760860921135 0
    vertex 115.0000148758237 -5.980757303652382 0
  endloop
endfacet
facet normal 0 0 -1
  outer loop
    vertex -62.49999999999977 15.66987298107789 0
    vertex -57.49998821945661 15.66987679014653 0
    vertex -59.99997006356034 11.33975564167137 0
  endloop
endfacet
facet normal 0 0 -1
  outer loop
    vertex 92.50588854747937 7.010824079127021 0
    vertex 90.00114998475 11.33998190738625 0
    vertex 95.00101136101961 11.3399564976522 0
  endloop
endfacet
facet normal 0 0 -1
  outer loop
    vertex -139.9999999999997 -5.980762113533999 0
    vertex -137.5 -1.650635094611656 0
    vertex -134.9999999999997 -5.980762113533804 0
  endloop
endfacet
facet normal -0 0 -1
  outer loop
    vertex 105.0004659782317 -5.980611446197512 0
    vertex 102.5000000000003 -10.31088913245735 0
    vertex 100.0012872668854 -5.980345894361343 0
  endloop
endfacet
facet normal -0 0 -1
  outer loop
    vertex 27.50000000000013 15.66987298107736 0
    vertex 25.00000000000033 11.3397459621549 0
    vertex 22.50000000000015 15.66987298107743 0
  endloop
endfacet
facet normal 0 0 -1
  outer loop
    vertex 94.99999999999997 -19.99999999999999 0
    vertex 92.53594602171853 -15.99316057344991 0
    vertex 97.49999999999997 -15.6698729810778 0
  endloop
endfacet
facet normal 0 0 -1
  outer loop
    vertex 60.00000000000023 11.33974596215462 0
    vertex 55.00000000000021 11.33974596215501 0
    vertex 57.49999999999993 15.66987298107737 0
  endloop
endfacet
facet normal -0 0 -1
  outer loop
    vertex 137.5000000071329 -1.65063509230625 0
    vertex 135.0000000083218 -5.980762110844349 0
    vertex 132.5000000427944 -1.650635080775924 0
  endloop
endfacet
facet normal 0 -0 -1
  outer loop
    vertex 140.0297745500913 11.48478137471521 0
    vertex 142.5198254977321 7.215281542953001 0
    vertex 137.5000000010195 7.009618943561312 0
  endloop
endfacet
facet normal 0 0 -1
  outer loop
    vertex -119.9999999999994 -5.980762113533442 0
    vertex -125.0052791069197 -5.904520500264415 0
    vertex -122.4999999999995 -1.650635094611328 0
  endloop
endfacet
facet normal 0 -0 -1
  outer loop
    vertex 22.50000000000015 15.66987298107743 0
    vertex 25.00000000000033 11.3397459621549 0
    vertex 20.00000000000031 11.3397459621549 0
  endloop
endfacet
facet normal 0 0 -1
  outer loop
    vertex -87.50000000000006 -15.71686129729969 0
    vertex -85.00000000000011 -11.33974596215563 0
    vertex -82.50000000000006 -15.66987298107782 0
  endloop
endfacet
facet normal 0 0 -1
  outer loop
    vertex 70.00000000000047 2.679491924309708 0
    vertex 72.50000000000047 7.009618943231882 0
    vertex 75.0000000000005 2.679491924309628 0
  endloop
endfacet
facet normal 0 0 -1
  outer loop
    vertex 130.0000000366809 2.679491936169536 0
    vertex 132.5000000061138 7.009618945208249 0
    vertex 135.0000000000005 2.679491924309501 0
  endloop
endfacet
facet normal 0 0 -1
  outer loop
    vertex -127.4999999999996 -1.650635094611474 0
    vertex -129.9999999999996 -5.980762113533729 0
    vertex -132.4999999999996 -1.650635094611567 0
  endloop
endfacet
facet normal 0 -0 -1
  outer loop
    vertex 110 20 0
    vertex 112.500000162567 15.66987303364147 0
    vertex 107.5 15.66987298107781 0
  endloop
endfacet
facet normal 0 0 -1
  outer loop
    vertex -105 -19.99999999999999 0
    vertex -107.5048381605515 -15.81599078560451 0
    vertex -102.5 -15.6698729810778 0
  endloop
endfacet
facet normal 0 0 -1
  outer loop
    vertex -129.9999999999997 2.679491924310677 0
    vertex -132.5045856322875 7.015073165685231 0
    vertex -127.5 7.009618943232916 0
  endloop
endfacet
facet normal 0 0 -1
  outer loop
    vertex 77.50036877534917 7.018059484000277 0
    vertex 80.00043023790712 11.34176187368037 0
    vertex 82.50221265209267 7.013273871620264 0
  endloop
endfacet
facet normal 0 0 -1
  outer loop
    vertex 75.00000000000037 11.33974596215448 0
    vertex 80.00043023790712 11.34176187368037 0
    vertex 77.50036877534917 7.018059484000277 0
  endloop
endfacet
facet normal 0 0 -1
  outer loop
    vertex 117.5 15.66987298107779 0
    vertex 112.500000162567 15.66987303364147 0
    vertex 115 20 0
  endloop
endfacet
facet normal 0 0 -1
  outer loop
    vertex -112.4999999999995 -1.650635094611055 0
    vertex -114.9999999999998 2.679491924310968 0
    vertex -109.9999999999997 2.679491924311086 0
  endloop
endfacet
facet normal 0 -0 -1
  outer loop
    vertex -44.99991621569846 -5.980735023088354 0
    vertex -42.49999364769142 -10.15365465905331 0
    vertex -47.49994528912951 -10.02894154515367 0
  endloop
endfacet
facet normal 0 0 -1
  outer loop
    vertex 102.5000000000003 -10.31088913245735 0
    vertex 97.63025718907852 -9.847590000333962 0
    vertex 100.0012872668854 -5.980345894361343 0
  endloop
endfacet
facet normal 0 0 -1
  outer loop
    vertex -110 -19.99999999999999 0
    vertex -107.5048381605515 -15.81599078560451 0
    vertex -105 -19.99999999999999 0
  endloop
endfacet
facet normal 0 0 -1
  outer loop
    vertex -59.99997006356034 11.33975564167137 0
    vertex -57.49998821945661 15.66987679014653 0
    vertex -54.99996507415393 11.33975725492401 0
  endloop
endfacet
facet normal 0 -0 -1
  outer loop
    vertex -80.00000000000003 20 0
    vertex -77.49999999999983 15.67012677599572 0
    vertex -82.49999999999984 15.66987298107792 0
  endloop
endfacet
facet normal 0 0 -1
  outer loop
    vertex 82.49999999999996 -15.66987298107777 0
    vertex 87.50505959778407 -15.71978245744227 0
    vertex 84.99999999999997 -19.99999999999999 0
  endloop
endfacet
facet normal 0 0 -1
  outer loop
    vertex 137.5000000071329 -1.65063509230625 0
    vertex 140.0790888593599 2.672011735987692 0
    vertex 142.4876780724012 -1.798612013010016 0
  endloop
endfacet
facet normal 0 -0 -1
  outer loop
    vertex 127.5000002200836 -1.650635023452034 0
    vertex 129.9450908272674 -6.013497511848611 0
    vertex 125.0000002567642 -5.980762030514193 0
  endloop
endfacet
facet normal 0 0 -1
  outer loop
    vertex 65.0000000000004 11.33974596215417 0
    vertex 67.5000000000002 15.66987298107699 0
    vertex 70.0000000000004 11.33974596215434 0
  endloop
endfacet
facet normal -0 0 -1
  outer loop
    vertex 112.5000407468205 -1.650621919716601 0
    vertex 110.0000417169829 -5.980748624950872 0
    vertex 107.5002095550747 -1.650567338003283 0
  endloop
endfacet
facet normal 0 0 -1
  outer loop
    vertex 95.00101136101961 11.3399564976522 0
    vertex 97.50020164293829 15.66991553178785 0
    vertex 100.0001984966095 11.33979073091989 0
  endloop
endfacet
facet normal 0 0 -1
  outer loop
    vertex -44.99996507415381 2.679503217079418 0
    vertex -47.49995715116108 7.009632797787089 0
    vertex -42.49999417902529 7.009620825361342 0
  endloop
endfacet
facet normal 0 0 -1
  outer loop
    vertex -127.5 7.009618943232916 0
    vertex -122.4999999999999 7.009618943233116 0
    vertex -124.9999999999997 2.679491924310796 0
  endloop
endfacet
facet normal 0 0 -1
  outer loop
    vertex -67.50000000000007 -15.66987298107776 0
    vertex -62.50000000000004 -15.6960783843236 0
    vertex -65.00000000000003 -19.99999999999999 0
  endloop
endfacet
facet normal -0 0 -1
  outer loop
    vertex 137.4669850844686 -10.09475083419699 0
    vertex 132.3737341128547 -10.60965715493107 0
    vertex 135.0000000083218 -5.980762110844349 0
  endloop
endfacet
facet normal -0 0 -1
  outer loop
    vertex -92.49999999999991 15.66987298107789 0
    vertex -97.50000000000001 15.66987298107786 0
    vertex -95.00000000000003 20 0
  endloop
endfacet
facet normal 0 -0 -1
  outer loop
    vertex -77.49999999999983 15.67012677599572 0
    vertex -74.99908399162659 11.34213235055722 0
    vertex -79.99999999999969 11.34126873166295 0
  endloop
endfacet
facet normal 0 0 -1
  outer loop
    vertex -70.00000000000003 -19.99999999999999 0
    vertex -67.50000000000007 -15.66987298107776 0
    vertex -65.00000000000003 -19.99999999999999 0
  endloop
endfacet
facet normal 0 0 -1
  outer loop
    vertex -69.98672408744643 2.654433178420978 0
    vertex -72.49644213738537 7.014082269083552 0
    vertex -67.49192873686768 7.006637941964894 0
  endloop
endfacet
facet normal 0 0 -1
  outer loop
    vertex 75.0000000000005 2.679491924309628 0
    vertex 77.50036877534917 7.018059484000277 0
    vertex 80.00000000000045 2.72648024053145 0
  endloop
endfacet
facet normal 0 0 -1
  outer loop
    vertex -12.49999999980006 7.009618943297412 0
    vertex -17.49999999874927 7.009618943637212 0
    vertex -14.99999999999943 11.33974596215518 0
  endloop
endfacet
facet normal 0 0 -1
  outer loop
    vertex 110 -19.99999999999999 0
    vertex 112.5 -15.66987298107775 0
    vertex 115 -19.99999999999999 0
  endloop
endfacet
facet normal 0 -0 -1
  outer loop
    vertex 92.53879762518574 -1.638090442306408 0
    vertex 95.26928448253602 -5.85317788604153 0
    vertex 90.34602542182937 -6.324578118376392 0
  endloop
endfacet
facet normal -0 0 -1
  outer loop
    vertex -112.5000000000002 15.66987298107782 0
    vertex -117.5000000000001 15.66987298107781 0
    vertex -115 20 0
  endloop
endfacet
facet normal 0 0 -1
  outer loop
    vertex 100.0010777118111 2.679840386873404 0
    vertex 102.5002438019163 7.009694537689107 0
    vertex 105.0000000000005 2.679491924309263 0
  endloop
endfacet
facet normal -0 0 -1
  outer loop
    vertex 120.0000000314406 11.33974597232111 0
    vertex 117.5000013580529 7.009619382339169 0
    vertex 115.0000009754025 11.33974627753768 0
  endloop
endfacet
facet normal 0 0 -1
  outer loop
    vertex -64.96484833376168 2.686664662589642 0
    vertex -62.49999999999943 7.009618943233635 0
    vertex -59.99999999999952 2.679491924311368 0
  endloop
endfacet
facet normal 0 0 -1
  outer loop
    vertex 95.00000000000048 2.679491924309413 0
    vertex 100.0010777118111 2.679840386873404 0
    vertex 97.50646627086465 -1.648544319228439 0
  endloop
endfacet
facet normal 0 0 -1
  outer loop
    vertex -92.49999999999972 7.009618943233655 0
    vertex -89.99999999999957 11.33974596215583 0
    vertex -87.4999999999996 7.009618943233695 0
  endloop
endfacet
facet normal 0 0 -1
  outer loop
    vertex -122.4999999999995 -1.650635094611328 0
    vertex -119.9999999999997 2.679491924310941 0
    vertex -117.4999999999995 -1.650635094611197 0
  endloop
endfacet
facet normal -0 0 -1
  outer loop
    vertex 122.5 15.66987298107778 0
    vertex 120.0000000314406 11.33974597232111 0
    vertex 117.5 15.66987298107779 0
  endloop
endfacet
facet normal 0 0 -1
  outer loop
    vertex -130.0000000000002 11.33974596215499 0
    vertex -135.0064738987819 11.37593089178213 0
    vertex -132.5 15.66987298107773 0
  endloop
endfacet
facet normal 0 0 -1
  outer loop
    vertex -74.99999999999955 2.726480240533355 0
    vertex -72.49644213738537 7.014082269083552 0
    vertex -69.98672408744643 2.654433178420978 0
  endloop
endfacet
facet normal 0 0 -1
  outer loop
    vertex -39.99999207700684 -5.980759551747917 0
    vertex -44.99991621569846 -5.980735023088354 0
    vertex -42.49995925317958 -1.650621919714762 0
  endloop
endfacet
facet normal 0 0 -1
  outer loop
    vertex 105.0000000000005 2.679491924309263 0
    vertex 110.0000349258461 2.679503217077754 0
    vertex 107.5002095550747 -1.650567338003283 0
  endloop
endfacet
facet normal 0 -0 -1
  outer loop
    vertex 45.00000000000055 11.33974596215442 0
    vertex 47.50000000000045 7.009618943232464 0
    vertex 42.50000000000053 7.009618943232226 0
  endloop
endfacet
facet normal 0 0 -1
  outer loop
    vertex -97.49999999999977 7.009618943233592 0
    vertex -99.9999999999996 2.679491924311329 0
    vertex -102.4999999999997 7.009618943233408 0
  endloop
endfacet
facet normal 0 0 -1
  outer loop
    vertex 77.49999999999999 -15.66987298107781 0
    vertex 72.79153310485614 -15.65822876053597 0
    vertex 75.34407604451515 -10.99424602834113 0
  endloop
endfacet
facet normal 0 -0 -1
  outer loop
    vertex 130 20 0
    vertex 132.4918648208328 15.67456982932056 0
    vertex 127.5000000000001 15.66987298107739 0
  endloop
endfacet
facet normal 0 -0 -1
  outer loop
    vertex 120 20 0
    vertex 122.5 15.66987298107778 0
    vertex 117.5 15.66987298107779 0
  endloop
endfacet
facet normal 0 -0 -1
  outer loop
    vertex -102.5 15.66987298107777 0
    vertex -99.99999999999996 11.33974596215566 0
    vertex -105 11.33974596215555 0
  endloop
endfacet
facet normal 0 0 -1
  outer loop
    vertex 120.0000000314406 11.33974597232111 0
    vertex 115.0000009754025 11.33974627753768 0
    vertex 117.5 15.66987298107779 0
  endloop
endfacet
facet normal 0 0 -1
  outer loop
    vertex 115.0000009754025 11.33974627753768 0
    vertex 112.500000162567 15.66987303364147 0
    vertex 117.5 15.66987298107779 0
  endloop
endfacet
facet normal 0 -0 -1
  outer loop
    vertex -127.4999999999996 -1.650635094611474 0
    vertex -125.0052791069197 -5.904520500264415 0
    vertex -129.9999999999996 -5.980762113533729 0
  endloop
endfacet
facet normal 0 0 -1
  outer loop
    vertex 112.500000162567 15.66987303364147 0
    vertex 110.000001159824 11.33974633716774 0
    vertex 107.5 15.66987298107781 0
  endloop
endfacet
facet normal -0 0 -1
  outer loop
    vertex -79.99999999999969 11.34126873166295 0
    vertex -84.99999999999969 11.34021729557469 0
    vertex -82.49999999999984 15.66987298107792 0
  endloop
endfacet
facet normal 0 0 -1
  outer loop
    vertex -94.99999999999962 2.679491924311457 0
    vertex -89.9999999999996 2.679491924311521 0
    vertex -92.49999999999953 -1.650635094610701 0
  endloop
endfacet
facet normal 0 0 -1
  outer loop
    vertex -77.49999999999955 7.017450329270627 0
    vertex -72.49644213738537 7.014082269083552 0
    vertex -74.99999999999955 2.726480240533355 0
  endloop
endfacet
facet normal 0 0 -1
  outer loop
    vertex 120.0000011318566 2.679492290278994 0
    vertex 122.500000188643 7.009619004227268 0
    vertex 125.0000000000004 2.679491924309434 0
  endloop
endfacet
facet normal 0 0 -1
  outer loop
    vertex -104.9999999999994 -5.980762113533125 0
    vertex -107.4999999999995 -10.31088913245537 0
    vertex -109.9999999999994 -5.980762113533179 0
  endloop
endfacet
facet normal 0 -0 -1
  outer loop
    vertex -129.9999999999996 -5.980762113533729 0
    vertex -127.5013170548164 -10.15289631102806 0
    vertex -132.4999999999996 -10.31088913245591 0
  endloop
endfacet
facet normal 0 0 -1
  outer loop
    vertex -140.0502873592671 11.50858227908105 0
    vertex -135.0064738987819 11.37593089178213 0
    vertex -137.5210398949436 7.006159348320026 0
  endloop
endfacet
facet normal 0 0 -1
  outer loop
    vertex 50.00505959778451 -5.930852637169902 0
    vertex 55.05486950816158 -5.990982824208989 0
    vertex 52.64201193095476 -10.57427295422567 0
  endloop
endfacet
facet normal 0 0 -1
  outer loop
    vertex -99.99999999999996 11.33974596215566 0
    vertex -102.4999999999997 7.009618943233408 0
    vertex -105 11.33974596215555 0
  endloop
endfacet
facet normal 0 -0 -1
  outer loop
    vertex 120.0000011318566 2.679492290278994 0
    vertex 122.5000013204993 -1.650634667648502 0
    vertex 117.5000067911372 -1.650632898796839 0
  endloop
endfacet
facet normal -0 0 -1
  outer loop
    vertex -39.99999207700684 -5.980759551747917 0
    vertex -42.49999364769142 -10.15365465905331 0
    vertex -44.99991621569846 -5.980735023088354 0
  endloop
endfacet
facet normal 0 0 -1
  outer loop
    vertex -137.4647777752254 -10.09293843555164 0
    vertex -139.9999999999997 -5.980762113533999 0
    vertex -134.9999999999997 -5.980762113533804 0
  endloop
endfacet
facet normal 0 0 -1
  outer loop
    vertex 110.0000417169829 -5.980748624950872 0
    vertex 115.0000148758237 -5.980757303652382 0
    vertex 112.5000000000005 -10.31088913245741 0
  endloop
endfacet
facet normal 0 0 -1
  outer loop
    vertex -112.611517665446 -15.73655973907603 0
    vertex -107.5048381605515 -15.81599078560451 0
    vertex -110 -19.99999999999999 0
  endloop
endfacet
facet normal 0 0 -1
  outer loop
    vertex -14.99999999881081 2.679491924695113 0
    vertex -17.49999999874927 7.009618943637212 0
    vertex -12.49999999980006 7.009618943297412 0
  endloop
endfacet
facet normal 0 0 -1
  outer loop
    vertex -72.49644213738537 7.014082269083552 0
    vertex -69.99806181237531 11.33999301625259 0
    vertex -67.49192873686768 7.006637941964894 0
  endloop
endfacet
facet normal 0 0 -1
  outer loop
    vertex -17.49999999874927 7.009618943637212 0
    vertex -19.99999999732421 11.33974596302032 0
    vertex -14.99999999999943 11.33974596215518 0
  endloop
endfacet
facet normal 0 0 -1
  outer loop
    vertex 134.9931891531784 11.34367820747109 0
    vertex 140.0297745500913 11.48478137471521 0
    vertex 137.5000000010195 7.009618943561312 0
  endloop
endfacet
facet normal 0 0 -1
  outer loop
    vertex -90.07965547531816 -6.205060813474345 0
    vertex -95.21710542328466 -5.835775201350517 0
    vertex -92.49999999999953 -1.650635094610701 0
  endloop
endfacet
facet normal 0 -0 -1
  outer loop
    vertex 52.50000000000043 -1.650635094612308 0
    vertex 55.05486950816158 -5.990982824208989 0
    vertex 50.00505959778451 -5.930852637169902 0
  endloop
endfacet
facet normal 0 0 -1
  outer loop
    vertex 65.00000000000047 2.679491924309741 0
    vertex 70.00000000000047 2.679491924309708 0
    vertex 67.50000000000043 -1.650635094612465 0
  endloop
endfacet
facet normal 0 0 -1
  outer loop
    vertex 65.00000000000047 2.679491924309741 0
    vertex 67.5000000000005 7.009618943231925 0
    vertex 70.00000000000047 2.679491924309708 0
  endloop
endfacet
facet normal 0 0 -1
  outer loop
    vertex 90.03515166623829 2.686664662587691 0
    vertex 92.50588854747937 7.010824079127021 0
    vertex 95.00000000000048 2.679491924309413 0
  endloop
endfacet
facet normal -0 0 -1
  outer loop
    vertex -74.81785447977144 -11.49189604351324 0
    vertex -77.46725274903569 -15.6626040569697 0
    vertex -79.90706861212828 -11.12653691828974 0
  endloop
endfacet
facet normal 0 0 -1
  outer loop
    vertex -85.00000000000003 -19.99999999999999 0
    vertex -87.50000000000006 -15.71686129729969 0
    vertex -82.50000000000006 -15.66987298107782 0
  endloop
endfacet
facet normal 0 0 -1
  outer loop
    vertex -72.50000000000006 -15.66987298107781 0
    vertex -67.50000000000007 -15.66987298107776 0
    vertex -70.00000000000003 -19.99999999999999 0
  endloop
endfacet
facet normal -0 0 -1
  outer loop
    vertex -59.99997006356034 11.33975564167137 0
    vertex -64.99832676880041 11.3392919175464 0
    vertex -62.49999999999977 15.66987298107789 0
  endloop
endfacet
facet normal -0 0 -1
  outer loop
    vertex -99.99999999999939 -5.980762113533032 0
    vertex -104.9999999999994 -5.980762113533125 0
    vertex -102.4999999999995 -1.6506350946109 0
  endloop
endfacet
facet normal -0 0 -1
  outer loop
    vertex 72.50000000000041 -1.650635094612533 0
    vertex 70.04022872440618 -5.661072538205426 0
    vertex 67.50000000000043 -1.650635094612465 0
  endloop
endfacet
facet normal 0 0 -1
  outer loop
    vertex 75.04064054863228 -5.944452673454141 0
    vertex 70.04022872440618 -5.661072538205426 0
    vertex 72.50000000000041 -1.650635094612533 0
  endloop
endfacet
facet normal 0 0 -1
  outer loop
    vertex -122.5303575867041 -10.01143227426846 0
    vertex -125.0052791069197 -5.904520500264415 0
    vertex -119.9999999999994 -5.980762113533442 0
  endloop
endfacet
facet normal -0 0 -1
  outer loop
    vertex -129.9999999999996 -5.980762113533729 0
    vertex -134.9999999999997 -5.980762113533804 0
    vertex -132.4999999999996 -1.650635094611567 0
  endloop
endfacet
facet normal 0 0 -1
  outer loop
    vertex 70.0000000000004 11.33974596215434 0
    vertex 75.00000000000037 11.33974596215448 0
    vertex 72.50000000000047 7.009618943231882 0
  endloop
endfacet
facet normal -0 0 -1
  outer loop
    vertex -42.49995925317958 -1.650621919714762 0
    vertex -44.99991621569846 -5.980735023088354 0
    vertex -47.49979044492528 -1.650567338001336 0
  endloop
endfacet
facet normal 0 -0 -1
  outer loop
    vertex 110.0000349258461 2.679503217077754 0
    vertex 112.5000407468205 -1.650621919716601 0
    vertex 107.5002095550747 -1.650567338003283 0
  endloop
endfacet
facet normal 0 0 -1
  outer loop
    vertex -129.9999999999996 -5.980762113533729 0
    vertex -132.4999999999996 -10.31088913245591 0
    vertex -134.9999999999997 -5.980762113533804 0
  endloop
endfacet
facet normal 0 0 -1
  outer loop
    vertex -132.4999999999996 -10.31088913245591 0
    vertex -137.4647777752254 -10.09293843555164 0
    vertex -134.9999999999997 -5.980762113533804 0
  endloop
endfacet
facet normal -0 0 -1
  outer loop
    vertex 125 20 0
    vertex 122.5 15.66987298107778 0
    vertex 120 20 0
  endloop
endfacet
facet normal 0 0 -1
  outer loop
    vertex 42.50000000000053 7.009618943232226 0
    vertex 47.50000000000045 7.009618943232464 0
    vertex 45.00000000000048 2.679491924309991 0
  endloop
endfacet
facet normal 0 0 -1
  outer loop
    vertex 90.03515166623829 2.686664662587691 0
    vertex 95.00000000000048 2.679491924309413 0
    vertex 92.53879762518574 -1.638090442306408 0
  endloop
endfacet
facet normal 0 0 -1
  outer loop
    vertex -127.4999999999996 -1.650635094611474 0
    vertex -129.9999999999997 2.679491924310677 0
    vertex -124.9999999999997 2.679491924310796 0
  endloop
endfacet
facet normal 0 0 -1
  outer loop
    vertex -94.99999999999962 2.679491924311457 0
    vertex -97.49999999999952 -1.650635094610774 0
    vertex -99.9999999999996 2.679491924311329 0
  endloop
endfacet
facet normal 0 -0 -1
  outer loop
    vertex -94.99999999999962 2.679491924311457 0
    vertex -92.49999999999953 -1.650635094610701 0
    vertex -97.49999999999952 -1.650635094610774 0
  endloop
endfacet
facet normal 0 0 -1
  outer loop
    vertex -79.99999999999955 2.679491924311507 0
    vertex -82.4999999999996 7.010924174239831 0
    vertex -77.49999999999955 7.017450329270627 0
  endloop
endfacet
facet normal 0 0 -1
  outer loop
    vertex -39.99999207700684 -5.980759551747917 0
    vertex -34.98141080721 -5.685042793203554 0
    vertex -37.38848087789021 -10.22815777902983 0
  endloop
endfacet
facet normal 0 0 -1
  outer loop
    vertex -142.5543610262461 7.183409679577108 0
    vertex -140.0502873592671 11.50858227908105 0
    vertex -137.5210398949436 7.006159348320026 0
  endloop
endfacet
facet normal 0 -0 -1
  outer loop
    vertex 32.50000000000043 -1.650635094612035 0
    vertex 35.02358054943993 -6.032444139997843 0
    vertex 30.00000000000038 -5.980762113534198 0
  endloop
endfacet
facet normal 0 -0 -1
  outer loop
    vertex 85.01327591255355 2.654433178419056 0
    vertex 87.69763408487441 -1.582539919052818 0
    vertex 82.57965547531904 -1.847975886177183 0
  endloop
endfacet
facet normal 0 0 -1
  outer loop
    vertex 62.50000000000032 -10.02895923512542 0
    vertex 60.00000000000026 -14.64101615137896 0
    vertex 57.68214552022901 -10.15873905109911 0
  endloop
endfacet
facet normal 0 0 -1
  outer loop
    vertex -64.96484833376168 2.686664662589642 0
    vertex -59.99999999999952 2.679491924311368 0
    vertex -62.46120237481427 -1.638090442304461 0
  endloop
endfacet
facet normal 0 -0 -1
  outer loop
    vertex -37.4999932088629 -1.650632898795091 0
    vertex -34.98141080721 -5.685042793203554 0
    vertex -39.99999207700684 -5.980759551747917 0
  endloop
endfacet
facet normal 0 0 -1
  outer loop
    vertex 120.0000011318566 2.679492290278994 0
    vertex 125.0000000000004 2.679491924309434 0
    vertex 122.5000013204993 -1.650634667648502 0
  endloop
endfacet
facet normal 0 0 -1
  outer loop
    vertex 95.00101136101961 11.3399564976522 0
    vertex 100.0001984966095 11.33979073091989 0
    vertex 97.50017961863563 7.00967702032557 0
  endloop
endfacet
facet normal -0 0 -1
  outer loop
    vertex -127.4999999999996 -1.650635094611474 0
    vertex -132.4999999999996 -1.650635094611567 0
    vertex -129.9999999999997 2.679491924310677 0
  endloop
endfacet
facet normal 0 -0 -1
  outer loop
    vertex -110 20 0
    vertex -107.5000000000001 15.66987298107777 0
    vertex -112.5000000000002 15.66987298107782 0
  endloop
endfacet
facet normal 0 0 -1
  outer loop
    vertex 67.81224946324936 -15.31453700082683 0
    vertex 72.79153310485614 -15.65822876053597 0
    vertex 69.99999999999997 -19.99999999999999 0
  endloop
endfacet
facet normal 0 0 -1
  outer loop
    vertex 107.5 -15.6698729810778 0
    vertex 112.5 -15.66987298107775 0
    vertex 110 -19.99999999999999 0
  endloop
endfacet
facet normal 0 -0 -1
  outer loop
    vertex 85.0303575867047 -11.63920282034292 0
    vertex 87.50505959778407 -15.71978245744227 0
    vertex 82.49999999999996 -15.66987298107777 0
  endloop
endfacet
facet normal 0 0 -1
  outer loop
    vertex -87.4999999999996 7.009618943233695 0
    vertex -82.4999999999996 7.010924174239831 0
    vertex -84.99999999999955 2.679491924311517 0
  endloop
endfacet
facet normal 0 0 -1
  outer loop
    vertex -59.99999999999952 2.679491924311368 0
    vertex -57.49982038136432 7.009677020327532 0
    vertex -54.99892228818881 2.679840386875356 0
  endloop
endfacet
facet normal 0 0 -1
  outer loop
    vertex 40.00000000000048 2.679491924310059 0
    vertex 42.50000000000053 7.009618943232226 0
    vertex 45.00000000000048 2.679491924309991 0
  endloop
endfacet
facet normal 0 0 -1
  outer loop
    vertex 72.50000000000047 7.009618943231882 0
    vertex 77.50036877534917 7.018059484000277 0
    vertex 75.0000000000005 2.679491924309628 0
  endloop
endfacet
facet normal 0 0 -1
  outer loop
    vertex -37.49999880975396 7.009619328081936 0
    vertex -34.99999977018493 11.33974603646272 0
    vertex -32.49999981135677 7.009619004228064 0
  endloop
endfacet
facet normal 0 0 -1
  outer loop
    vertex 150 3.552713678800501e-15 0
    vertex 145.4670295778733 2.576925110418611 0
    vertex 150 5.000000000000004 0
  endloop
endfacet
facet normal 0 0 -1
  outer loop
    vertex -39.99999999999952 2.67949192431108 0
    vertex -37.49999880975396 7.009619328081936 0
    vertex -34.9999988681434 2.67949229028036 0
  endloop
endfacet
facet normal 0 0 -1
  outer loop
    vertex 30.00000000000048 2.679491924310187 0
    vertex 32.50000000000048 7.00961894323238 0
    vertex 35.00000000000048 2.679491924310122 0
  endloop
endfacet
facet normal -0 0 -1
  outer loop
    vertex 35.02358054943993 -6.032444139997843 0
    vertex 32.50000000000032 -10.31088913245641 0
    vertex 30.00000000000038 -5.980762113534198 0
  endloop
endfacet
facet normal 0 0 -1
  outer loop
    vertex -122.4999999999995 -1.650635094611328 0
    vertex -124.9999999999997 2.679491924310796 0
    vertex -119.9999999999997 2.679491924310941 0
  endloop
endfacet
facet normal 0 0 -1
  outer loop
    vertex -150 5 0
    vertex -145.5567380354641 2.554946507442047 0
    vertex -150 0 0
  endloop
endfacet
facet normal 0 0 -1
  outer loop
    vertex -150 -4.999999999999998 0
    vertex -145.2944500734376 -6.804485315449486 0
    vertex -150 -9.999999999999993 0
  endloop
endfacet
facet normal -0 0 -1
  outer loop
    vertex -102.4999999999997 7.009618943233408 0
    vertex -107.4999999999998 7.009618943233257 0
    vertex -105 11.33974596215555 0
  endloop
endfacet
facet normal 0 0 -1
  outer loop
    vertex -74.99999999999955 2.726480240533355 0
    vertex -69.98672408744643 2.654433178420978 0
    vertex -72.42034452468097 -1.847975886175478 0
  endloop
endfacet
facet normal 0 0 -1
  outer loop
    vertex -59.99999999999952 2.679491924311368 0
    vertex -54.99892228818881 2.679840386875356 0
    vertex -57.49353372913536 -1.648544319226467 0
  endloop
endfacet
facet normal 0 0 -1
  outer loop
    vertex -39.99999999999952 2.67949192431108 0
    vertex -34.9999988681434 2.67949229028036 0
    vertex -37.4999932088629 -1.650632898795091 0
  endloop
endfacet
facet normal 0 0 -1
  outer loop
    vertex 50.00000000000048 2.679491924309921 0
    vertex 55.00000000000048 2.679491924309859 0
    vertex 52.50000000000043 -1.650635094612308 0
  endloop
endfacet
facet normal 0 0 -1
  outer loop
    vertex 130.0000000366809 2.679491936169536 0
    vertex 135.0000000000005 2.679491924309501 0
    vertex 132.5000000427944 -1.650635080775924 0
  endloop
endfacet
facet normal 0 0 -1
  outer loop
    vertex -140.126239369663 2.658734354832539 0
    vertex -142.5543610262461 7.183409679577108 0
    vertex -137.5210398949436 7.006159348320026 0
  endloop
endfacet
facet normal 0 0 -1
  outer loop
    vertex 22.50000000000033 -10.31088913245631 0
    vertex 17.50000000000033 -10.02895923512492 0
    vertex 20.00000000000039 -5.980762113534074 0
  endloop
endfacet
facet normal 0 0 -1
  outer loop
    vertex 150 10 0
    vertex 145.4715137627961 12.04087190471271 0
    vertex 150 15 0
  endloop
endfacet
facet normal 0 0 -1
  outer loop
    vertex -150 15 0
    vertex -145.4715137627959 12.04087190471287 0
    vertex -150 10 0
  endloop
endfacet
facet normal 0 -0 -1
  outer loop
    vertex 67.50000000000043 -1.650635094612465 0
    vertex 70.04022872440618 -5.661072538205426 0
    vertex 65.00000000000037 -5.980762113534632 0
  endloop
endfacet
facet normal 0 -0 -1
  outer loop
    vertex 110.0000417169829 -5.980748624950872 0
    vertex 112.5000000000005 -10.31088913245741 0
    vertex 107.5000000000006 -10.31088913245739 0
  endloop
endfacet
facet normal 0 0 -1
  outer loop
    vertex 55.00000000000021 11.33974596215501 0
    vertex 50.00000000000028 11.33974596215548 0
    vertex 52.50000000000006 15.66987298107766 0
  endloop
endfacet
facet normal 0 0 -1
  outer loop
    vertex 150 -9.999999999999993 0
    vertex 145.2694925959285 -6.769038956920935 0
    vertex 150 -4.999999999999995 0
  endloop
endfacet
facet normal -0 0 -1
  outer loop
    vertex -95.00000000000003 20 0
    vertex -97.50000000000001 15.66987298107786 0
    vertex -100 20 0
  endloop
endfacet
facet normal 0 0 -1
  outer loop
    vertex 29.99999999999997 -19.99999999999999 0
    vertex 32.50483816055141 -15.81599078560463 0
    vertex 34.99999999999997 -19.99999999999999 0
  endloop
endfacet
facet normal 0 0 -1
  outer loop
    vertex -104.9999999999994 -5.980762113533125 0
    vertex -107.4999999999995 -1.650635094610979 0
    vertex -102.4999999999995 -1.6506350946109 0
  endloop
endfacet
facet normal 0 0 -1
  outer loop
    vertex -42.49999417902529 7.009620825361342 0
    vertex -37.49999880975396 7.009619328081936 0
    vertex -39.99999999999952 2.67949192431108 0
  endloop
endfacet
facet normal 0 0 -1
  outer loop
    vertex -34.9999988681434 2.67949229028036 0
    vertex -37.49999880975396 7.009619328081936 0
    vertex -32.49999981135677 7.009619004228064 0
  endloop
endfacet
facet normal 0 -0 -1
  outer loop
    vertex 17.50000000000047 -1.650635094611837 0
    vertex 20.00000000000039 -5.980762113534074 0
    vertex 15.00000000000042 -5.980762113533999 0
  endloop
endfacet
facet normal 0 0 -1
  outer loop
    vertex 25.00000000000038 -5.980762113534143 0
    vertex 20.00000000000039 -5.980762113534074 0
    vertex 22.50000000000043 -1.650635094611914 0
  endloop
endfacet
facet normal 0 0 -1
  outer loop
    vertex 35.00000000000048 2.679491924310122 0
    vertex 32.50000000000048 7.00961894323238 0
    vertex 37.50000000000053 7.009618943232283 0
  endloop
endfacet
facet normal -0 0 -1
  outer loop
    vertex 42.50000000000043 -1.650635094612171 0
    vertex 40.00000000000038 -5.980762113534335 0
    vertex 37.50000000000043 -1.650635094612102 0
  endloop
endfacet
facet normal 0 0 -1
  outer loop
    vertex 45.00000000000048 2.679491924309991 0
    vertex 47.50000000000045 7.009618943232464 0
    vertex 50.00000000000048 2.679491924309921 0
  endloop
endfacet
facet normal 0 0 -1
  outer loop
    vertex 50.00000000000048 2.679491924309921 0
    vertex 52.50000000000038 7.009618943232458 0
    vertex 55.00000000000048 2.679491924309859 0
  endloop
endfacet
facet normal 0 0 -1
  outer loop
    vertex 70.00000000000047 2.679491924309708 0
    vertex 75.0000000000005 2.679491924309628 0
    vertex 72.50000000000041 -1.650635094612533 0
  endloop
endfacet
facet normal 0 0 -1
  outer loop
    vertex 85.01327591255355 2.654433178419056 0
    vertex 90.03515166623829 2.686664662587691 0
    vertex 87.69763408487441 -1.582539919052818 0
  endloop
endfacet
facet normal 0 0 -1
  outer loop
    vertex 110.0000417169829 -5.980748624950872 0
    vertex 105.0004659782317 -5.980611446197512 0
    vertex 107.5002095550747 -1.650567338003283 0
  endloop
endfacet
facet normal 0 0 -1
  outer loop
    vertex 67.5000000000005 7.009618943231925 0
    vertex 65.0000000000004 11.33974596215417 0
    vertex 70.0000000000004 11.33974596215434 0
  endloop
endfacet
facet normal 0 0 -1
  outer loop
    vertex 2.500000000002156 7.009618943233278 0
    vertex 5.000000000000738 11.33974596215506 0
    vertex 7.500000000000746 7.009618943232732 0
  endloop
endfacet
facet normal -0 0 -1
  outer loop
    vertex -104.9999999999994 -5.980762113533125 0
    vertex -109.9999999999994 -5.980762113533179 0
    vertex -107.4999999999995 -1.650635094610979 0
  endloop
endfacet
facet normal 0 0 -1
  outer loop
    vertex 22.50000000000033 -10.31088913245631 0
    vertex 20.00000000000039 -5.980762113534074 0
    vertex 25.00000000000038 -5.980762113534143 0
  endloop
endfacet
facet normal 0 0 -1
  outer loop
    vertex -44.99996507415381 2.679503217079418 0
    vertex -42.49999417902529 7.009620825361342 0
    vertex -39.99999999999952 2.67949192431108 0
  endloop
endfacet
facet normal -0 0 -1
  outer loop
    vertex 27.50000000000043 -1.650635094611975 0
    vertex 25.00000000000038 -5.980762113534143 0
    vertex 22.50000000000043 -1.650635094611914 0
  endloop
endfacet
facet normal -0 0 -1
  outer loop
    vertex 67.50000000000043 -1.650635094612465 0
    vertex 65.00000000000037 -5.980762113534632 0
    vertex 62.50000000000042 -1.650635094612416 0
  endloop
endfacet
facet normal -0 0 -1
  outer loop
    vertex 20.00000000000039 -5.980762113534074 0
    vertex 17.50000000000033 -10.02895923512492 0
    vertex 15.00000000000042 -5.980762113533999 0
  endloop
endfacet
facet normal 0 0 -1
  outer loop
    vertex -119.9999999999994 -5.980762113533442 0
    vertex -122.4999999999995 -1.650635094611328 0
    vertex -117.4999999999995 -1.650635094611197 0
  endloop
endfacet
facet normal 0 0 -1
  outer loop
    vertex 127.5000000000001 15.66987298107739 0
    vertex 122.5 15.66987298107778 0
    vertex 125 20 0
  endloop
endfacet
facet normal -0 0 -1
  outer loop
    vertex -122.5 15.66987298107781 0
    vertex -127.5000000000001 15.66987298107765 0
    vertex -125 20 0
  endloop
endfacet
facet normal 0 -0 -1
  outer loop
    vertex -130 20 0
    vertex -127.5000000000001 15.66987298107765 0
    vertex -132.5 15.66987298107773 0
  endloop
endfacet
facet normal 0 0 -1
  outer loop
    vertex -137.4875653606079 -15.82027255654254 0
    vertex -132.5051050475335 -15.83972058567436 0
    vertex -135 -19.99999999999999 0
  endloop
endfacet
facet normal 0 0 -1
  outer loop
    vertex -130 -19.99999999999999 0
    vertex -132.5051050475335 -15.83972058567436 0
    vertex -127.6301039430203 -16.13312256329919 0
  endloop
endfacet
facet normal 0 0 -1
  outer loop
    vertex -25.00000000000003 -19.99999999999999 0
    vertex -27.46964241329524 -15.68739994193375 0
    vertex -22.50000000000003 -15.6698729810778 0
  endloop
endfacet
facet normal 0 0 -1
  outer loop
    vertex 34.99999999999997 -19.99999999999999 0
    vertex 32.50483816055141 -15.81599078560463 0
    vertex 37.61151766544617 -15.7365597390765 0
  endloop
endfacet
facet normal 0 0 -1
  outer loop
    vertex 115 -19.99999999999999 0
    vertex 112.5 -15.66987298107775 0
    vertex 117.3698960569796 -16.13312256329941 0
  endloop
endfacet
facet normal 0 -0 -1
  outer loop
    vertex -97.49999999999977 7.009618943233592 0
    vertex -94.99999999999962 2.679491924311457 0
    vertex -99.9999999999996 2.679491924311329 0
  endloop
endfacet
facet normal 0 0 -1
  outer loop
    vertex -84.99999999999955 2.679491924311517 0
    vertex -82.4999999999996 7.010924174239831 0
    vertex -79.99999999999955 2.679491924311507 0
  endloop
endfacet
facet normal 0 0 -1
  outer loop
    vertex -69.98672408744643 2.654433178420978 0
    vertex -67.49192873686768 7.006637941964894 0
    vertex -64.96484833376168 2.686664662589642 0
  endloop
endfacet
facet normal 0 0 -1
  outer loop
    vertex -34.9999988681434 2.67949229028036 0
    vertex -32.49999981135677 7.009619004228064 0
    vertex -29.99999999999952 2.679491924310951 0
  endloop
endfacet
facet normal 0 -0 -1
  outer loop
    vertex -12.49999999861273 -1.65063509416305 0
    vertex -9.999999999493323 -5.980762113369982 0
    vertex -14.99999999857977 -5.980762113074534 0
  endloop
endfacet
facet normal 0 0 -1
  outer loop
    vertex 5.00000000000173 2.679491924310907 0
    vertex 2.500000000002156 7.009618943233278 0
    vertex 7.500000000000746 7.009618943232732 0
  endloop
endfacet
facet normal 0 0 -1
  outer loop
    vertex 35.00000000000048 2.679491924310122 0
    vertex 37.50000000000053 7.009618943232283 0
    vertex 40.00000000000048 2.679491924310059 0
  endloop
endfacet
facet normal -0 0 -1
  outer loop
    vertex 47.50000000000043 -1.650635094612236 0
    vertex 45.00000000000037 -5.980762113534396 0
    vertex 42.50000000000043 -1.650635094612171 0
  endloop
endfacet
facet normal 0 0 -1
  outer loop
    vertex 50.00000000000048 2.679491924309921 0
    vertex 47.50000000000045 7.009618943232464 0
    vertex 52.50000000000038 7.009618943232458 0
  endloop
endfacet
facet normal 0 0 -1
  outer loop
    vertex 100.0010777118111 2.679840386873404 0
    vertex 105.0000000000005 2.679491924309263 0
    vertex 102.5012573304463 -1.650228554954842 0
  endloop
endfacet
facet normal 0 -0 -1
  outer loop
    vertex 115.0000000000005 2.679491924309268 0
    vertex 117.5000067911372 -1.650632898796839 0
    vertex 112.5000407468205 -1.650621919716601 0
  endloop
endfacet
facet normal 0 0 -1
  outer loop
    vertex -117.682145520228 -10.20572736731975 0
    vertex -122.5303575867041 -10.01143227426846 0
    vertex -119.9999999999994 -5.980762113533442 0
  endloop
endfacet
facet normal 0 -0 -1
  outer loop
    vertex 65.00000000000037 -5.980762113534632 0
    vertex 67.70073179780336 -10.12064050455016 0
    vertex 62.50000000000032 -10.02895923512542 0
  endloop
endfacet
facet normal -0 0 -1
  outer loop
    vertex 42.68214552022901 -10.20572736732084 0
    vertex 37.6414832966377 -10.62098129123798 0
    vertex 40.00000000000038 -5.980762113534335 0
  endloop
endfacet
facet normal 0 0 -1
  outer loop
    vertex 1.357946257330633e-12 11.33974596215535 0
    vertex 5.000000000000738 11.33974596215506 0
    vertex 2.500000000002156 7.009618943233278 0
  endloop
endfacet
facet normal 0 -0 -1
  outer loop
    vertex -9.999999999493323 -5.980762113369982 0
    vertex -7.499999999963802 -10.15365671296935 0
    vertex -12.49999999967865 -10.02895923502077 0
  endloop
endfacet
facet normal 0 0 -1
  outer loop
    vertex -27.46964241329524 -15.68739994193375 0
    vertex -29.90330070132386 -11.67730635046796 0
    vertex -25.16819247587475 -11.29547091205725 0
  endloop
endfacet
facet normal 0 -0 -1
  outer loop
    vertex 15.00000000000041 11.33974596215488 0
    vertex 17.50000000000053 7.009618943232534 0
    vertex 12.50000000000058 7.00961894323261 0
  endloop
endfacet
facet normal 0 0 -1
  outer loop
    vertex -27.46964241329524 -15.68739994193375 0
    vertex -25.16819247587475 -11.29547091205725 0
    vertex -22.50000000000003 -15.6698729810778 0
  endloop
endfacet
facet normal 0 -0 -1
  outer loop
    vertex -47.49979044492528 -1.650567338001336 0
    vertex -44.99991621569846 -5.980735023088354 0
    vertex -49.99975551907966 -5.980683064155215 0
  endloop
endfacet
facet normal 0 0 -1
  outer loop
    vertex -9.999999999999519 2.679491924310697 0
    vertex -12.49999999980006 7.009618943297412 0
    vertex -7.499999999993044 7.009618943234935 0
  endloop
endfacet
facet normal 0 0 -1
  outer loop
    vertex -4.999999999960995 2.679491924323089 0
    vertex -2.499999999991974 7.009618943235216 0
    vertex 4.836131495267182e-13 2.679491924310568 0
  endloop
endfacet
facet normal 0 -0 -1
  outer loop
    vertex 105.0000000000005 2.679491924309263 0
    vertex 107.5002095550747 -1.650567338003283 0
    vertex 102.5012573304463 -1.650228554954842 0
  endloop
endfacet
facet normal 0 0 -1
  outer loop
    vertex -69.99806181237531 11.33999301625259 0
    vertex -64.99832676880041 11.3392919175464 0
    vertex -67.49192873686768 7.006637941964894 0
  endloop
endfacet
facet normal 0 0 -1
  outer loop
    vertex -114.9999999999994 -5.980762113533276 0
    vertex -117.4999999999995 -1.650635094611197 0
    vertex -112.4999999999995 -1.650635094611055 0
  endloop
endfacet
facet normal 0 0 -1
  outer loop
    vertex -74.81785447977144 -11.49189604351324 0
    vertex -72.50000000000027 -7.009618943233436 0
    vertex -70.00000000000014 -11.62167585948684 0
  endloop
endfacet
facet normal 0 0 -1
  outer loop
    vertex 37.6414832966377 -10.62098129123798 0
    vertex 32.50000000000032 -10.31088913245641 0
    vertex 35.02358054943993 -6.032444139997843 0
  endloop
endfacet
facet normal -0 0 -1
  outer loop
    vertex 135 20 0
    vertex 132.4918648208328 15.67456982932056 0
    vertex 130 20 0
  endloop
endfacet
facet normal -0 0 -1
  outer loop
    vertex -125 20 0
    vertex -127.5000000000001 15.66987298107765 0
    vertex -130 20 0
  endloop
endfacet
facet normal 0 0 -1
  outer loop
    vertex -40.00000000000003 -19.99999999999999 0
    vertex -37.34524064217026 -15.40541398421396 0
    vertex -35.00000000000003 -19.99999999999999 0
  endloop
endfacet
facet normal 0 0 -1
  outer loop
    vertex -62.50000000000004 -15.6960783843236 0
    vertex -60.16950953069157 -11.30266890516185 0
    vertex -57.50000000000003 -15.6698729810778 0
  endloop
endfacet
facet normal -0 0 -1
  outer loop
    vertex -99.9999999999996 2.679491924311329 0
    vertex -104.9999999999996 2.679491924311192 0
    vertex -102.4999999999997 7.009618943233408 0
  endloop
endfacet
facet normal 0 0 -1
  outer loop
    vertex -97.49999999999952 -1.650635094610774 0
    vertex -99.99999999999939 -5.980762113533032 0
    vertex -102.4999999999995 -1.6506350946109 0
  endloop
endfacet
facet normal 0 -0 -1
  outer loop
    vertex -59.99999999999952 2.679491924311368 0
    vertex -57.49353372913536 -1.648544319226467 0
    vertex -62.46120237481427 -1.638090442304461 0
  endloop
endfacet
facet normal 0 -0 -1
  outer loop
    vertex -44.99996507415381 2.679503217079418 0
    vertex -42.49995925317958 -1.650621919714762 0
    vertex -47.49979044492528 -1.650567338001336 0
  endloop
endfacet
facet normal -0 0 -1
  outer loop
    vertex -37.4999932088629 -1.650632898795091 0
    vertex -39.99999207700684 -5.980759551747917 0
    vertex -42.49995925317958 -1.650621919714762 0
  endloop
endfacet
facet normal 0 0 -1
  outer loop
    vertex -29.99999999999952 2.679491924310951 0
    vertex -27.4999999614267 7.009618955705051 0
    vertex -24.999999963319 2.679491936171005 0
  endloop
endfacet
facet normal 0 0 -1
  outer loop
    vertex -24.999999963319 2.679491936171005 0
    vertex -19.99999999999952 2.679491924310824 0
    vertex -22.49999995720563 -1.650635080774532 0
  endloop
endfacet
facet normal 0 0 -1
  outer loop
    vertex -24.999999963319 2.679491936171005 0
    vertex -22.4999999938861 7.009618945209703 0
    vertex -19.99999999999952 2.679491924310824 0
  endloop
endfacet
facet normal 0 0 -1
  outer loop
    vertex -24.999999963319 2.679491936171005 0
    vertex -27.4999999614267 7.009618955705051 0
    vertex -22.4999999938861 7.009618945209703 0
  endloop
endfacet
facet normal 0 -0 -1
  outer loop
    vertex -19.99999999999952 2.679491924310824 0
    vertex -17.49999999286725 -1.650635092305267 0
    vertex -22.49999995720563 -1.650635080774532 0
  endloop
endfacet
facet normal 0 0 -1
  outer loop
    vertex -14.99999999857977 -5.980762113074534 0
    vertex -19.81785447121327 -5.875600345630858 0
    vertex -17.49999999286725 -1.650635092305267 0
  endloop
endfacet
facet normal 0 0 -1
  outer loop
    vertex 4.836131495267182e-13 2.679491924310568 0
    vertex 2.500000000002156 7.009618943233278 0
    vertex 5.00000000000173 2.679491924310907 0
  endloop
endfacet
facet normal 0 -0 -1
  outer loop
    vertex 2.500000000007917 -1.650635094609235 0
    vertex 5.000000000003318 -5.980762113532929 0
    vertex 9.109972035995876e-12 -5.98076211353099 0
  endloop
endfacet
facet normal 0 -0 -1
  outer loop
    vertex 7.500000000001884 -1.650635094611251 0
    vertex 10.05425422930159 -6.017786007140633 0
    vertex 5.000000000003318 -5.980762113532929 0
  endloop
endfacet
facet normal 0 0 -1
  outer loop
    vertex 10.00000000000048 2.679491924310439 0
    vertex 15.00000000000052 2.679491924310384 0
    vertex 12.50000000000067 -1.650635094611708 0
  endloop
endfacet
facet normal 0 0 -1
  outer loop
    vertex 10.00000000000048 2.679491924310439 0
    vertex 12.50000000000058 7.00961894323261 0
    vertex 15.00000000000052 2.679491924310384 0
  endloop
endfacet
facet normal -0 0 -1
  outer loop
    vertex 22.50000000000043 -1.650635094611914 0
    vertex 20.00000000000039 -5.980762113534074 0
    vertex 17.50000000000047 -1.650635094611837 0
  endloop
endfacet
facet normal 0 -0 -1
  outer loop
    vertex 25.00000000000048 2.679491924310249 0
    vertex 27.50000000000043 -1.650635094611975 0
    vertex 22.50000000000043 -1.650635094611914 0
  endloop
endfacet
facet normal 0 -0 -1
  outer loop
    vertex 40.00000000000048 2.679491924310059 0
    vertex 42.50000000000043 -1.650635094612171 0
    vertex 37.50000000000043 -1.650635094612102 0
  endloop
endfacet
facet normal 0 -0 -1
  outer loop
    vertex 65.00000000000047 2.679491924309741 0
    vertex 67.50000000000043 -1.650635094612465 0
    vertex 62.50000000000042 -1.650635094612416 0
  endloop
endfacet
facet normal 0 -0 -1
  outer loop
    vertex 45.00000000000037 -5.980762113534396 0
    vertex 47.5303575867051 -10.01143227426931 0
    vertex 42.68214552022901 -10.20572736732084 0
  endloop
endfacet
facet normal 0 0 -1
  outer loop
    vertex 45.00000000000037 -5.980762113534396 0
    vertex 50.00505959778451 -5.930852637169902 0
    vertex 47.5303575867051 -10.01143227426931 0
  endloop
endfacet
facet normal 0 0 -1
  outer loop
    vertex -7.499999999993044 7.009618943234935 0
    vertex -12.49999999980006 7.009618943297412 0
    vertex -9.999999999998058 11.3397459621556 0
  endloop
endfacet
facet normal -0 0 -1
  outer loop
    vertex -109.9999999999994 -5.980762113533179 0
    vertex -114.9999999999994 -5.980762113533276 0
    vertex -112.4999999999995 -1.650635094611055 0
  endloop
endfacet
facet normal 0 0 -1
  outer loop
    vertex 47.5303575867051 -10.01143227426931 0
    vertex 45.00000000000026 -14.64101615137878 0
    vertex 42.68214552022901 -10.20572736732084 0
  endloop
endfacet
facet normal 0 0 -1
  outer loop
    vertex 40.00000000000051 11.33974596215442 0
    vertex 45.00000000000055 11.33974596215442 0
    vertex 42.50000000000053 7.009618943232226 0
  endloop
endfacet
facet normal 0 -0 -1
  outer loop
    vertex 5.000000000003318 -5.980762113532929 0
    vertex 7.622897019063675 -10.63171208359831 0
    vertex 2.500000000000314 -10.31088913245604 0
  endloop
endfacet
facet normal 0 0 -1
  outer loop
    vertex 17.50000000000033 -10.02895923512492 0
    vertex 15.00000000000026 -14.6410161513784 0
    vertex 12.70262835673957 -10.21220954295561 0
  endloop
endfacet
facet normal 0 0 -1
  outer loop
    vertex 10.0000000000006 11.33974596215483 0
    vertex 15.00000000000041 11.33974596215488 0
    vertex 12.50000000000058 7.00961894323261 0
  endloop
endfacet
facet normal -0 0 -1
  outer loop
    vertex 4.999999999999972 20 0
    vertex 2.500000000000261 15.66987298107756 0
    vertex -2.842170943040401e-14 20 0
  endloop
endfacet
facet normal 0 0 -1
  outer loop
    vertex -42.36989605697946 -16.13312256329919 0
    vertex -37.34524064217026 -15.40541398421396 0
    vertex -40.00000000000003 -19.99999999999999 0
  endloop
endfacet
facet normal 0 0 -1
  outer loop
    vertex -32.31785447977132 -15.77503474621352 0
    vertex -27.46964241329524 -15.68739994193375 0
    vertex -30.00000000000003 -19.99999999999999 0
  endloop
endfacet
facet normal 0 0 -1
  outer loop
    vertex 132.388482334554 -15.73655973907677 0
    vertex 137.4951618394486 -15.81844602834803 0
    vertex 135 -19.99999999999999 0
  endloop
endfacet
facet normal 0 -0 -1
  outer loop
    vertex -74.99999999999955 2.726480240533355 0
    vertex -72.42034452468097 -1.847975886175478 0
    vertex -77.49999999999955 -1.368705197279517 0
  endloop
endfacet
facet normal -0 0 -1
  outer loop
    vertex -52.49874266955376 -1.65022855495286 0
    vertex -54.78818888768582 -5.931448961281898 0
    vertex -57.49353372913536 -1.648544319226467 0
  endloop
endfacet
facet normal 0 -0 -1
  outer loop
    vertex -39.99999999999952 2.67949192431108 0
    vertex -37.4999932088629 -1.650632898795091 0
    vertex -42.49995925317958 -1.650621919714762 0
  endloop
endfacet
facet normal 0 -0 -1
  outer loop
    vertex -29.99999999999952 2.679491924310951 0
    vertex -27.49999977991644 -1.650635023450568 0
    vertex -32.49999867950077 -1.650634667646975 0
  endloop
endfacet
facet normal -0 0 -1
  outer loop
    vertex -17.49999999286725 -1.650635092305267 0
    vertex -19.81785447121327 -5.875600345630858 0
    vertex -22.49999995720563 -1.650635080774532 0
  endloop
endfacet
facet normal 0 -0 -1
  outer loop
    vertex -14.99999999881081 2.679491924695113 0
    vertex -12.49999999861273 -1.65063509416305 0
    vertex -17.49999999286725 -1.650635092305267 0
  endloop
endfacet
facet normal 0 0 -1
  outer loop
    vertex -14.99999999881081 2.679491924695113 0
    vertex -12.49999999980006 7.009618943297412 0
    vertex -9.999999999999519 2.679491924310697 0
  endloop
endfacet
facet normal 0 -0 -1
  outer loop
    vertex -9.999999999999519 2.679491924310697 0
    vertex -7.499999999768434 -1.650635094536791 0
    vertex -12.49999999861273 -1.65063509416305 0
  endloop
endfacet
facet normal -0 0 -1
  outer loop
    vertex -7.499999999768434 -1.650635094536791 0
    vertex -9.999999999493323 -5.980762113369982 0
    vertex -12.49999999861273 -1.65063509416305 0
  endloop
endfacet
facet normal 0 0 -1
  outer loop
    vertex -9.999999999999519 2.679491924310697 0
    vertex -4.999999999960995 2.679491924323089 0
    vertex -7.499999999768434 -1.650635094536791 0
  endloop
endfacet
facet normal 0 0 -1
  outer loop
    vertex -9.999999999999519 2.679491924310697 0
    vertex -7.499999999993044 7.009618943234935 0
    vertex -4.999999999960995 2.679491924323089 0
  endloop
endfacet
facet normal 0 -0 -1
  outer loop
    vertex -4.999999999960995 2.679491924323089 0
    vertex -2.499999999954629 -1.65063509459706 0
    vertex -7.499999999768434 -1.650635094536791 0
  endloop
endfacet
facet normal -0 0 -1
  outer loop
    vertex -2.499999999954629 -1.65063509459706 0
    vertex -4.999999999861794 -5.954556710243358 0
    vertex -7.499999999768434 -1.650635094536791 0
  endloop
endfacet
facet normal -0 0 -1
  outer loop
    vertex 2.500000000007917 -1.650635094609235 0
    vertex 9.109972035995876e-12 -5.98076211353099 0
    vertex -2.499999999954629 -1.65063509459706 0
  endloop
endfacet
facet normal 0 0 -1
  outer loop
    vertex -2.499999999991974 7.009618943235216 0
    vertex 2.500000000002156 7.009618943233278 0
    vertex 4.836131495267182e-13 2.679491924310568 0
  endloop
endfacet
facet normal -0 0 -1
  outer loop
    vertex 7.500000000001884 -1.650635094611251 0
    vertex 5.000000000003318 -5.980762113532929 0
    vertex 2.500000000007917 -1.650635094609235 0
  endloop
endfacet
facet normal 0 0 -1
  outer loop
    vertex 5.00000000000173 2.679491924310907 0
    vertex 10.00000000000048 2.679491924310439 0
    vertex 7.500000000001884 -1.650635094611251 0
  endloop
endfacet
facet normal 0 0 -1
  outer loop
    vertex 5.00000000000173 2.679491924310907 0
    vertex 7.500000000000746 7.009618943232732 0
    vertex 10.00000000000048 2.679491924310439 0
  endloop
endfacet
facet normal -0 0 -1
  outer loop
    vertex 12.50000000000067 -1.650635094611708 0
    vertex 10.05425422930159 -6.017786007140633 0
    vertex 7.500000000001884 -1.650635094611251 0
  endloop
endfacet
facet normal 0 -0 -1
  outer loop
    vertex 20.00000000000048 2.679491924310311 0
    vertex 22.50000000000043 -1.650635094611914 0
    vertex 17.50000000000047 -1.650635094611837 0
  endloop
endfacet
facet normal 0 0 -1
  outer loop
    vertex 20.00000000000048 2.679491924310311 0
    vertex 22.5000000000005 7.009618943232501 0
    vertex 25.00000000000048 2.679491924310249 0
  endloop
endfacet
facet normal 0 0 -1
  outer loop
    vertex 22.5000000000005 7.009618943232501 0
    vertex 27.50000000000044 7.009618943232498 0
    vertex 25.00000000000048 2.679491924310249 0
  endloop
endfacet
facet normal 0 -0 -1
  outer loop
    vertex 30.00000000000048 2.679491924310187 0
    vertex 32.50000000000043 -1.650635094612035 0
    vertex 27.50000000000043 -1.650635094611975 0
  endloop
endfacet
facet normal -0 0 -1
  outer loop
    vertex 32.50000000000043 -1.650635094612035 0
    vertex 30.00000000000038 -5.980762113534198 0
    vertex 27.50000000000043 -1.650635094611975 0
  endloop
endfacet
facet normal 0 0 -1
  outer loop
    vertex 30.00000000000048 2.679491924310187 0
    vertex 35.00000000000048 2.679491924310122 0
    vertex 32.50000000000043 -1.650635094612035 0
  endloop
endfacet
facet normal 0 -0 -1
  outer loop
    vertex 45.00000000000048 2.679491924309991 0
    vertex 47.50000000000043 -1.650635094612236 0
    vertex 42.50000000000043 -1.650635094612171 0
  endloop
endfacet
facet normal 0 -0 -1
  outer loop
    vertex 55.00000000000048 2.679491924309859 0
    vertex 57.50000000000043 -1.650635094612357 0
    vertex 52.50000000000043 -1.650635094612308 0
  endloop
endfacet
facet normal -0 0 -1
  outer loop
    vertex -9.999999999493323 -5.980762113369982 0
    vertex -12.49999999967865 -10.02895923502077 0
    vertex -14.99999999857977 -5.980762113074534 0
  endloop
endfacet
facet normal -0 0 -1
  outer loop
    vertex -12.49999999967865 -10.02895923502077 0
    vertex -17.49999999999968 -10.31088913245579 0
    vertex -14.99999999857977 -5.980762113074534 0
  endloop
endfacet
facet normal 0 0 -1
  outer loop
    vertex -17.49999999999968 -10.31088913245579 0
    vertex -19.81785447121327 -5.875600345630858 0
    vertex -14.99999999857977 -5.980762113074534 0
  endloop
endfacet
facet normal -0 0 -1
  outer loop
    vertex 5.000000000003318 -5.980762113532929 0
    vertex 2.500000000000314 -10.31088913245604 0
    vertex 9.109972035995876e-12 -5.98076211353099 0
  endloop
endfacet
facet normal 0 0 -1
  outer loop
    vertex 12.70262835673957 -10.21220954295561 0
    vertex 10.05425422930159 -6.017786007140633 0
    vertex 15.00000000000042 -5.980762113533999 0
  endloop
endfacet
facet normal 0 0 -1
  outer loop
    vertex 5.000000000000738 11.33974596215506 0
    vertex 10.0000000000006 11.33974596215483 0
    vertex 7.500000000000746 7.009618943232732 0
  endloop
endfacet
facet normal 0 -0 -1
  outer loop
    vertex 10.0000000000006 11.33974596215483 0
    vertex 12.50000000000058 7.00961894323261 0
    vertex 7.500000000000746 7.009618943232732 0
  endloop
endfacet
facet normal 0 0 -1
  outer loop
    vertex -7.499999999993044 7.009618943234935 0
    vertex -9.999999999998058 11.3397459621556 0
    vertex -4.999999999997146 11.33974596215591 0
  endloop
endfacet
facet normal 0 0 -1
  outer loop
    vertex -27.4999999614267 7.009618955705051 0
    vertex -24.999999992552 11.33974596456346 0
    vertex -22.4999999938861 7.009618945209703 0
  endloop
endfacet
facet normal 0 -0 -1
  outer loop
    vertex -39.99999207700684 -5.980759551747917 0
    vertex -37.38848087789021 -10.22815777902983 0
    vertex -42.49999364769142 -10.15365465905331 0
  endloop
endfacet
facet normal 0 0 -1
  outer loop
    vertex -4.999999999997146 11.33974596215591 0
    vertex 1.357946257330633e-12 11.33974596215535 0
    vertex -2.499999999991974 7.009618943235216 0
  endloop
endfacet
facet normal 0 -0 -1
  outer loop
    vertex 1.357946257330633e-12 11.33974596215535 0
    vertex 2.500000000002156 7.009618943233278 0
    vertex -2.499999999991974 7.009618943235216 0
  endloop
endfacet
facet normal 0 0 -1
  outer loop
    vertex -9.999999999493323 -5.980762113369982 0
    vertex -4.999999999861794 -5.954556710243358 0
    vertex -7.499999999963802 -10.15365671296935 0
  endloop
endfacet
facet normal 0 -0 -1
  outer loop
    vertex -4.999999999861794 -5.954556710243358 0
    vertex -2.499999999991781 -10.15970611791332 0
    vertex -7.499999999963802 -10.15365671296935 0
  endloop
endfacet
facet normal 0 0 -1
  outer loop
    vertex 5.000000000003318 -5.980762113532929 0
    vertex 10.05425422930159 -6.017786007140633 0
    vertex 7.622897019063675 -10.63171208359831 0
  endloop
endfacet
facet normal 0 0 -1
  outer loop
    vertex 7.622897019063675 -10.63171208359831 0
    vertex 10.05425422930159 -6.017786007140633 0
    vertex 12.70262835673957 -10.21220954295561 0
  endloop
endfacet
facet normal -0 0 -1
  outer loop
    vertex 140 20 0
    vertex 137.4591349119362 15.6934664506714 0
    vertex 135 20 0
  endloop
endfacet
facet normal -0 0 -1
  outer loop
    vertex 130 20 0
    vertex 127.5000000000001 15.66987298107739 0
    vertex 125 20 0
  endloop
endfacet
facet normal -0 0 -1
  outer loop
    vertex 120 20 0
    vertex 117.5 15.66987298107779 0
    vertex 115 20 0
  endloop
endfacet
facet normal -0 0 -1
  outer loop
    vertex 110 20 0
    vertex 107.5 15.66987298107781 0
    vertex 105 20 0
  endloop
endfacet
facet normal -0 0 -1
  outer loop
    vertex 94.99999999999997 20 0
    vertex 92.50000000000023 15.66987298107697 0
    vertex 89.99999999999997 20 0
  endloop
endfacet
facet normal -0 0 -1
  outer loop
    vertex 79.99999999999997 20 0
    vertex 77.50000000000018 15.66987298107706 0
    vertex 74.99999999999997 20 0
  endloop
endfacet
facet normal -0 0 -1
  outer loop
    vertex 64.99999999999997 20 0
    vertex 62.50000000000006 15.66987298107732 0
    vertex 59.99999999999997 20 0
  endloop
endfacet
facet normal -0 0 -1
  outer loop
    vertex 49.99999999999997 20 0
    vertex 47.49999999999997 15.66987298107781 0
    vertex 44.99999999999997 20 0
  endloop
endfacet
facet normal -0 0 -1
  outer loop
    vertex 34.99999999999997 20 0
    vertex 32.50000000000021 15.66987298107724 0
    vertex 29.99999999999997 20 0
  endloop
endfacet
facet normal -0 0 -1
  outer loop
    vertex 19.99999999999997 20 0
    vertex 17.50000000000012 15.66987298107745 0
    vertex 14.99999999999997 20 0
  endloop
endfacet
facet normal -0 0 -1
  outer loop
    vertex -10.00000000000003 20 0
    vertex -12.49999999999975 15.66987298107743 0
    vertex -15.00000000000003 20 0
  endloop
endfacet
facet normal -0 0 -1
  outer loop
    vertex -25.00000000000003 20 0
    vertex -27.50000000000003 15.66987298107781 0
    vertex -30.00000000000003 20 0
  endloop
endfacet
facet normal -0 0 -1
  outer loop
    vertex -35.00000000000003 20 0
    vertex -37.50000000000003 15.66987298107781 0
    vertex -40.00000000000003 20 0
  endloop
endfacet
facet normal -0 0 -1
  outer loop
    vertex -45.00000000000003 20 0
    vertex -47.49999999999996 15.66987298107787 0
    vertex -50.00000000000003 20 0
  endloop
endfacet
facet normal -0 0 -1
  outer loop
    vertex -60.00000000000003 20 0
    vertex -62.49999999999977 15.66987298107789 0
    vertex -65.00000000000003 20 0
  endloop
endfacet
facet normal -0 0 -1
  outer loop
    vertex -70.00000000000003 20 0
    vertex -72.49999999999989 15.66987298107788 0
    vertex -75.00000000000003 20 0
  endloop
endfacet
facet normal -0 0 -1
  outer loop
    vertex -80.00000000000003 20 0
    vertex -82.49999999999984 15.66987298107792 0
    vertex -85.00000000000003 20 0
  endloop
endfacet
facet normal -0 0 -1
  outer loop
    vertex -90.00000000000003 20 0
    vertex -92.49999999999991 15.66987298107789 0
    vertex -95.00000000000003 20 0
  endloop
endfacet
facet normal -0 0 -1
  outer loop
    vertex -100 20 0
    vertex -102.5 15.66987298107777 0
    vertex -105 20 0
  endloop
endfacet
facet normal -0 0 -1
  outer loop
    vertex -110 20 0
    vertex -112.5000000000002 15.66987298107782 0
    vertex -115 20 0
  endloop
endfacet
facet normal -0 0 -1
  outer loop
    vertex -120 20 0
    vertex -122.5 15.66987298107781 0
    vertex -125 20 0
  endloop
endfacet
facet normal -0 0 -1
  outer loop
    vertex -130 20 0
    vertex -132.5 15.66987298107773 0
    vertex -135 20 0
  endloop
endfacet
facet normal 0 0 -1
  outer loop
    vertex -140 -19.99999999999999 0
    vertex -137.4875653606079 -15.82027255654254 0
    vertex -135 -19.99999999999999 0
  endloop
endfacet
facet normal 0 0 -1
  outer loop
    vertex -130 -19.99999999999999 0
    vertex -127.6301039430203 -16.13312256329919 0
    vertex -125 -19.99999999999999 0
  endloop
endfacet
facet normal 0 0 -1
  outer loop
    vertex -115 -19.99999999999999 0
    vertex -112.611517665446 -15.73655973907603 0
    vertex -110 -19.99999999999999 0
  endloop
endfacet
facet normal 0 0 -1
  outer loop
    vertex -105 -19.99999999999999 0
    vertex -102.5 -15.6698729810778 0
    vertex -100 -19.99999999999999 0
  endloop
endfacet
facet normal 0 0 -1
  outer loop
    vertex -100 -19.99999999999999 0
    vertex -97.50000000000001 -15.82710540055274 0
    vertex -95.00000000000003 -19.99999999999999 0
  endloop
endfacet
facet normal 0 0 -1
  outer loop
    vertex -95.00000000000003 -19.99999999999999 0
    vertex -92.50000000000006 -15.951802878409 0
    vertex -90.00000000000003 -19.99999999999999 0
  endloop
endfacet
facet normal 0 0 -1
  outer loop
    vertex -85.00000000000003 -19.99999999999999 0
    vertex -82.50000000000006 -15.66987298107782 0
    vertex -80.00000000000003 -19.99999999999999 0
  endloop
endfacet
facet normal 0 0 -1
  outer loop
    vertex -75.00000000000003 -19.99999999999999 0
    vertex -72.50000000000006 -15.66987298107781 0
    vertex -70.00000000000003 -19.99999999999999 0
  endloop
endfacet
facet normal 0 0 -1
  outer loop
    vertex -60.00000000000003 -19.99999999999999 0
    vertex -57.50000000000003 -15.6698729810778 0
    vertex -55.00000000000003 -19.99999999999999 0
  endloop
endfacet
facet normal 0 0 -1
  outer loop
    vertex -45.00000000000003 -19.99999999999999 0
    vertex -42.36989605697946 -16.13312256329919 0
    vertex -40.00000000000003 -19.99999999999999 0
  endloop
endfacet
facet normal 0 0 -1
  outer loop
    vertex -35.00000000000003 -19.99999999999999 0
    vertex -32.31785447977132 -15.77503474621352 0
    vertex -30.00000000000003 -19.99999999999999 0
  endloop
endfacet
facet normal 0 0 -1
  outer loop
    vertex -30.00000000000003 -19.99999999999999 0
    vertex -27.46964241329524 -15.68739994193375 0
    vertex -25.00000000000003 -19.99999999999999 0
  endloop
endfacet
facet normal 0 0 -1
  outer loop
    vertex -25.00000000000003 -19.99999999999999 0
    vertex -22.50000000000003 -15.6698729810778 0
    vertex -20.00000000000003 -19.99999999999999 0
  endloop
endfacet
facet normal 0 0 -1
  outer loop
    vertex -10.00000000000003 -19.99999999999999 0
    vertex -7.369896056979483 -16.1331225632993 0
    vertex -5.000000000000028 -19.99999999999999 0
  endloop
endfacet
facet normal 0 0 -1
  outer loop
    vertex -5.000000000000028 -19.99999999999999 0
    vertex -2.500000000000028 -15.6698729810778 0
    vertex -2.842170943040401e-14 -19.99999999999999 0
  endloop
endfacet
facet normal 0 0 -1
  outer loop
    vertex -7.369896056979483 -16.1331225632993 0
    vertex -2.500000000000028 -15.6698729810778 0
    vertex -5.000000000000028 -19.99999999999999 0
  endloop
endfacet
facet normal 0 0 -1
  outer loop
    vertex -2.842170943040401e-14 -19.99999999999999 0
    vertex 2.504838160551428 -15.8159907856046 0
    vertex 4.999999999999972 -19.99999999999999 0
  endloop
endfacet
facet normal 0 0 -1
  outer loop
    vertex -2.500000000000028 -15.6698729810778 0
    vertex 2.504838160551428 -15.8159907856046 0
    vertex -2.842170943040401e-14 -19.99999999999999 0
  endloop
endfacet
facet normal 0 0 -1
  outer loop
    vertex 4.999999999999972 -19.99999999999999 0
    vertex 7.611517665446197 -15.73655973907636 0
    vertex 9.999999999999972 -19.99999999999999 0
  endloop
endfacet
facet normal 0 0 -1
  outer loop
    vertex 19.99999999999997 -19.99999999999999 0
    vertex 22.63010394302052 -16.13312256329935 0
    vertex 24.99999999999997 -19.99999999999999 0
  endloop
endfacet
facet normal 0 0 -1
  outer loop
    vertex 34.99999999999997 -19.99999999999999 0
    vertex 37.61151766544617 -15.7365597390765 0
    vertex 39.99999999999997 -19.99999999999999 0
  endloop
endfacet
facet normal 0 0 -1
  outer loop
    vertex 49.99999999999997 -19.99999999999999 0
    vertex 52.58128109726397 -15.71611697650477 0
    vertex 54.99999999999997 -19.99999999999999 0
  endloop
endfacet
facet normal 0 0 -1
  outer loop
    vertex 64.99999999999997 -19.99999999999999 0
    vertex 67.81224946324936 -15.31453700082683 0
    vertex 69.99999999999997 -19.99999999999999 0
  endloop
endfacet
facet normal 0 0 -1
  outer loop
    vertex 69.99999999999997 -19.99999999999999 0
    vertex 72.79153310485614 -15.65822876053597 0
    vertex 74.99999999999997 -19.99999999999999 0
  endloop
endfacet
facet normal 0 0 -1
  outer loop
    vertex 79.99999999999997 -19.99999999999999 0
    vertex 82.49999999999996 -15.66987298107777 0
    vertex 84.99999999999997 -19.99999999999999 0
  endloop
endfacet
facet normal 0 0 -1
  outer loop
    vertex 94.99999999999997 -19.99999999999999 0
    vertex 97.49999999999997 -15.6698729810778 0
    vertex 99.99999999999997 -19.99999999999999 0
  endloop
endfacet
facet normal 0 0 -1
  outer loop
    vertex 105 -19.99999999999999 0
    vertex 107.5 -15.6698729810778 0
    vertex 110 -19.99999999999999 0
  endloop
endfacet
facet normal 0 0 -1
  outer loop
    vertex 115 -19.99999999999999 0
    vertex 117.3698960569796 -16.13312256329941 0
    vertex 120 -19.99999999999999 0
  endloop
endfacet
facet normal 0 0 -1
  outer loop
    vertex 130 -19.99999999999999 0
    vertex 132.388482334554 -15.73655973907677 0
    vertex 135 -19.99999999999999 0
  endloop
endfacet
facet normal 0 0 -1
  outer loop
    vertex 140 -19.99999999999999 0
    vertex 142.5 -15.6698729810778 0
    vertex 145 -19.99999999999999 0
  endloop
endfacet
facet normal 0 0 -1
  outer loop
    vertex -32.31785447977132 -15.77503474621352 0
    vertex -29.90330070132386 -11.67730635046796 0
    vertex -27.46964241329524 -15.68739994193375 0
  endloop
endfacet
facet normal 0 0 -1
  outer loop
    vertex -59.99999999999952 2.679491924311368 0
    vertex -62.49999999999943 7.009618943233635 0
    vertex -57.49982038136432 7.009677020327532 0
  endloop
endfacet
facet normal 0 -0 -1
  outer loop
    vertex -54.99892228818881 2.679840386875356 0
    vertex -52.49874266955376 -1.65022855495286 0
    vertex -57.49353372913536 -1.648544319226467 0
  endloop
endfacet
facet normal 0 -0 -1
  outer loop
    vertex -34.9999988681434 2.67949229028036 0
    vertex -32.49999867950077 -1.650634667646975 0
    vertex -37.4999932088629 -1.650632898795091 0
  endloop
endfacet
facet normal 0 -0 -1
  outer loop
    vertex -27.49999977991644 -1.650635023450568 0
    vertex -24.88705852682001 -6.279531629880235 0
    vertex -29.99999999999963 -5.980762113533434 0
  endloop
endfacet
facet normal 0 0 -1
  outer loop
    vertex -4.999999999960995 2.679491924323089 0
    vertex 4.836131495267182e-13 2.679491924310568 0
    vertex -2.499999999954629 -1.65063509459706 0
  endloop
endfacet
facet normal 0 0 -1
  outer loop
    vertex -7.499999999993044 7.009618943234935 0
    vertex -2.499999999991974 7.009618943235216 0
    vertex -4.999999999960995 2.679491924323089 0
  endloop
endfacet
facet normal 0 0 -1
  outer loop
    vertex 4.836131495267182e-13 2.679491924310568 0
    vertex 5.00000000000173 2.679491924310907 0
    vertex 2.500000000007917 -1.650635094609235 0
  endloop
endfacet
facet normal 0 -0 -1
  outer loop
    vertex 5.00000000000173 2.679491924310907 0
    vertex 7.500000000001884 -1.650635094611251 0
    vertex 2.500000000007917 -1.650635094609235 0
  endloop
endfacet
facet normal 0 -0 -1
  outer loop
    vertex 10.00000000000048 2.679491924310439 0
    vertex 12.50000000000067 -1.650635094611708 0
    vertex 7.500000000001884 -1.650635094611251 0
  endloop
endfacet
facet normal 0 0 -1
  outer loop
    vertex 7.500000000000746 7.009618943232732 0
    vertex 12.50000000000058 7.00961894323261 0
    vertex 10.00000000000048 2.679491924310439 0
  endloop
endfacet
facet normal 0 -0 -1
  outer loop
    vertex 15.00000000000052 2.679491924310384 0
    vertex 17.50000000000047 -1.650635094611837 0
    vertex 12.50000000000067 -1.650635094611708 0
  endloop
endfacet
facet normal -0 0 -1
  outer loop
    vertex 17.50000000000047 -1.650635094611837 0
    vertex 15.00000000000042 -5.980762113533999 0
    vertex 12.50000000000067 -1.650635094611708 0
  endloop
endfacet
facet normal 0 0 -1
  outer loop
    vertex 20.00000000000048 2.679491924310311 0
    vertex 25.00000000000048 2.679491924310249 0
    vertex 22.50000000000043 -1.650635094611914 0
  endloop
endfacet
facet normal 0 0 -1
  outer loop
    vertex 25.00000000000048 2.679491924310249 0
    vertex 30.00000000000048 2.679491924310187 0
    vertex 27.50000000000043 -1.650635094611975 0
  endloop
endfacet
facet normal 0 0 -1
  outer loop
    vertex 25.00000000000048 2.679491924310249 0
    vertex 27.50000000000044 7.009618943232498 0
    vertex 30.00000000000048 2.679491924310187 0
  endloop
endfacet
facet normal 0 -0 -1
  outer loop
    vertex 70.00000000000047 2.679491924309708 0
    vertex 72.50000000000041 -1.650635094612533 0
    vertex 67.50000000000043 -1.650635094612465 0
  endloop
endfacet
facet normal 0 -0 -1
  outer loop
    vertex 100.0010777118111 2.679840386873404 0
    vertex 102.5012573304463 -1.650228554954842 0
    vertex 97.50646627086465 -1.648544319228439 0
  endloop
endfacet
facet normal -0 0 -1
  outer loop
    vertex 62.50000000000032 -10.02895923512542 0
    vertex 57.68214552022901 -10.15873905109911 0
    vertex 60.00000000000037 -5.980762113534581 0
  endloop
endfacet
facet normal 0 0 -1
  outer loop
    vertex -7.499999999993044 7.009618943234935 0
    vertex -4.999999999997146 11.33974596215591 0
    vertex -2.499999999991974 7.009618943235216 0
  endloop
endfacet
facet normal 0 0 -1
  outer loop
    vertex -120.0000000000002 11.33974596215554 0
    vertex -117.5000000000001 15.66987298107781 0
    vertex -115.0000000000002 11.33974596215567 0
  endloop
endfacet
facet normal 0 0 -1
  outer loop
    vertex -12.49999999967865 -10.02895923502077 0
    vertex -14.99999999999973 -14.64101615137801 0
    vertex -17.49999999999968 -10.31088913245579 0
  endloop
endfacet
facet normal 0 0 -1
  outer loop
    vertex 22.63010394302052 -16.13312256329935 0
    vertex 27.49999999999997 -15.66987298107781 0
    vertex 24.99999999999997 -19.99999999999999 0
  endloop
endfacet
facet normal 0 -0 -1
  outer loop
    vertex -64.96484833376168 2.686664662589642 0
    vertex -62.46120237481427 -1.638090442304461 0
    vertex -67.30236591512565 -1.582539919050948 0
  endloop
endfacet
facet normal 0 0 -1
  outer loop
    vertex -19.99999999999952 2.679491924310824 0
    vertex -14.99999999881081 2.679491924695113 0
    vertex -17.49999999286725 -1.650635092305267 0
  endloop
endfacet
facet normal -0 0 -1
  outer loop
    vertex -12.49999999861273 -1.65063509416305 0
    vertex -14.99999999857977 -5.980762113074534 0
    vertex -17.49999999286725 -1.650635092305267 0
  endloop
endfacet
facet normal 0 0 -1
  outer loop
    vertex 9.109972035995876e-12 -5.98076211353099 0
    vertex -4.999999999861794 -5.954556710243358 0
    vertex -2.499999999954629 -1.65063509459706 0
  endloop
endfacet
facet normal -0 0 -1
  outer loop
    vertex 15.00000000000042 -5.980762113533999 0
    vertex 10.05425422930159 -6.017786007140633 0
    vertex 12.50000000000067 -1.650635094611708 0
  endloop
endfacet
facet normal -0 0 -1
  outer loop
    vertex 37.50000000000043 -1.650635094612102 0
    vertex 35.02358054943993 -6.032444139997843 0
    vertex 32.50000000000043 -1.650635094612035 0
  endloop
endfacet
facet normal 0 0 -1
  outer loop
    vertex 40.00000000000048 2.679491924310059 0
    vertex 45.00000000000048 2.679491924309991 0
    vertex 42.50000000000043 -1.650635094612171 0
  endloop
endfacet
facet normal 0 0 -1
  outer loop
    vertex 55.00000000000048 2.679491924309859 0
    vertex 57.50000000000042 7.009618943232202 0
    vertex 60.00000000000047 2.679491924309794 0
  endloop
endfacet
facet normal 0 0 -1
  outer loop
    vertex 67.5000000000005 7.009618943231925 0
    vertex 72.50000000000047 7.009618943231882 0
    vertex 70.00000000000047 2.679491924309708 0
  endloop
endfacet
facet normal -0 0 -1
  outer loop
    vertex 122.5000013204993 -1.650634667648502 0
    vertex 120.0000038740375 -5.980760860921135 0
    vertex 117.5000067911372 -1.650632898796839 0
  endloop
endfacet
facet normal -0 0 -1
  outer loop
    vertex 127.5000002200836 -1.650635023452034 0
    vertex 125.0000002567642 -5.980762030514193 0
    vertex 122.5000013204993 -1.650634667648502 0
  endloop
endfacet
facet normal 0 0 -1
  outer loop
    vertex 2.500000000000314 -10.31088913245604 0
    vertex -2.499999999991781 -10.15970611791332 0
    vertex 9.109972035995876e-12 -5.98076211353099 0
  endloop
endfacet
facet normal -0 0 -1
  outer loop
    vertex 17.50000000000033 -10.02895923512492 0
    vertex 12.70262835673957 -10.21220954295561 0
    vertex 15.00000000000042 -5.980762113533999 0
  endloop
endfacet
facet normal -0 0 -1
  outer loop
    vertex 30.00000000000038 -5.980762113534198 0
    vertex 27.50000000000033 -10.31088913245636 0
    vertex 25.00000000000038 -5.980762113534143 0
  endloop
endfacet
facet normal -0 0 -1
  outer loop
    vertex 65.00000000000037 -5.980762113534632 0
    vertex 62.50000000000032 -10.02895923512542 0
    vertex 60.00000000000037 -5.980762113534581 0
  endloop
endfacet
facet normal 0 0 -1
  outer loop
    vertex -9.999999999998058 11.3397459621556 0
    vertex -7.499999999999116 15.66987298107783 0
    vertex -4.999999999997146 11.33974596215591 0
  endloop
endfacet
facet normal 0 -0 -1
  outer loop
    vertex -100 20 0
    vertex -97.50000000000001 15.66987298107786 0
    vertex -102.5 15.66987298107777 0
  endloop
endfacet
facet normal 0 0 -1
  outer loop
    vertex -102.5 -15.6698729810778 0
    vertex -97.50000000000001 -15.82710540055274 0
    vertex -100 -19.99999999999999 0
  endloop
endfacet
facet normal 0 0 -1
  outer loop
    vertex -60.00000000000003 -19.99999999999999 0
    vertex -62.50000000000004 -15.6960783843236 0
    vertex -57.50000000000003 -15.6698729810778 0
  endloop
endfacet
facet normal 0 0 -1
  outer loop
    vertex -35.00000000000003 -19.99999999999999 0
    vertex -37.34524064217026 -15.40541398421396 0
    vertex -32.31785447977132 -15.77503474621352 0
  endloop
endfacet
facet normal 0 0 -1
  outer loop
    vertex 4.999999999999972 -19.99999999999999 0
    vertex 2.504838160551428 -15.8159907856046 0
    vertex 7.611517665446197 -15.73655973907636 0
  endloop
endfacet
facet normal 0 -0 -1
  outer loop
    vertex -69.98672408744643 2.654433178420978 0
    vertex -67.30236591512565 -1.582539919050948 0
    vertex -72.42034452468097 -1.847975886175478 0
  endloop
endfacet
facet normal 0 0 -1
  outer loop
    vertex -54.99892228818881 2.679840386875356 0
    vertex -49.99999999999951 2.67949192431122 0
    vertex -52.49874266955376 -1.65022855495286 0
  endloop
endfacet
facet normal 0 -0 -1
  outer loop
    vertex -49.99999999999951 2.67949192431122 0
    vertex -47.49979044492528 -1.650567338001336 0
    vertex -52.49874266955376 -1.65022855495286 0
  endloop
endfacet
facet normal 0 0 -1
  outer loop
    vertex -49.99975551907966 -5.980683064155215 0
    vertex -54.78818888768582 -5.931448961281898 0
    vertex -52.49874266955376 -1.65022855495286 0
  endloop
endfacet
facet normal 0 0 -1
  outer loop
    vertex -32.49999981135677 7.009619004228064 0
    vertex -27.4999999614267 7.009618955705051 0
    vertex -29.99999999999952 2.679491924310951 0
  endloop
endfacet
facet normal 0 -0 -1
  outer loop
    vertex -24.999999963319 2.679491936171005 0
    vertex -22.49999995720563 -1.650635080774532 0
    vertex -27.49999977991644 -1.650635023450568 0
  endloop
endfacet
facet normal 0 0 -1
  outer loop
    vertex -14.99999999881081 2.679491924695113 0
    vertex -9.999999999999519 2.679491924310697 0
    vertex -12.49999999861273 -1.65063509416305 0
  endloop
endfacet
facet normal 0 -0 -1
  outer loop
    vertex -7.499999999768434 -1.650635094536791 0
    vertex -4.999999999861794 -5.954556710243358 0
    vertex -9.999999999493323 -5.980762113369982 0
  endloop
endfacet
facet normal 0 -0 -1
  outer loop
    vertex 4.836131495267182e-13 2.679491924310568 0
    vertex 2.500000000007917 -1.650635094609235 0
    vertex -2.499999999954629 -1.65063509459706 0
  endloop
endfacet
facet normal 0 0 -1
  outer loop
    vertex 15.00000000000052 2.679491924310384 0
    vertex 20.00000000000048 2.679491924310311 0
    vertex 17.50000000000047 -1.650635094611837 0
  endloop
endfacet
facet normal 0 0 -1
  outer loop
    vertex 30.00000000000038 -5.980762113534198 0
    vertex 25.00000000000038 -5.980762113534143 0
    vertex 27.50000000000043 -1.650635094611975 0
  endloop
endfacet
facet normal 0 -0 -1
  outer loop
    vertex 35.00000000000048 2.679491924310122 0
    vertex 37.50000000000043 -1.650635094612102 0
    vertex 32.50000000000043 -1.650635094612035 0
  endloop
endfacet
facet normal 0 -0 -1
  outer loop
    vertex 50.00000000000048 2.679491924309921 0
    vertex 52.50000000000043 -1.650635094612308 0
    vertex 47.50000000000043 -1.650635094612236 0
  endloop
endfacet
facet normal 0 -0 -1
  outer loop
    vertex 130.0000000366809 2.679491936169536 0
    vertex 132.5000000427944 -1.650635080775924 0
    vertex 127.5000002200836 -1.650635023452034 0
  endloop
endfacet
facet normal -0 0 -1
  outer loop
    vertex 9.109972035995876e-12 -5.98076211353099 0
    vertex -2.499999999991781 -10.15970611791332 0
    vertex -4.999999999861794 -5.954556710243358 0
  endloop
endfacet
facet normal 0 0 -1
  outer loop
    vertex 37.50000000000053 7.009618943232283 0
    vertex 40.00000000000051 11.33974596215442 0
    vertex 42.50000000000053 7.009618943232226 0
  endloop
endfacet
facet normal 0 0 -1
  outer loop
    vertex 37.50000000000053 7.009618943232283 0
    vertex 32.50000000000048 7.00961894323238 0
    vertex 35.00000000000043 11.33974596215467 0
  endloop
endfacet
facet normal 0 -0 -1
  outer loop
    vertex 50.00505959778451 -5.930852637169902 0
    vertex 52.64201193095476 -10.57427295422567 0
    vertex 47.5303575867051 -10.01143227426931 0
  endloop
endfacet
facet normal -0 0 -1
  outer loop
    vertex -135 20 0
    vertex -137.4675161384806 15.72160583682621 0
    vertex -140 20 0
  endloop
endfacet
facet normal -0 0 -1
  outer loop
    vertex -42.49999999999991 15.66987298107778 0
    vertex -44.9999990298373 11.33974627584358 0
    vertex -47.49999999999996 15.66987298107787 0
  endloop
endfacet
facet normal 0 0 -1
  outer loop
    vertex -34.9999988681434 2.67949229028036 0
    vertex -29.99999999999952 2.679491924310951 0
    vertex -32.49999867950077 -1.650634667646975 0
  endloop
endfacet
facet normal -0 0 -1
  outer loop
    vertex -27.49999977991644 -1.650635023450568 0
    vertex -29.99999999999963 -5.980762113533434 0
    vertex -32.49999867950077 -1.650634667646975 0
  endloop
endfacet
facet normal 0 0 -1
  outer loop
    vertex -29.99999999999952 2.679491924310951 0
    vertex -24.999999963319 2.679491936171005 0
    vertex -27.49999977991644 -1.650635023450568 0
  endloop
endfacet
facet normal 0 0 -1
  outer loop
    vertex 45.00000000000048 2.679491924309991 0
    vertex 50.00000000000048 2.679491924309921 0
    vertex 47.50000000000043 -1.650635094612236 0
  endloop
endfacet
facet normal -0 0 -1
  outer loop
    vertex 57.50000000000043 -1.650635094612357 0
    vertex 55.05486950816158 -5.990982824208989 0
    vertex 52.50000000000043 -1.650635094612308 0
  endloop
endfacet
facet normal 0 -0 -1
  outer loop
    vertex 80.00000000000045 2.72648024053145 0
    vertex 82.57965547531904 -1.847975886177183 0
    vertex 77.50000000000041 -1.368705197281251 0
  endloop
endfacet
facet normal 0 0 -1
  outer loop
    vertex 115.0000000000005 2.679491924309268 0
    vertex 120.0000011318566 2.679492290278994 0
    vertex 117.5000067911372 -1.650632898796839 0
  endloop
endfacet
facet normal -0 0 -1
  outer loop
    vertex -44.99991621569846 -5.980735023088354 0
    vertex -47.49994528912951 -10.02894154515367 0
    vertex -49.99975551907966 -5.980683064155215 0
  endloop
endfacet
facet normal 0 0 -1
  outer loop
    vertex -85.00000000000011 -11.33974596215563 0
    vertex -79.90706861212828 -11.12653691828974 0
    vertex -82.50000000000006 -15.66987298107782 0
  endloop
endfacet
facet normal 0 0 -1
  outer loop
    vertex -87.49999999999952 -1.65063509461067 0
    vertex -90.07965547531816 -6.205060813474345 0
    vertex -92.49999999999953 -1.650635094610701 0
  endloop
endfacet
facet normal 0 0 -1
  outer loop
    vertex -49.99999999999951 2.67949192431122 0
    vertex -44.99996507415381 2.679503217079418 0
    vertex -47.49979044492528 -1.650567338001336 0
  endloop
endfacet
facet normal 0 0 -1
  outer loop
    vertex 27.50000000000044 7.009618943232498 0
    vertex 32.50000000000048 7.00961894323238 0
    vertex 30.00000000000048 2.679491924310187 0
  endloop
endfacet
facet normal 0 0 -1
  outer loop
    vertex 52.50000000000038 7.009618943232458 0
    vertex 57.50000000000042 7.009618943232202 0
    vertex 55.00000000000048 2.679491924309859 0
  endloop
endfacet
facet normal 0 -0 -1
  outer loop
    vertex 62.50000000000042 -1.650635094612416 0
    vertex 65.00000000000037 -5.980762113534632 0
    vertex 60.00000000000037 -5.980762113534581 0
  endloop
endfacet
facet normal -0 0 -1
  outer loop
    vertex 45.00000000000037 -5.980762113534396 0
    vertex 42.68214552022901 -10.20572736732084 0
    vertex 40.00000000000038 -5.980762113534335 0
  endloop
endfacet
facet normal 0 0 -1
  outer loop
    vertex 27.50000000000033 -10.31088913245636 0
    vertex 22.50000000000033 -10.31088913245631 0
    vertex 25.00000000000038 -5.980762113534143 0
  endloop
endfacet
facet normal 0 0 -1
  outer loop
    vertex 27.49999999999997 -15.66987298107781 0
    vertex 32.50483816055141 -15.81599078560463 0
    vertex 29.99999999999997 -19.99999999999999 0
  endloop
endfacet
facet normal -0 0 -1
  outer loop
    vertex -47.49979044492528 -1.650567338001336 0
    vertex -49.99975551907966 -5.980683064155215 0
    vertex -52.49874266955376 -1.65022855495286 0
  endloop
endfacet
facet normal 0 0 -1
  outer loop
    vertex 12.50000000000058 7.00961894323261 0
    vertex 17.50000000000053 7.009618943232534 0
    vertex 15.00000000000052 2.679491924310384 0
  endloop
endfacet
facet normal 0 0 -1
  outer loop
    vertex 35.00000000000048 2.679491924310122 0
    vertex 40.00000000000048 2.679491924310059 0
    vertex 37.50000000000043 -1.650635094612102 0
  endloop
endfacet
facet normal -0 0 -1
  outer loop
    vertex 52.50000000000043 -1.650635094612308 0
    vertex 50.00505959778451 -5.930852637169902 0
    vertex 47.50000000000043 -1.650635094612236 0
  endloop
endfacet
facet normal -0 0 -1
  outer loop
    vertex 62.50000000000042 -1.650635094612416 0
    vertex 60.00000000000037 -5.980762113534581 0
    vertex 57.50000000000043 -1.650635094612357 0
  endloop
endfacet
facet normal 0 0 -1
  outer loop
    vertex 60.00000000000047 2.679491924309794 0
    vertex 65.00000000000047 2.679491924309741 0
    vertex 62.50000000000042 -1.650635094612416 0
  endloop
endfacet
facet normal -0 0 -1
  outer loop
    vertex -47.49994528912951 -10.02894154515367 0
    vertex -52.49999999999976 -10.31088913245532 0
    vertex -49.99975551907966 -5.980683064155215 0
  endloop
endfacet
facet normal 0 0 -1
  outer loop
    vertex 132.5000000061138 7.009618945208249 0
    vertex 137.5000000010195 7.009618943561312 0
    vertex 135.0000000000005 2.679491924309501 0
  endloop
endfacet
facet normal 0 0 -1
  outer loop
    vertex -59.99997006356034 11.33975564167137 0
    vertex -54.99996507415393 11.33975725492401 0
    vertex -57.49982038136432 7.009677020327532 0
  endloop
endfacet
facet normal -0 0 -1
  outer loop
    vertex 127.2968103227859 -10.2085336705741 0
    vertex 125.0000000000006 -14.64101615137946 0
    vertex 122.5000006884673 -10.02895901252007 0
  endloop
endfacet
facet normal -0 0 -1
  outer loop
    vertex -37.50000000000003 15.66987298107781 0
    vertex -42.49999999999991 15.66987298107778 0
    vertex -40.00000000000003 20 0
  endloop
endfacet
facet normal 0 0 -1
  outer loop
    vertex -65.00000000000003 -19.99999999999999 0
    vertex -62.50000000000004 -15.6960783843236 0
    vertex -60.00000000000003 -19.99999999999999 0
  endloop
endfacet
facet normal 0 -0 -1
  outer loop
    vertex -89.9999999999996 2.679491924311521 0
    vertex -87.49999999999952 -1.65063509461067 0
    vertex -92.49999999999953 -1.650635094610701 0
  endloop
endfacet
facet normal 0 0 -1
  outer loop
    vertex -84.99999999999955 2.679491924311517 0
    vertex -79.99999999999955 2.679491924311507 0
    vertex -82.49999999999952 -1.650635094610666 0
  endloop
endfacet
facet normal 0 0 -1
  outer loop
    vertex -69.98672408744643 2.654433178420978 0
    vertex -64.96484833376168 2.686664662589642 0
    vertex -67.30236591512565 -1.582539919050948 0
  endloop
endfacet
facet normal 0 0 -1
  outer loop
    vertex -44.99996507415381 2.679503217079418 0
    vertex -39.99999999999952 2.67949192431108 0
    vertex -42.49995925317958 -1.650621919714762 0
  endloop
endfacet
facet normal -0 0 -1
  outer loop
    vertex -22.49999995720563 -1.650635080774532 0
    vertex -24.88705852682001 -6.279531629880235 0
    vertex -27.49999977991644 -1.650635023450568 0
  endloop
endfacet
facet normal 0 0 -1
  outer loop
    vertex 45.00000000000037 -5.980762113534396 0
    vertex 40.00000000000038 -5.980762113534335 0
    vertex 42.50000000000043 -1.650635094612171 0
  endloop
endfacet
facet normal 0 -0 -1
  outer loop
    vertex 60.00000000000047 2.679491924309794 0
    vertex 62.50000000000042 -1.650635094612416 0
    vertex 57.50000000000043 -1.650635094612357 0
  endloop
endfacet
facet normal 0 0 -1
  outer loop
    vertex 75.0000000000005 2.679491924309628 0
    vertex 80.00000000000045 2.72648024053145 0
    vertex 77.50000000000041 -1.368705197281251 0
  endloop
endfacet
facet normal 0 -0 -1
  outer loop
    vertex 95.00000000000048 2.679491924309413 0
    vertex 97.50646627086465 -1.648544319228439 0
    vertex 92.53879762518574 -1.638090442306408 0
  endloop
endfacet
facet normal 0 0 -1
  outer loop
    vertex -52.49999999999976 -10.31088913245532 0
    vertex -54.78818888768582 -5.931448961281898 0
    vertex -49.99975551907966 -5.980683064155215 0
  endloop
endfacet
facet normal 0 -0 -1
  outer loop
    vertex 30.00000000000038 -5.980762113534198 0
    vertex 32.50000000000032 -10.31088913245641 0
    vertex 27.50000000000033 -10.31088913245636 0
  endloop
endfacet
facet normal 0 0 -1
  outer loop
    vertex 37.50000000000053 7.009618943232283 0
    vertex 35.00000000000043 11.33974596215467 0
    vertex 40.00000000000051 11.33974596215442 0
  endloop
endfacet
facet normal 0 0 -1
  outer loop
    vertex -99.99999999999939 -5.980762113533032 0
    vertex -102.4999999999992 -10.31088913245529 0
    vertex -104.9999999999994 -5.980762113533125 0
  endloop
endfacet
facet normal -0 0 -1
  outer loop
    vertex -122.4999999999995 -1.650635094611328 0
    vertex -127.4999999999996 -1.650635094611474 0
    vertex -124.9999999999997 2.679491924310796 0
  endloop
endfacet
facet normal 0 0 -1
  outer loop
    vertex -127.5 7.009618943232916 0
    vertex -125.0000000000001 11.33974596215534 0
    vertex -122.4999999999999 7.009618943233116 0
  endloop
endfacet
facet normal 0 0 -1
  outer loop
    vertex 52.64201193095476 -10.57427295422567 0
    vertex 55.05486950816158 -5.990982824208989 0
    vertex 57.68214552022901 -10.15873905109911 0
  endloop
endfacet
facet normal 0 0 -1
  outer loop
    vertex -47.49994528912951 -10.02894154515367 0
    vertex -49.99999999999982 -14.64101615137756 0
    vertex -52.49999999999976 -10.31088913245532 0
  endloop
endfacet
facet normal 0 0 -1
  outer loop
    vertex 15.00000000000041 11.33974596215488 0
    vertex 20.00000000000031 11.3397459621549 0
    vertex 17.50000000000053 7.009618943232534 0
  endloop
endfacet
facet normal 0 0 -1
  outer loop
    vertex -27.4999999614267 7.009618955705051 0
    vertex -29.99999992258674 11.33974598718583 0
    vertex -24.999999992552 11.33974596456346 0
  endloop
endfacet
facet normal -0 0 -1
  outer loop
    vertex -32.49999867950077 -1.650634667646975 0
    vertex -34.98141080721 -5.685042793203554 0
    vertex -37.4999932088629 -1.650632898795091 0
  endloop
endfacet
facet normal 0 0 -1
  outer loop
    vertex 20.00000000000048 2.679491924310311 0
    vertex 17.50000000000053 7.009618943232534 0
    vertex 22.5000000000005 7.009618943232501 0
  endloop
endfacet
facet normal 0 0 -1
  outer loop
    vertex 37.50000000000053 7.009618943232283 0
    vertex 42.50000000000053 7.009618943232226 0
    vertex 40.00000000000048 2.679491924310059 0
  endloop
endfacet
facet normal 0 -0 -1
  outer loop
    vertex 90.03515166623829 2.686664662587691 0
    vertex 92.53879762518574 -1.638090442306408 0
    vertex 87.69763408487441 -1.582539919052818 0
  endloop
endfacet
facet normal -0 0 -1
  outer loop
    vertex -19.81785447121327 -5.875600345630858 0
    vertex -24.88705852682001 -6.279531629880235 0
    vertex -22.49999995720563 -1.650635080774532 0
  endloop
endfacet
facet normal 0 0 -1
  outer loop
    vertex 95.00000000000048 2.679491924309413 0
    vertex 97.50017961863563 7.00967702032557 0
    vertex 100.0010777118111 2.679840386873404 0
  endloop
endfacet
facet normal 0 0 -1
  outer loop
    vertex 125.0000002567642 -5.980762030514193 0
    vertex 120.0000038740375 -5.980760860921135 0
    vertex 122.5000013204993 -1.650634667648502 0
  endloop
endfacet
facet normal -0 0 -1
  outer loop
    vertex -117.682145520228 -10.20572736731975 0
    vertex -119.999999999999 -14.64101615137781 0
    vertex -122.5303575867041 -10.01143227426846 0
  endloop
endfacet
facet normal 0 -0 -1
  outer loop
    vertex -45.00000000000003 20 0
    vertex -42.49999999999991 15.66987298107778 0
    vertex -47.49999999999996 15.66987298107787 0
  endloop
endfacet
facet normal 0 0 -1
  outer loop
    vertex -95.00000000000003 -19.99999999999999 0
    vertex -97.50000000000001 -15.82710540055274 0
    vertex -92.50000000000006 -15.951802878409 0
  endloop
endfacet
facet normal 0 0 -1
  outer loop
    vertex 74.99999999999997 -19.99999999999999 0
    vertex 72.79153310485614 -15.65822876053597 0
    vertex 77.49999999999999 -15.66987298107781 0
  endloop
endfacet
facet normal 0 0 -1
  outer loop
    vertex -82.49999999999984 15.66987298107792 0
    vertex -77.49999999999983 15.67012677599572 0
    vertex -79.99999999999969 11.34126873166295 0
  endloop
endfacet
facet normal 0 -0 -1
  outer loop
    vertex -99.99999999999996 11.33974596215566 0
    vertex -97.49999999999977 7.009618943233592 0
    vertex -102.4999999999997 7.009618943233408 0
  endloop
endfacet
facet normal 0 0 -1
  outer loop
    vertex 15.00000000000052 2.679491924310384 0
    vertex 17.50000000000053 7.009618943232534 0
    vertex 20.00000000000048 2.679491924310311 0
  endloop
endfacet
facet normal -0 0 -1
  outer loop
    vertex -114.9999999999994 -5.980762113533276 0
    vertex -119.9999999999994 -5.980762113533442 0
    vertex -117.4999999999995 -1.650635094611197 0
  endloop
endfacet
facet normal 0 0 -1
  outer loop
    vertex 77.49999999999999 -15.66987298107781 0
    vertex 75.34407604451515 -10.99424602834113 0
    vertex 80.18214552022867 -11.44490772729137 0
  endloop
endfacet
facet normal 0 0 -1
  outer loop
    vertex 85.0303575867047 -11.63920282034292 0
    vertex 90.21061653252721 -11.5379826560354 0
    vertex 87.50505959778407 -15.71978245744227 0
  endloop
endfacet
facet normal -0 0 -1
  outer loop
    vertex -20.00000000000003 20 0
    vertex -22.49999999875861 15.66987298147896 0
    vertex -25.00000000000003 20 0
  endloop
endfacet
facet normal -0 0 -1
  outer loop
    vertex -40.00000000000003 20 0
    vertex -42.49999999999991 15.66987298107778 0
    vertex -45.00000000000003 20 0
  endloop
endfacet
facet normal 0 0 -1
  outer loop
    vertex -135 -19.99999999999999 0
    vertex -132.5051050475335 -15.83972058567436 0
    vertex -130 -19.99999999999999 0
  endloop
endfacet
facet normal 0 0 -1
  outer loop
    vertex 24.99999999999997 -19.99999999999999 0
    vertex 27.49999999999997 -15.66987298107781 0
    vertex 29.99999999999997 -19.99999999999999 0
  endloop
endfacet
facet normal 0 0 -1
  outer loop
    vertex -89.9999999999996 2.679491924311521 0
    vertex -87.4999999999996 7.009618943233695 0
    vertex -84.99999999999955 2.679491924311517 0
  endloop
endfacet
facet normal 0 -0 -1
  outer loop
    vertex -84.99999999999955 2.679491924311517 0
    vertex -82.49999999999952 -1.650635094610666 0
    vertex -87.49999999999952 -1.65063509461067 0
  endloop
endfacet
facet normal 0 -0 -1
  outer loop
    vertex -79.99999999999955 2.679491924311507 0
    vertex -77.49999999999955 -1.368705197279517 0
    vertex -82.49999999999952 -1.650635094610666 0
  endloop
endfacet
facet normal 0 -0 -1
  outer loop
    vertex -62.46120237481427 -1.638090442304461 0
    vertex -59.82997452971857 -6.318430155260492 0
    vertex -64.77844919476128 -5.318772727112095 0
  endloop
endfacet
facet normal 0 -0 -1
  outer loop
    vertex 75.0000000000005 2.679491924309628 0
    vertex 77.50000000000041 -1.368705197281251 0
    vertex 72.50000000000041 -1.650635094612533 0
  endloop
endfacet
facet normal 0 0 -1
  outer loop
    vertex 80.00000000000045 2.72648024053145 0
    vertex 82.50221265209267 7.013273871620264 0
    vertex 85.01327591255355 2.654433178419056 0
  endloop
endfacet
facet normal -0 0 -1
  outer loop
    vertex 102.5012573304463 -1.650228554954842 0
    vertex 100.0012872668854 -5.980345894361343 0
    vertex 97.50646627086465 -1.648544319228439 0
  endloop
endfacet
facet normal 0 0 -1
  outer loop
    vertex 125.0000000000004 2.679491924309434 0
    vertex 130.0000000366809 2.679491936169536 0
    vertex 127.5000002200836 -1.650635023452034 0
  endloop
endfacet
facet normal 0 0 -1
  outer loop
    vertex 67.5000000000005 7.009618943231925 0
    vertex 70.0000000000004 11.33974596215434 0
    vertex 72.50000000000047 7.009618943231882 0
  endloop
endfacet
facet normal 0 0 -1
  outer loop
    vertex -82.4999999999996 7.010924174239831 0
    vertex -79.99999999999969 11.34126873166295 0
    vertex -77.49999999999955 7.017450329270627 0
  endloop
endfacet
facet normal 0 0 -1
  outer loop
    vertex -70.00000000000014 -11.62167585948684 0
    vertex -65.00000000000014 -11.49697838163044 0
    vertex -67.50000000000007 -15.66987298107776 0
  endloop
endfacet
facet normal 0 0 -1
  outer loop
    vertex 35.00000000000043 11.33974596215467 0
    vertex 37.50000000000023 15.66987298107712 0
    vertex 40.00000000000051 11.33974596215442 0
  endloop
endfacet
facet normal -0 0 -1
  outer loop
    vertex -62.46120237481427 -1.638090442304461 0
    vertex -64.77844919476128 -5.318772727112095 0
    vertex -67.30236591512565 -1.582539919050948 0
  endloop
endfacet
facet normal 0 0 -1
  outer loop
    vertex -34.99999977018493 11.33974603646272 0
    vertex -29.99999992258674 11.33974598718583 0
    vertex -32.49999981135677 7.009619004228064 0
  endloop
endfacet
facet normal 0 0 -1
  outer loop
    vertex -129.9999999999997 2.679491924310677 0
    vertex -127.5 7.009618943232916 0
    vertex -124.9999999999997 2.679491924310796 0
  endloop
endfacet
facet normal 0 0 -1
  outer loop
    vertex -72.50000000000006 -15.66987298107781 0
    vertex -74.81785447977144 -11.49189604351324 0
    vertex -70.00000000000014 -11.62167585948684 0
  endloop
endfacet
facet normal 0 0 -1
  outer loop
    vertex -92.49999999999991 15.66987298107789 0
    vertex -87.49999999999983 15.6698729810779 0
    vertex -89.99999999999957 11.33974596215583 0
  endloop
endfacet
facet normal 0 -0 -1
  outer loop
    vertex 47.50000000000043 -1.650635094612236 0
    vertex 50.00505959778451 -5.930852637169902 0
    vertex 45.00000000000037 -5.980762113534396 0
  endloop
endfacet
facet normal 0 0 -1
  outer loop
    vertex 55.00000000000048 2.679491924309859 0
    vertex 60.00000000000047 2.679491924309794 0
    vertex 57.50000000000043 -1.650635094612357 0
  endloop
endfacet
facet normal 0 0 -1
  outer loop
    vertex -109.9999999999994 -5.980762113533179 0
    vertex -112.4999999999995 -1.650635094611055 0
    vertex -107.4999999999995 -1.650635094610979 0
  endloop
endfacet
facet normal 0 -0 -1
  outer loop
    vertex -117.5 7.009618943233229 0
    vertex -114.9999999999998 2.679491924310968 0
    vertex -119.9999999999997 2.679491924310941 0
  endloop
endfacet
facet normal 0 0 -1
  outer loop
    vertex 80.18214552022867 -11.44490772729137 0
    vertex 82.59214556527762 -7.078247935049109 0
    vertex 85.0303575867047 -11.63920282034292 0
  endloop
endfacet
facet normal 0 -0 -1
  outer loop
    vertex 90.21061653252721 -11.5379826560354 0
    vertex 92.53594602171853 -15.99316057344991 0
    vertex 87.50505959778407 -15.71978245744227 0
  endloop
endfacet
facet normal 0 0 -1
  outer loop
    vertex 77.50000000000041 -1.368705197281251 0
    vertex 75.04064054863228 -5.944452673454141 0
    vertex 72.50000000000041 -1.650635094612533 0
  endloop
endfacet
facet normal 0 0 -1
  outer loop
    vertex 97.49999999999997 -15.6698729810778 0
    vertex 102.5 -15.66987298107792 0
    vertex 99.99999999999997 -19.99999999999999 0
  endloop
endfacet
facet normal 0 0 -1
  outer loop
    vertex -72.50000000000006 -15.66987298107781 0
    vertex -70.00000000000014 -11.62167585948684 0
    vertex -67.50000000000007 -15.66987298107776 0
  endloop
endfacet
facet normal 0 0 -1
  outer loop
    vertex 80.18214552022867 -11.44490772729137 0
    vertex 85.0303575867047 -11.63920282034292 0
    vertex 82.49999999999996 -15.66987298107777 0
  endloop
endfacet
facet normal -0 0 -1
  outer loop
    vertex 92.53879762518574 -1.638090442306408 0
    vertex 90.34602542182937 -6.324578118376392 0
    vertex 87.69763408487441 -1.582539919052818 0
  endloop
endfacet
facet normal 0 0 -1
  outer loop
    vertex 110.0000349258461 2.679503217077754 0
    vertex 115.0000000000005 2.679491924309268 0
    vertex 112.5000407468205 -1.650621919716601 0
  endloop
endfacet
facet normal 0 0 -1
  outer loop
    vertex 17.50000000000053 7.009618943232534 0
    vertex 20.00000000000031 11.3397459621549 0
    vertex 22.5000000000005 7.009618943232501 0
  endloop
endfacet
facet normal 0 0 -1
  outer loop
    vertex -79.99999999999955 2.679491924311507 0
    vertex -74.99999999999955 2.726480240533355 0
    vertex -77.49999999999955 -1.368705197279517 0
  endloop
endfacet
facet normal 0 0 -1
  outer loop
    vertex -29.99999999999963 -5.980762113533434 0
    vertex -34.98141080721 -5.685042793203554 0
    vertex -32.49999867950077 -1.650634667646975 0
  endloop
endfacet
facet normal 0 0 -1
  outer loop
    vertex -19.99999999999952 2.679491924310824 0
    vertex -17.49999999874927 7.009618943637212 0
    vertex -14.99999999881081 2.679491924695113 0
  endloop
endfacet
facet normal 0 0 -1
  outer loop
    vertex 80.00000000000045 2.72648024053145 0
    vertex 85.01327591255355 2.654433178419056 0
    vertex 82.57965547531904 -1.847975886177183 0
  endloop
endfacet
facet normal 0 -0 -1
  outer loop
    vertex 125.0000000000004 2.679491924309434 0
    vertex 127.5000002200836 -1.650635023452034 0
    vertex 122.5000013204993 -1.650634667648502 0
  endloop
endfacet
facet normal 0 0 -1
  outer loop
    vertex -114.9999999999994 -5.980762113533276 0
    vertex -117.682145520228 -10.20572736731975 0
    vertex -119.9999999999994 -5.980762113533442 0
  endloop
endfacet
facet normal 0 -0 -1
  outer loop
    vertex 115.0000148758237 -5.980757303652382 0
    vertex 117.5000000000005 -10.31088913245759 0
    vertex 112.5000000000005 -10.31088913245741 0
  endloop
endfacet
facet normal 0 0 -1
  outer loop
    vertex 37.6414832966377 -10.62098129123798 0
    vertex 35.02358054943993 -6.032444139997843 0
    vertex 40.00000000000038 -5.980762113534335 0
  endloop
endfacet
facet normal 0 0 -1
  outer loop
    vertex -37.49999880975396 7.009619328081936 0
    vertex -39.99999863146689 11.33974640465086 0
    vertex -34.99999977018493 11.33974603646272 0
  endloop
endfacet
facet normal 0 0 -1
  outer loop
    vertex -97.49999999999977 7.009618943233592 0
    vertex -92.49999999999972 7.009618943233655 0
    vertex -94.99999999999962 2.679491924311457 0
  endloop
endfacet
facet normal 0 0 -1
  outer loop
    vertex -82.50000000000006 -15.66987298107782 0
    vertex -77.46725274903569 -15.6626040569697 0
    vertex -80.00000000000003 -19.99999999999999 0
  endloop
endfacet
facet normal 0 0 -1
  outer loop
    vertex -57.49982038136432 7.009677020327532 0
    vertex -52.49978462395096 7.009688581971202 0
    vertex -54.99892228818881 2.679840386875356 0
  endloop
endfacet
facet normal 0 -0 -1
  outer loop
    vertex 135.0000000000005 2.679491924309501 0
    vertex 137.5000000071329 -1.65063509230625 0
    vertex 132.5000000427944 -1.650635080775924 0
  endloop
endfacet
facet normal 0 -0 -1
  outer loop
    vertex -54.99996507415393 11.33975725492401 0
    vertex -52.49978462395096 7.009688581971202 0
    vertex -57.49982038136432 7.009677020327532 0
  endloop
endfacet
facet normal 0 0 -1
  outer loop
    vertex -122.4999999999995 -1.650635094611328 0
    vertex -125.0052791069197 -5.904520500264415 0
    vertex -127.4999999999996 -1.650635094611474 0
  endloop
endfacet
facet normal -0 0 -1
  outer loop
    vertex 74.99999999999997 20 0
    vertex 72.50000000000018 15.66987298107714 0
    vertex 69.99999999999997 20 0
  endloop
endfacet
facet normal 0 0 -1
  outer loop
    vertex 77.49999999999999 -15.66987298107781 0
    vertex 80.18214552022867 -11.44490772729137 0
    vertex 82.49999999999996 -15.66987298107777 0
  endloop
endfacet
facet normal -0 0 -1
  outer loop
    vertex -57.49353372913536 -1.648544319226467 0
    vertex -59.82997452971857 -6.318430155260492 0
    vertex -62.46120237481427 -1.638090442304461 0
  endloop
endfacet
facet normal 0 0 -1
  outer loop
    vertex -54.99892228818881 2.679840386875356 0
    vertex -52.49978462395096 7.009688581971202 0
    vertex -49.99999999999951 2.67949192431122 0
  endloop
endfacet
facet normal 0 -0 -1
  outer loop
    vertex -145.2944500734376 -6.804485315449486 0
    vertex -145.1155866855038 -12.42426645440855 0
    vertex -150 -9.999999999999993 0
  endloop
endfacet
facet normal -0 0 -1
  outer loop
    vertex 40.00000000000038 -5.980762113534335 0
    vertex 35.02358054943993 -6.032444139997843 0
    vertex 37.50000000000043 -1.650635094612102 0
  endloop
endfacet
facet normal 0 0 -1
  outer loop
    vertex 65.00000000000047 2.679491924309741 0
    vertex 62.50000000000049 7.009618943231898 0
    vertex 67.5000000000005 7.009618943231925 0
  endloop
endfacet
facet normal -0 0 -1
  outer loop
    vertex 67.5000000000005 7.009618943231925 0
    vertex 62.50000000000049 7.009618943231898 0
    vertex 65.0000000000004 11.33974596215417 0
  endloop
endfacet
facet normal 0 0 -1
  outer loop
    vertex -62.49999999999943 7.009618943233635 0
    vertex -59.99997006356034 11.33975564167137 0
    vertex -57.49982038136432 7.009677020327532 0
  endloop
endfacet
facet normal -0 0 -1
  outer loop
    vertex 110.0000417169829 -5.980748624950872 0
    vertex 107.5000000000006 -10.31088913245739 0
    vertex 105.0004659782317 -5.980611446197512 0
  endloop
endfacet
facet normal -0 0 -1
  outer loop
    vertex 54.99999999999997 20 0
    vertex 52.50000000000006 15.66987298107766 0
    vertex 49.99999999999997 20 0
  endloop
endfacet
facet normal 0 -0 -1
  outer loop
    vertex -25.00000000000003 20 0
    vertex -22.49999999875861 15.66987298147896 0
    vertex -27.50000000000003 15.66987298107781 0
  endloop
endfacet
facet normal 0 0 -1
  outer loop
    vertex 74.99999999999997 -19.99999999999999 0
    vertex 77.49999999999999 -15.66987298107781 0
    vertex 79.99999999999997 -19.99999999999999 0
  endloop
endfacet
facet normal 0 0 -1
  outer loop
    vertex 140 -19.99999999999999 0
    vertex 137.4951618394486 -15.81844602834803 0
    vertex 142.5 -15.6698729810778 0
  endloop
endfacet
facet normal 0 0 -1
  outer loop
    vertex -122.5 15.66987298107781 0
    vertex -117.5000000000001 15.66987298107781 0
    vertex -120.0000000000002 11.33974596215554 0
  endloop
endfacet
facet normal -0 0 -1
  outer loop
    vertex -97.49999999999952 -1.650635094610774 0
    vertex -102.4999999999995 -1.6506350946109 0
    vertex -99.9999999999996 2.679491924311329 0
  endloop
endfacet
facet normal 0 0 -1
  outer loop
    vertex -89.9999999999996 2.679491924311521 0
    vertex -84.99999999999955 2.679491924311517 0
    vertex -87.49999999999952 -1.65063509461067 0
  endloop
endfacet
facet normal 0 0 -1
  outer loop
    vertex -79.99999999999955 2.679491924311507 0
    vertex -77.49999999999955 7.017450329270627 0
    vertex -74.99999999999955 2.726480240533355 0
  endloop
endfacet
facet normal 0 0 -1
  outer loop
    vertex 110.0000349258461 2.679503217077754 0
    vertex 112.5000058209744 7.009620825360692 0
    vertex 115.0000000000005 2.679491924309268 0
  endloop
endfacet
facet normal 0 -0 -1
  outer loop
    vertex 137.5000000071329 -1.65063509230625 0
    vertex 140.0000000000008 -5.980762113534453 0
    vertex 135.0000000083218 -5.980762110844349 0
  endloop
endfacet
facet normal 0 0 -1
  outer loop
    vertex 57.68214552022901 -10.15873905109911 0
    vertex 55.05486950816158 -5.990982824208989 0
    vertex 60.00000000000037 -5.980762113534581 0
  endloop
endfacet
facet normal 0 0 -1
  outer loop
    vertex -27.50000000000003 15.66987298107781 0
    vertex -32.49999994879529 15.66987299763402 0
    vertex -30.00000000000003 20 0
  endloop
endfacet
facet normal 0 0 -1
  outer loop
    vertex -115.0000000000002 11.33974596215567 0
    vertex -117.5000000000001 15.66987298107781 0
    vertex -112.5000000000002 15.66987298107782 0
  endloop
endfacet
facet normal 0 0 -1
  outer loop
    vertex -102.4999999999997 7.009618943233408 0
    vertex -104.9999999999996 2.679491924311192 0
    vertex -107.4999999999998 7.009618943233257 0
  endloop
endfacet
facet normal -0 0 -1
  outer loop
    vertex 97.50646627086465 -1.648544319228439 0
    vertex 95.26928448253602 -5.85317788604153 0
    vertex 92.53879762518574 -1.638090442306408 0
  endloop
endfacet
facet normal 0 -0 -1
  outer loop
    vertex -35.00000000000003 20 0
    vertex -32.49999994879529 15.66987299763402 0
    vertex -37.50000000000003 15.66987298107781 0
  endloop
endfacet
facet normal 0 0 -1
  outer loop
    vertex 79.99999999999997 -19.99999999999999 0
    vertex 77.49999999999999 -15.66987298107781 0
    vertex 82.49999999999996 -15.66987298107777 0
  endloop
endfacet
facet normal 0 0 -1
  outer loop
    vertex -110.0000000000001 11.33974596215552 0
    vertex -115.0000000000002 11.33974596215567 0
    vertex -112.5000000000002 15.66987298107782 0
  endloop
endfacet
facet normal 0 0 -1
  outer loop
    vertex -77.49999999999955 -1.368705197279517 0
    vertex -79.99999999999959 -5.980762113532875 0
    vertex -82.49999999999952 -1.650635094610666 0
  endloop
endfacet
facet normal 0 -0 -1
  outer loop
    vertex 75.00000000000037 11.33974596215448 0
    vertex 77.50036877534917 7.018059484000277 0
    vertex 72.50000000000047 7.009618943231882 0
  endloop
endfacet
facet normal 0 0 -1
  outer loop
    vertex -87.50000000000006 -15.71686129729969 0
    vertex -90.04360268774508 -11.38462113105393 0
    vertex -85.00000000000011 -11.33974596215563 0
  endloop
endfacet
facet normal 0 0 -1
  outer loop
    vertex -32.49999981135677 7.009619004228064 0
    vertex -29.99999992258674 11.33974598718583 0
    vertex -27.4999999614267 7.009618955705051 0
  endloop
endfacet
facet normal -0 0 -1
  outer loop
    vertex 137.4591349119362 15.6934664506714 0
    vertex 132.4918648208328 15.67456982932056 0
    vertex 135 20 0
  endloop
endfacet
facet normal 0 -0 -1
  outer loop
    vertex -57.49353372913536 -1.648544319226467 0
    vertex -54.78818888768582 -5.931448961281898 0
    vertex -59.82997452971857 -6.318430155260492 0
  endloop
endfacet
facet normal 0 0 -1
  outer loop
    vertex -127.5 7.009618943232916 0
    vertex -130.0000000000002 11.33974596215499 0
    vertex -125.0000000000001 11.33974596215534 0
  endloop
endfacet
facet normal 0 0 -1
  outer loop
    vertex 82.50221265209267 7.013273871620264 0
    vertex 87.50961312718573 7.007487276882327 0
    vertex 85.01327591255355 2.654433178419056 0
  endloop
endfacet
facet normal 0 -0 -1
  outer loop
    vertex -99.99999999999939 -5.980762113533032 0
    vertex -97.63010394301995 -9.847639550233744 0
    vertex -102.4999999999992 -10.31088913245529 0
  endloop
endfacet
facet normal 0 0 -1
  outer loop
    vertex -54.99996507415393 11.33975725492401 0
    vertex -57.49998821945661 15.66987679014653 0
    vertex -52.49999417902556 15.66987486320594 0
  endloop
endfacet
facet normal 0 0 -1
  outer loop
    vertex -90.00000000000003 -19.99999999999999 0
    vertex -87.50000000000006 -15.71686129729969 0
    vertex -85.00000000000003 -19.99999999999999 0
  endloop
endfacet
facet normal 0 0 -1
  outer loop
    vertex 20.00000000000031 11.3397459621549 0
    vertex 25.00000000000033 11.3397459621549 0
    vertex 22.5000000000005 7.009618943232501 0
  endloop
endfacet
facet normal 0 -0 -1
  outer loop
    vertex 49.99999999999997 20 0
    vertex 52.50000000000006 15.66987298107766 0
    vertex 47.49999999999997 15.66987298107781 0
  endloop
endfacet
facet normal 0 0 -1
  outer loop
    vertex -22.4999999938861 7.009618945209703 0
    vertex -17.49999999874927 7.009618943637212 0
    vertex -19.99999999999952 2.679491924310824 0
  endloop
endfacet
facet normal 0 0 -1
  outer loop
    vertex -132.4999999999996 -1.650635094611567 0
    vertex -134.9999999999998 2.679491924310644 0
    vertex -129.9999999999997 2.679491924310677 0
  endloop
endfacet
facet normal 0 0 -1
  outer loop
    vertex 135 -19.99999999999999 0
    vertex 137.4951618394486 -15.81844602834803 0
    vertex 140 -19.99999999999999 0
  endloop
endfacet
facet normal 0 0 -1
  outer loop
    vertex 132.5000000061138 7.009618945208249 0
    vertex 134.9931891531784 11.34367820747109 0
    vertex 137.5000000010195 7.009618943561312 0
  endloop
endfacet
facet normal 0 0 -1
  outer loop
    vertex -102.4999999999995 -1.6506350946109 0
    vertex -104.9999999999996 2.679491924311192 0
    vertex -99.9999999999996 2.679491924311329 0
  endloop
endfacet
facet normal 0 -0 -1
  outer loop
    vertex -87.49999999999952 -1.65063509461067 0
    vertex -84.99999999999947 -5.980762113532776 0
    vertex -90.07965547531816 -6.205060813474345 0
  endloop
endfacet
facet normal 0 0 -1
  outer loop
    vertex -132.5 15.66987298107773 0
    vertex -137.4675161384806 15.72160583682621 0
    vertex -135 20 0
  endloop
endfacet
facet normal -0 0 -1
  outer loop
    vertex 60.00000000000037 -5.980762113534581 0
    vertex 55.05486950816158 -5.990982824208989 0
    vertex 57.50000000000043 -1.650635094612357 0
  endloop
endfacet
facet normal 0 0 -1
  outer loop
    vertex -69.99806181237531 11.33999301625259 0
    vertex -74.99908399162659 11.34213235055722 0
    vertex -72.49999999999989 15.66987298107788 0
  endloop
endfacet
facet normal 0 0 -1
  outer loop
    vertex 97.63025718907852 -9.847590000333962 0
    vertex 95.26928448253602 -5.85317788604153 0
    vertex 100.0012872668854 -5.980345894361343 0
  endloop
endfacet
facet normal -0 0 -1
  outer loop
    vertex -107.5000000000001 15.66987298107777 0
    vertex -110.0000000000001 11.33974596215552 0
    vertex -112.5000000000002 15.66987298107782 0
  endloop
endfacet
facet normal 0 0 -1
  outer loop
    vertex 57.50000000000042 7.009618943232202 0
    vertex 62.50000000000049 7.009618943231898 0
    vertex 60.00000000000047 2.679491924309794 0
  endloop
endfacet
facet normal 0 -0 -1
  outer loop
    vertex -70.00000000000003 20 0
    vertex -67.49984331967477 15.66986400085655 0
    vertex -72.49999999999989 15.66987298107788 0
  endloop
endfacet
facet normal 0 0 -1
  outer loop
    vertex 85.01327591255355 2.654433178419056 0
    vertex 87.50961312718573 7.007487276882327 0
    vertex 90.03515166623829 2.686664662587691 0
  endloop
endfacet
facet normal 0 0 -1
  outer loop
    vertex 90.03515166623829 2.686664662587691 0
    vertex 87.50961312718573 7.007487276882327 0
    vertex 92.50588854747937 7.010824079127021 0
  endloop
endfacet
facet normal 0 0 -1
  outer loop
    vertex 65.00000000000037 -5.980762113534632 0
    vertex 70.04022872440618 -5.661072538205426 0
    vertex 67.70073179780336 -10.12064050455016 0
  endloop
endfacet
facet normal 0 0 -1
  outer loop
    vertex -49.99999999999951 2.67949192431122 0
    vertex -47.49995715116108 7.009632797787089 0
    vertex -44.99996507415381 2.679503217079418 0
  endloop
endfacet
facet normal 0 0 -1
  outer loop
    vertex -72.50000000000006 -15.66987298107781 0
    vertex -77.46725274903569 -15.6626040569697 0
    vertex -74.81785447977144 -11.49189604351324 0
  endloop
endfacet
facet normal -0 0 -1
  outer loop
    vertex -47.49999999999996 15.66987298107787 0
    vertex -49.99995000968812 11.33976212580161 0
    vertex -52.49999417902556 15.66987486320594 0
  endloop
endfacet
facet normal 0 0 -1
  outer loop
    vertex -97.49999999999977 7.009618943233592 0
    vertex -94.99999999999983 11.33974596215575 0
    vertex -92.49999999999972 7.009618943233655 0
  endloop
endfacet
facet normal 0 0 -1
  outer loop
    vertex -134.9999999999998 2.679491924310644 0
    vertex -132.5045856322875 7.015073165685231 0
    vertex -129.9999999999997 2.679491924310677 0
  endloop
endfacet
facet normal 0 0 -1
  outer loop
    vertex -125.0000000000001 11.33974596215534 0
    vertex -120.0000000000002 11.33974596215554 0
    vertex -122.4999999999999 7.009618943233116 0
  endloop
endfacet
facet normal 0 0 -1
  outer loop
    vertex -75.00000000000003 -19.99999999999999 0
    vertex -77.46725274903569 -15.6626040569697 0
    vertex -72.50000000000006 -15.66987298107781 0
  endloop
endfacet
facet normal 0 0 -1
  outer loop
    vertex 125.0000002567642 -5.980762030514193 0
    vertex 129.9450908272674 -6.013497511848611 0
    vertex 127.2968103227859 -10.2085336705741 0
  endloop
endfacet
facet normal -0 0 -1
  outer loop
    vertex -30.00000000000003 20 0
    vertex -32.49999994879529 15.66987299763402 0
    vertex -35.00000000000003 20 0
  endloop
endfacet
facet normal 0 0 -1
  outer loop
    vertex -14.99999999999943 11.33974596215518 0
    vertex -19.99999999732421 11.33974596302032 0
    vertex -17.4999999999999 15.66987298107745 0
  endloop
endfacet
facet normal -0 0 -1
  outer loop
    vertex -72.49999999999989 15.66987298107788 0
    vertex -74.99908399162659 11.34213235055722 0
    vertex -77.49999999999983 15.67012677599572 0
  endloop
endfacet
facet normal 0 0 -1
  outer loop
    vertex -82.49999999999952 -1.650635094610666 0
    vertex -84.99999999999947 -5.980762113532776 0
    vertex -87.49999999999952 -1.65063509461067 0
  endloop
endfacet
facet normal 0 0 -1
  outer loop
    vertex 60.00000000000047 2.679491924309794 0
    vertex 62.50000000000049 7.009618943231898 0
    vertex 65.00000000000047 2.679491924309741 0
  endloop
endfacet
facet normal 0 0 -1
  outer loop
    vertex -80.00000000000003 -19.99999999999999 0
    vertex -77.46725274903569 -15.6626040569697 0
    vertex -75.00000000000003 -19.99999999999999 0
  endloop
endfacet
facet normal 0 0 -1
  outer loop
    vertex 105 -19.99999999999999 0
    vertex 102.5 -15.66987298107792 0
    vertex 107.5 -15.6698729810778 0
  endloop
endfacet
facet normal 0 0 -1
  outer loop
    vertex 100.0012872668854 -5.980345894361343 0
    vertex 95.26928448253602 -5.85317788604153 0
    vertex 97.50646627086465 -1.648544319228439 0
  endloop
endfacet
facet normal 0 0 -1
  outer loop
    vertex -102.5 15.66987298107777 0
    vertex -97.50000000000001 15.66987298107786 0
    vertex -99.99999999999996 11.33974596215566 0
  endloop
endfacet
facet normal 0 0 -1
  outer loop
    vertex -47.49995715116108 7.009632797787089 0
    vertex -49.99995000968812 11.33976212580161 0
    vertex -44.9999990298373 11.33974627584358 0
  endloop
endfacet
facet normal -0 0 -1
  outer loop
    vertex -85.00000000000003 20 0
    vertex -87.49999999999983 15.6698729810779 0
    vertex -90.00000000000003 20 0
  endloop
endfacet
facet normal 0 0 -1
  outer loop
    vertex -47.49999999999996 15.66987298107787 0
    vertex -52.49999417902556 15.66987486320594 0
    vertex -50.00000000000003 20 0
  endloop
endfacet
facet normal 0 0 -1
  outer loop
    vertex -62.49999999999943 7.009618943233635 0
    vertex -64.99832676880041 11.3392919175464 0
    vertex -59.99997006356034 11.33975564167137 0
  endloop
endfacet
facet normal 0 0 -1
  outer loop
    vertex -92.50000000000006 -15.951802878409 0
    vertex -87.50000000000006 -15.71686129729969 0
    vertex -90.00000000000003 -19.99999999999999 0
  endloop
endfacet
facet normal 0 -0 -1
  outer loop
    vertex -5.000000000000028 20 0
    vertex -2.499999999999691 15.66987298107801 0
    vertex -7.499999999999116 15.66987298107783 0
  endloop
endfacet
facet normal 0 0 -1
  outer loop
    vertex -72.49999999999989 15.66987298107788 0
    vertex -67.49984331967477 15.66986400085655 0
    vertex -69.99806181237531 11.33999301625259 0
  endloop
endfacet
facet normal -0 0 -1
  outer loop
    vertex -104.9999999999996 2.679491924311192 0
    vertex -109.9999999999997 2.679491924311086 0
    vertex -107.4999999999998 7.009618943233257 0
  endloop
endfacet
facet normal 0 0 -1
  outer loop
    vertex -42.49999417902529 7.009620825361342 0
    vertex -39.99999863146689 11.33974640465086 0
    vertex -37.49999880975396 7.009619328081936 0
  endloop
endfacet
facet normal 0 0 -1
  outer loop
    vertex 132.5000000061138 7.009618945208249 0
    vertex 129.9988648598821 11.34040133670347 0
    vertex 134.9931891531784 11.34367820747109 0
  endloop
endfacet
facet normal 0 0 -1
  outer loop
    vertex 30.00000000000031 11.33974596215487 0
    vertex 25.00000000000033 11.3397459621549 0
    vertex 27.50000000000013 15.66987298107736 0
  endloop
endfacet
facet normal -0 0 -1
  outer loop
    vertex -109.9999999999997 2.679491924311086 0
    vertex -114.9999999999998 2.679491924310968 0
    vertex -112.4999999999999 7.009618943233159 0
  endloop
endfacet
facet normal 0 0 -1
  outer loop
    vertex 99.99999999999997 -19.99999999999999 0
    vertex 102.5 -15.66987298107792 0
    vertex 105 -19.99999999999999 0
  endloop
endfacet
facet normal 0 0 -1
  outer loop
    vertex -99.99999999999939 -5.980762113533032 0
    vertex -95.21710542328466 -5.835775201350517 0
    vertex -97.63010394301995 -9.847639550233744 0
  endloop
endfacet
facet normal 0 0 -1
  outer loop
    vertex -107.4999999999995 -1.650635094610979 0
    vertex -104.9999999999996 2.679491924311192 0
    vertex -102.4999999999995 -1.6506350946109 0
  endloop
endfacet
facet normal -0 0 -1
  outer loop
    vertex -62.49999999999977 15.66987298107789 0
    vertex -67.49984331967477 15.66986400085655 0
    vertex -65.00000000000003 20 0
  endloop
endfacet
facet normal 0 0 -1
  outer loop
    vertex -92.50000000000006 -15.951802878409 0
    vertex -90.04360268774508 -11.38462113105393 0
    vertex -87.50000000000006 -15.71686129729969 0
  endloop
endfacet
facet normal 0 0 -1
  outer loop
    vertex -112.4999999999995 -1.650635094611055 0
    vertex -109.9999999999997 2.679491924311086 0
    vertex -107.4999999999995 -1.650635094610979 0
  endloop
endfacet
facet normal -0 0 -1
  outer loop
    vertex -115 20 0
    vertex -117.5000000000001 15.66987298107781 0
    vertex -120 20 0
  endloop
endfacet
facet normal 0 0 -1
  outer loop
    vertex -107.4999999999995 -1.650635094610979 0
    vertex -109.9999999999997 2.679491924311086 0
    vertex -104.9999999999996 2.679491924311192 0
  endloop
endfacet
facet normal 0 0 -1
  outer loop
    vertex -79.99999999999959 -5.980762113532875 0
    vertex -84.99999999999947 -5.980762113532776 0
    vertex -82.49999999999952 -1.650635094610666 0
  endloop
endfacet
facet normal -0 0 -1
  outer loop
    vertex -107.4999999999995 -10.31088913245537 0
    vertex -112.6414832966369 -10.62098129123691 0
    vertex -109.9999999999994 -5.980762113533179 0
  endloop
endfacet
facet normal 0 0 -1
  outer loop
    vertex -52.49978462395096 7.009688581971202 0
    vertex -47.49995715116108 7.009632797787089 0
    vertex -49.99999999999951 2.67949192431122 0
  endloop
endfacet
facet normal 0 0 -1
  outer loop
    vertex -117.4999999999995 -1.650635094611197 0
    vertex -114.9999999999998 2.679491924310968 0
    vertex -112.4999999999995 -1.650635094611055 0
  endloop
endfacet
facet normal -0 0 -1
  outer loop
    vertex -112.4999999999999 7.009618943233159 0
    vertex -114.9999999999998 2.679491924310968 0
    vertex -117.5 7.009618943233229 0
  endloop
endfacet
facet normal 0 0 -1
  outer loop
    vertex -72.49644213738537 7.014082269083552 0
    vertex -74.99908399162659 11.34213235055722 0
    vertex -69.99806181237531 11.33999301625259 0
  endloop
endfacet
facet normal 0 0 -1
  outer loop
    vertex 137.5000000071329 -1.65063509230625 0
    vertex 142.4876780724012 -1.798612013010016 0
    vertex 140.0000000000008 -5.980762113534453 0
  endloop
endfacet
facet normal 0 0 -1
  outer loop
    vertex -107.4999999999998 7.009618943233257 0
    vertex -109.9999999999997 2.679491924311086 0
    vertex -112.4999999999999 7.009618943233159 0
  endloop
endfacet
facet normal 0 0 -1
  outer loop
    vertex -87.4999999999996 7.009618943233695 0
    vertex -84.99999999999969 11.34021729557469 0
    vertex -82.4999999999996 7.010924174239831 0
  endloop
endfacet
facet normal -0 0 -1
  outer loop
    vertex -55.00000000000003 20 0
    vertex -57.49998821945661 15.66987679014653 0
    vertex -60.00000000000003 20 0
  endloop
endfacet
facet normal 0 0 -1
  outer loop
    vertex 80.00043023790712 11.34176187368037 0
    vertex 85.00228355273322 11.34043879253616 0
    vertex 82.50221265209267 7.013273871620264 0
  endloop
endfacet
facet normal 0 0 -1
  outer loop
    vertex -79.99999999999969 11.34126873166295 0
    vertex -74.99908399162659 11.34213235055722 0
    vertex -77.49999999999955 7.017450329270627 0
  endloop
endfacet
facet normal -0 0 -1
  outer loop
    vertex 52.50000000000006 15.66987298107766 0
    vertex 50.00000000000028 11.33974596215548 0
    vertex 47.49999999999997 15.66987298107781 0
  endloop
endfacet
facet normal 0 0 -1
  outer loop
    vertex -109.9999999999994 -5.980762113533179 0
    vertex -112.6414832966369 -10.62098129123691 0
    vertex -114.9999999999994 -5.980762113533276 0
  endloop
endfacet
facet normal 0 0 -1
  outer loop
    vertex -127.5 7.009618943232916 0
    vertex -132.5045856322875 7.015073165685231 0
    vertex -130.0000000000002 11.33974596215499 0
  endloop
endfacet
facet normal -0 0 -1
  outer loop
    vertex -75.00000000000003 20 0
    vertex -77.49999999999983 15.67012677599572 0
    vertex -80.00000000000003 20 0
  endloop
endfacet
facet normal 0 -0 -1
  outer loop
    vertex -52.49999417902556 15.66987486320594 0
    vertex -49.99995000968812 11.33976212580161 0
    vertex -54.99996507415393 11.33975725492401 0
  endloop
endfacet
facet normal 0 0 -1
  outer loop
    vertex -54.99996507415393 11.33975725492401 0
    vertex -49.99995000968812 11.33976212580161 0
    vertex -52.49978462395096 7.009688581971202 0
  endloop
endfacet
facet normal 0 0 -1
  outer loop
    vertex -92.49999999999953 -1.650635094610701 0
    vertex -95.21710542328466 -5.835775201350517 0
    vertex -97.49999999999952 -1.650635094610774 0
  endloop
endfacet
facet normal 0 0 -1
  outer loop
    vertex 77.50000000000018 15.66987298107706 0
    vertex 72.50000000000018 15.66987298107714 0
    vertex 74.99999999999997 20 0
  endloop
endfacet
facet normal 0 -0 -1
  outer loop
    vertex -114.9999999999994 -5.980762113533276 0
    vertex -112.6414832966369 -10.62098129123691 0
    vertex -117.682145520228 -10.20572736731975 0
  endloop
endfacet
facet normal 0 0 -1
  outer loop
    vertex -22.4999999938861 7.009618945209703 0
    vertex -19.99999999732421 11.33974596302032 0
    vertex -17.49999999874927 7.009618943637212 0
  endloop
endfacet
facet normal 0 0 -1
  outer loop
    vertex -67.49192873686768 7.006637941964894 0
    vertex -64.99832676880041 11.3392919175464 0
    vertex -62.49999999999943 7.009618943233635 0
  endloop
endfacet
facet normal -0 0 -1
  outer loop
    vertex -2.842170943040401e-14 20 0
    vertex -2.499999999999691 15.66987298107801 0
    vertex -5.000000000000028 20 0
  endloop
endfacet
facet normal 0 0 -1
  outer loop
    vertex -92.49999999999991 15.66987298107789 0
    vertex -94.99999999999983 11.33974596215575 0
    vertex -97.50000000000001 15.66987298107786 0
  endloop
endfacet
facet normal -0 0 -1
  outer loop
    vertex -50.00000000000003 20 0
    vertex -52.49999417902556 15.66987486320594 0
    vertex -55.00000000000003 20 0
  endloop
endfacet
facet normal 0 -0 -1
  outer loop
    vertex -97.49999999999952 -1.650635094610774 0
    vertex -95.21710542328466 -5.835775201350517 0
    vertex -99.99999999999939 -5.980762113533032 0
  endloop
endfacet
facet normal 0 0 -1
  outer loop
    vertex 82.50221265209267 7.013273871620264 0
    vertex 85.00228355273322 11.34043879253616 0
    vertex 87.50961312718573 7.007487276882327 0
  endloop
endfacet
facet normal -0 0 -1
  outer loop
    vertex -82.49999999999984 15.66987298107792 0
    vertex -87.49999999999983 15.6698729810779 0
    vertex -85.00000000000003 20 0
  endloop
endfacet
facet normal 0 0 -1
  outer loop
    vertex -137.5210398949436 7.006159348320026 0
    vertex -132.5045856322875 7.015073165685231 0
    vertex -134.9999999999998 2.679491924310644 0
  endloop
endfacet
facet normal 0 0 -1
  outer loop
    vertex -119.9999999999997 2.679491924310941 0
    vertex -114.9999999999998 2.679491924310968 0
    vertex -117.4999999999995 -1.650635094611197 0
  endloop
endfacet
facet normal 0 0 -1
  outer loop
    vertex 40.00000000000051 11.33974596215442 0
    vertex 42.50000000000024 15.66987298107686 0
    vertex 45.00000000000055 11.33974596215442 0
  endloop
endfacet
facet normal 0 -0 -1
  outer loop
    vertex -120 20 0
    vertex -117.5000000000001 15.66987298107781 0
    vertex -122.5 15.66987298107781 0
  endloop
endfacet
facet normal -0 0 -1
  outer loop
    vertex -65.00000000000003 20 0
    vertex -67.49984331967477 15.66986400085655 0
    vertex -70.00000000000003 20 0
  endloop
endfacet
facet normal 0 0 -1
  outer loop
    vertex -72.49999999999989 15.66987298107788 0
    vertex -77.49999999999983 15.67012677599572 0
    vertex -75.00000000000003 20 0
  endloop
endfacet
facet normal 0 0 -1
  outer loop
    vertex -82.49999999999984 15.66987298107792 0
    vertex -84.99999999999969 11.34021729557469 0
    vertex -87.49999999999983 15.6698729810779 0
  endloop
endfacet
facet normal -0 0 -1
  outer loop
    vertex 105 20 0
    vertex 102.5000173599349 15.6698767694073 0
    vertex 99.99999999999997 20 0
  endloop
endfacet
facet normal 0 0 -1
  outer loop
    vertex -99.99999999999996 11.33974596215566 0
    vertex -94.99999999999983 11.33974596215575 0
    vertex -97.49999999999977 7.009618943233592 0
  endloop
endfacet
facet normal 0 0 -1
  outer loop
    vertex -77.49999999999955 7.017450329270627 0
    vertex -74.99908399162659 11.34213235055722 0
    vertex -72.49644213738537 7.014082269083552 0
  endloop
endfacet
facet normal 0 0 -1
  outer loop
    vertex 97.50017961863563 7.00967702032557 0
    vertex 102.5002438019163 7.009694537689107 0
    vertex 100.0010777118111 2.679840386873404 0
  endloop
endfacet
facet normal 0 -0 -1
  outer loop
    vertex -87.49999999999983 15.6698729810779 0
    vertex -84.99999999999969 11.34021729557469 0
    vertex -89.99999999999957 11.33974596215583 0
  endloop
endfacet
facet normal 0 0 -1
  outer loop
    vertex -24.999999992552 11.33974596456346 0
    vertex -19.99999999732421 11.33974596302032 0
    vertex -22.4999999938861 7.009618945209703 0
  endloop
endfacet
facet normal 0 0 -1
  outer loop
    vertex -89.99999999999957 11.33974596215583 0
    vertex -84.99999999999969 11.34021729557469 0
    vertex -87.4999999999996 7.009618943233695 0
  endloop
endfacet
facet normal 0 0 -1
  outer loop
    vertex 142.5198254977321 7.215281542953001 0
    vertex 140.0790888593599 2.672011735987692 0
    vertex 137.5000000010195 7.009618943561312 0
  endloop
endfacet
facet normal 0 -0 -1
  outer loop
    vertex -137.4675161384806 15.72160583682621 0
    vertex -135.0064738987819 11.37593089178213 0
    vertex -140.0502873592671 11.50858227908105 0
  endloop
endfacet
facet normal 0 0 -1
  outer loop
    vertex -44.9999990298373 11.33974627584358 0
    vertex -49.99995000968812 11.33976212580161 0
    vertex -47.49999999999996 15.66987298107787 0
  endloop
endfacet
facet normal 0 0 -1
  outer loop
    vertex 37.50000000000023 15.66987298107712 0
    vertex 42.50000000000024 15.66987298107686 0
    vertex 40.00000000000051 11.33974596215442 0
  endloop
endfacet
facet normal 0 -0 -1
  outer loop
    vertex -97.50000000000001 15.66987298107786 0
    vertex -94.99999999999983 11.33974596215575 0
    vertex -99.99999999999996 11.33974596215566 0
  endloop
endfacet
facet normal 0 0 -1
  outer loop
    vertex 2.500000000000261 15.66987298107756 0
    vertex -2.499999999999691 15.66987298107801 0
    vertex -2.842170943040401e-14 20 0
  endloop
endfacet
facet normal 0 0 -1
  outer loop
    vertex -52.49999417902556 15.66987486320594 0
    vertex -57.49998821945661 15.66987679014653 0
    vertex -55.00000000000003 20 0
  endloop
endfacet
facet normal -0 0 -1
  outer loop
    vertex -132.5 15.66987298107773 0
    vertex -135.0064738987819 11.37593089178213 0
    vertex -137.4675161384806 15.72160583682621 0
  endloop
endfacet
facet normal 0 -0 -1
  outer loop
    vertex 100.0001984966095 11.33979073091989 0
    vertex 102.5002438019163 7.009694537689107 0
    vertex 97.50017961863563 7.00967702032557 0
  endloop
endfacet
facet normal 0 0 -1
  outer loop
    vertex 125.0000000000004 2.679491924309434 0
    vertex 127.4997793229968 7.009746391620721 0
    vertex 130.0000000366809 2.679491936169536 0
  endloop
endfacet
facet normal 0 0 -1
  outer loop
    vertex 122.500000188643 7.009619004227268 0
    vertex 127.4997793229968 7.009746391620721 0
    vertex 125.0000000000004 2.679491924309434 0
  endloop
endfacet
facet normal 0 0 -1
  outer loop
    vertex 107.5 15.66987298107781 0
    vertex 102.5000173599349 15.6698767694073 0
    vertex 105 20 0
  endloop
endfacet
facet normal -0 0 -1
  outer loop
    vertex 110.000001159824 11.33974633716774 0
    vertex 105.0000000000003 11.33974596215602 0
    vertex 107.5 15.66987298107781 0
  endloop
endfacet
facet normal -0 0 -1
  outer loop
    vertex 107.5 15.66987298107781 0
    vertex 105.0000000000003 11.33974596215602 0
    vertex 102.5000173599349 15.6698767694073 0
  endloop
endfacet
facet normal 0 0 -1
  outer loop
    vertex -145.1155866855038 -12.42426645440855 0
    vertex -139.9585770642512 -13.01420010461146 0
    vertex -142.3169125120864 -16.26641417961966 0
  endloop
endfacet
facet normal 0 -0 -1
  outer loop
    vertex -141.5666783196835 -9.663330484711029 0
    vertex -139.9585770642512 -13.01420010461146 0
    vertex -145.1155866855038 -12.42426645440855 0
  endloop
endfacet
facet normal 0 0 -1
  outer loop
    vertex 137.4591349119362 15.6934664506714 0
    vertex 142.3466323712927 15.89360795345209 0
    vertex 140.0297745500913 11.48478137471521 0
  endloop
endfacet
facet normal 0 0 -1
  outer loop
    vertex -140.0502873592671 11.50858227908105 0
    vertex -142.3228542329261 15.87454631487725 0
    vertex -137.4675161384806 15.72160583682621 0
  endloop
endfacet
facet normal -0 0 -1
  outer loop
    vertex -140 20 0
    vertex -142.3228542329261 15.87454631487725 0
    vertex -145 20 0
  endloop
endfacet
facet normal 0 0 -1
  outer loop
    vertex -145 -19.99999999999999 0
    vertex -142.3169125120864 -16.26641417961966 0
    vertex -140 -19.99999999999999 0
  endloop
endfacet
facet normal -0 0 -1
  outer loop
    vertex 145 20 0
    vertex 142.3466323712927 15.89360795345209 0
    vertex 140 20 0
  endloop
endfacet
facet normal 0 0 -1
  outer loop
    vertex 150 -14.99999999999999 0
    vertex 145.8633686777115 -12.26551972642108 0
    vertex 150 -9.999999999999993 0
  endloop
endfacet
facet normal 0 -0 -1
  outer loop
    vertex -72.42034452468097 -1.847975886175478 0
    vertex -68.90360904612066 -5.116235215494207 0
    vertex -72.50000000000027 -7.009618943233436 0
  endloop
endfacet
facet normal 0 0 -1
  outer loop
    vertex -90.04360268774508 -11.38462113105393 0
    vertex -93.59349576652568 -9.466125616543842 0
    vertex -90.07965547531816 -6.205060813474345 0
  endloop
endfacet
facet normal 0 -0 -1
  outer loop
    vertex -59.82997452971857 -6.318430155260492 0
    vertex -56.43713146850364 -10.33037621377847 0
    vertex -60.16950953069157 -11.30266890516185 0
  endloop
endfacet
facet normal 0 -0 -1
  outer loop
    vertex -49.99999999999982 -14.64101615137756 0
    vertex -46.42452908936504 -16.41638697165294 0
    vertex -50.00000000000003 -19.99999999999999 0
  endloop
endfacet
facet normal 0 0 -1
  outer loop
    vertex -79.99999999999959 -5.980762113532875 0
    vertex -76.43416812130789 -7.882739402315854 0
    vertex -79.90706861212828 -11.12653691828974 0
  endloop
endfacet
facet normal 0 0 -1
  outer loop
    vertex -120 -19.99999999999999 0
    vertex -123.5754709106345 -16.41638697165277 0
    vertex -119.999999999999 -14.64101615137781 0
  endloop
endfacet
facet normal 0 0 -1
  outer loop
    vertex -37.38848087789021 -10.22815777902983 0
    vertex -33.89888629781314 -12.15965939414788 0
    vertex -37.34524064217026 -15.40541398421396 0
  endloop
endfacet
facet normal 0 0 -1
  outer loop
    vertex -112.611517665446 -15.73655973907603 0
    vertex -116.0886989607218 -13.79797543360022 0
    vertex -112.6414832966369 -10.62098129123691 0
  endloop
endfacet
facet normal 0 -0 -1
  outer loop
    vertex -24.88705852682001 -6.279531629880235 0
    vertex -21.44730200729071 -10.31823988828635 0
    vertex -25.16819247587475 -11.29547091205725 0
  endloop
endfacet
facet normal 0 -0 -1
  outer loop
    vertex -14.99999999999973 -14.64101615137801 0
    vertex -11.42452908936496 -16.41638697165305 0
    vertex -15.00000000000003 -19.99999999999999 0
  endloop
endfacet
facet normal 0 -0 -1
  outer loop
    vertex 7.622897019063675 -10.63171208359831 0
    vertex 11.08896989771348 -13.80043442902895 0
    vertex 7.611517665446197 -15.73655973907636 0
  endloop
endfacet
facet normal 0 -0 -1
  outer loop
    vertex 15.00000000000026 -14.6410161513784 0
    vertex 18.57547091063509 -16.41638697165311 0
    vertex 14.99999999999997 -19.99999999999999 0
  endloop
endfacet
facet normal 0 -0 -1
  outer loop
    vertex 37.6414832966377 -10.62098129123798 0
    vertex 41.08869896072257 -13.79797543360127 0
    vertex 37.61151766544617 -15.7365597390765 0
  endloop
endfacet
facet normal 0 -0 -1
  outer loop
    vertex 52.64201193095476 -10.57427295422567 0
    vertex 56.08445497017042 -13.78166980277196 0
    vertex 52.58128109726397 -15.71611697650477 0
  endloop
endfacet
facet normal 0 -0 -1
  outer loop
    vertex 45.00000000000026 -14.64101615137878 0
    vertex 48.56495150988568 -16.43221033835096 0
    vertex 44.99999999999997 -19.99999999999999 0
  endloop
endfacet
facet normal 0 -0 -1
  outer loop
    vertex 60.00000000000026 -14.64101615137896 0
    vertex 63.58178593889342 -16.40294066082342 0
    vertex 59.99999999999997 -19.99999999999999 0
  endloop
endfacet
facet normal 0 0 -1
  outer loop
    vertex 67.70073179780336 -10.12064050455016 0
    vertex 71.1626919788788 -12.05779607112032 0
    vertex 67.81224946324936 -15.31453700082683 0
  endloop
endfacet
facet normal 0 0 -1
  outer loop
    vertex 82.57965547531904 -1.847975886177183 0
    vertex 86.11849505407028 -5.2258713770343 0
    vertex 82.59214556527762 -7.078247935049109 0
  endloop
endfacet
facet normal 0 0 -1
  outer loop
    vertex 75.04064054863228 -5.944452673454141 0
    vertex 78.63180153573083 -7.950207418736486 0
    vertex 75.34407604451515 -10.99424602834113 0
  endloop
endfacet
facet normal 0 0 -1
  outer loop
    vertex 125 -19.99999999999999 0
    vertex 121.4245290893651 -16.41638697165309 0
    vertex 125.0000000000006 -14.64101615137946 0
  endloop
endfacet
facet normal 0 -0 -1
  outer loop
    vertex 90.34602542182937 -6.324578118376392 0
    vertex 93.66313283838802 -9.422070155745232 0
    vertex 90.21061653252721 -11.5379826560354 0
  endloop
endfacet
facet normal 0 0 -1
  outer loop
    vertex 132.388482334554 -15.73655973907677 0
    vertex 128.9104686467787 -13.79675860030816 0
    vertex 132.3737341128547 -10.60965715493107 0
  endloop
endfacet
facet normal 0 -0 -1
  outer loop
    vertex 145.4670295778733 2.576925110418611 0
    vertex 146.6185719504998 -2.499999999999996 0
    vertex 142.4876780724012 -1.798612013010016 0
  endloop
endfacet
facet normal -0 0 -1
  outer loop
    vertex 150 -9.999999999999993 0
    vertex 145.8633686777115 -12.26551972642108 0
    vertex 145.2694925959285 -6.769038956920935 0
  endloop
endfacet
facet normal 0 0 -1
  outer loop
    vertex -137.4675161384806 15.72160583682621 0
    vertex -142.3228542329261 15.87454631487725 0
    vertex -140 20 0
  endloop
endfacet
facet normal 0 0 -1
  outer loop
    vertex -140 -19.99999999999999 0
    vertex -142.3169125120864 -16.26641417961966 0
    vertex -137.4875653606079 -15.82027255654254 0
  endloop
endfacet
facet normal 0 -0 -1
  outer loop
    vertex 140 20 0
    vertex 142.3466323712927 15.89360795345209 0
    vertex 137.4591349119362 15.6934664506714 0
  endloop
endfacet
facet normal -0 0 -1
  outer loop
    vertex -142.5819236000007 -1.86711022480818 0
    vertex -146.7290551234051 -2.499999999999999 0
    vertex -145.5567380354641 2.554946507442047 0
  endloop
endfacet
facet normal -0 0 -1
  outer loop
    vertex 150 3.552713678800501e-15 0
    vertex 146.6185719504998 -2.499999999999996 0
    vertex 145.4670295778733 2.576925110418611 0
  endloop
endfacet
facet normal 0 0 -1
  outer loop
    vertex 145.2694925959285 -6.769038956920935 0
    vertex 146.6185719504998 -2.499999999999996 0
    vertex 150 -4.999999999999995 0
  endloop
endfacet
facet normal 0 0 -1
  outer loop
    vertex -145.4715137627959 12.04087190471287 0
    vertex -146.7165225649012 7.355845618346405 0
    vertex -150 10 0
  endloop
endfacet
facet normal 0 0 -1
  outer loop
    vertex -150 5 0
    vertex -146.7165225649012 7.355845618346405 0
    vertex -145.5567380354641 2.554946507442047 0
  endloop
endfacet
facet normal 0 0 -1
  outer loop
    vertex 145.4670295778733 2.576925110418611 0
    vertex 146.6916737676803 7.366615711616865 0
    vertex 150 5.000000000000004 0
  endloop
endfacet
facet normal -0 0 -1
  outer loop
    vertex 150 10 0
    vertex 146.6916737676803 7.366615711616865 0
    vertex 145.4715137627961 12.04087190471271 0
  endloop
endfacet
facet normal 0 0 -1
  outer loop
    vertex -145.5567380354641 2.554946507442047 0
    vertex -146.7290551234051 -2.499999999999999 0
    vertex -150 0 0
  endloop
endfacet
facet normal 0 0 -1
  outer loop
    vertex -150 -4.999999999999998 0
    vertex -146.7290551234051 -2.499999999999999 0
    vertex -145.2944500734376 -6.804485315449486 0
  endloop
endfacet
facet normal -0 0 -1
  outer loop
    vertex 132.3737341128547 -10.60965715493107 0
    vertex 128.9104686467787 -13.79675860030816 0
    vertex 127.2968103227859 -10.2085336705741 0
  endloop
endfacet
facet normal 0 0 -1
  outer loop
    vertex -125 -19.99999999999999 0
    vertex -123.5754709106345 -16.41638697165277 0
    vertex -120 -19.99999999999999 0
  endloop
endfacet
facet normal 0 0 -1
  outer loop
    vertex 67.81224946324936 -15.31453700082683 0
    vertex 71.1626919788788 -12.05779607112032 0
    vertex 72.79153310485614 -15.65822876053597 0
  endloop
endfacet
facet normal 0 0 -1
  outer loop
    vertex -50.00000000000003 -19.99999999999999 0
    vertex -46.42452908936504 -16.41638697165294 0
    vertex -45.00000000000003 -19.99999999999999 0
  endloop
endfacet
facet normal 0 0 -1
  outer loop
    vertex -19.81785447121327 -5.875600345630858 0
    vertex -21.44730200729071 -10.31823988828635 0
    vertex -24.88705852682001 -6.279531629880235 0
  endloop
endfacet
facet normal 0 0 -1
  outer loop
    vertex -67.30236591512565 -1.582539919050948 0
    vertex -68.90360904612066 -5.116235215494207 0
    vertex -72.42034452468097 -1.847975886175478 0
  endloop
endfacet
facet normal 0 0 -1
  outer loop
    vertex 12.70262835673957 -10.21220954295561 0
    vertex 11.08896989771348 -13.80043442902895 0
    vertex 7.622897019063675 -10.63171208359831 0
  endloop
endfacet
facet normal 0 0 -1
  outer loop
    vertex 87.69763408487441 -1.582539919052818 0
    vertex 86.11849505407028 -5.2258713770343 0
    vertex 82.57965547531904 -1.847975886177183 0
  endloop
endfacet
facet normal 0 0 -1
  outer loop
    vertex 120 -19.99999999999999 0
    vertex 121.4245290893651 -16.41638697165309 0
    vertex 125 -19.99999999999999 0
  endloop
endfacet
facet normal 0 0 -1
  outer loop
    vertex 42.68214552022901 -10.20572736732084 0
    vertex 41.08869896072257 -13.79797543360127 0
    vertex 37.6414832966377 -10.62098129123798 0
  endloop
endfacet
facet normal 0 0 -1
  outer loop
    vertex -37.34524064217026 -15.40541398421396 0
    vertex -33.89888629781314 -12.15965939414788 0
    vertex -32.31785447977132 -15.77503474621352 0
  endloop
endfacet
facet normal 0 0 -1
  outer loop
    vertex -15.00000000000003 -19.99999999999999 0
    vertex -11.42452908936496 -16.41638697165305 0
    vertex -10.00000000000003 -19.99999999999999 0
  endloop
endfacet
facet normal 0 0 -1
  outer loop
    vertex 14.99999999999997 -19.99999999999999 0
    vertex 18.57547091063509 -16.41638697165311 0
    vertex 19.99999999999997 -19.99999999999999 0
  endloop
endfacet
facet normal 0 0 -1
  outer loop
    vertex 57.68214552022901 -10.15873905109911 0
    vertex 56.08445497017042 -13.78166980277196 0
    vertex 52.64201193095476 -10.57427295422567 0
  endloop
endfacet
facet normal 0 0 -1
  outer loop
    vertex 59.99999999999997 -19.99999999999999 0
    vertex 63.58178593889342 -16.40294066082342 0
    vertex 64.99999999999997 -19.99999999999999 0
  endloop
endfacet
facet normal 0 0 -1
  outer loop
    vertex 44.99999999999997 -19.99999999999999 0
    vertex 48.56495150988568 -16.43221033835096 0
    vertex 49.99999999999997 -19.99999999999999 0
  endloop
endfacet
facet normal 0 0 -1
  outer loop
    vertex -54.78818888768582 -5.931448961281898 0
    vertex -56.43713146850364 -10.33037621377847 0
    vertex -59.82997452971857 -6.318430155260492 0
  endloop
endfacet
facet normal -0 0 -1
  outer loop
    vertex -90.07965547531816 -6.205060813474345 0
    vertex -93.59349576652568 -9.466125616543842 0
    vertex -95.21710542328466 -5.835775201350517 0
  endloop
endfacet
facet normal 0 0 -1
  outer loop
    vertex 95.26928448253602 -5.85317788604153 0
    vertex 93.66313283838802 -9.422070155745232 0
    vertex 90.34602542182937 -6.324578118376392 0
  endloop
endfacet
facet normal 0 0 -1
  outer loop
    vertex -79.90706861212828 -11.12653691828974 0
    vertex -76.43416812130789 -7.882739402315854 0
    vertex -74.81785447977144 -11.49189604351324 0
  endloop
endfacet
facet normal 0 0 -1
  outer loop
    vertex 75.34407604451515 -10.99424602834113 0
    vertex 78.63180153573083 -7.950207418736486 0
    vertex 80.18214552022867 -11.44490772729137 0
  endloop
endfacet
facet normal -0 0 -1
  outer loop
    vertex -112.6414832966369 -10.62098129123691 0
    vertex -116.0886989607218 -13.79797543360022 0
    vertex -117.682145520228 -10.20572736731975 0
  endloop
endfacet
facet normal 0 0 -1
  outer loop
    vertex -150 20 0
    vertex -146.3397459621554 16.33974596215544 0
    vertex -150 15 0
  endloop
endfacet
facet normal -0 0 -1
  outer loop
    vertex -145 20 0
    vertex -146.3397459621554 16.33974596215544 0
    vertex -150 20 0
  endloop
endfacet
facet normal 0 0 -1
  outer loop
    vertex -150 -14.99999999999999 0
    vertex -146.3397459621555 -16.33974596215544 0
    vertex -150 -19.99999999999999 0
  endloop
endfacet
facet normal 0 0 -1
  outer loop
    vertex -150 -19.99999999999999 0
    vertex -146.3397459621555 -16.33974596215544 0
    vertex -145 -19.99999999999999 0
  endloop
endfacet
facet normal 0 0 -1
  outer loop
    vertex 150 -19.99999999999999 0
    vertex 146.3397459621556 -16.33974596215571 0
    vertex 150 -14.99999999999999 0
  endloop
endfacet
facet normal 0 0 -1
  outer loop
    vertex 145 -19.99999999999999 0
    vertex 146.3397459621556 -16.33974596215571 0
    vertex 150 -19.99999999999999 0
  endloop
endfacet
facet normal 0 0 -1
  outer loop
    vertex 150 15 0
    vertex 146.3397459621557 16.33974596215576 0
    vertex 150 20 0
  endloop
endfacet
facet normal -0 0 -1
  outer loop
    vertex 150 20 0
    vertex 146.3397459621557 16.33974596215576 0
    vertex 145 20 0
  endloop
endfacet
facet normal 0 0 -1
  outer loop
    vertex -119.999999999999 -14.64101615137781 0
    vertex -125.0546648894582 -13.06748544227904 0
    vertex -122.5303575867041 -10.01143227426846 0
  endloop
endfacet
facet normal 0 0 -1
  outer loop
    vertex 90.21061653252721 -11.5379826560354 0
    vertex 95.09353453484648 -12.86569763395659 0
    vertex 92.53594602171853 -15.99316057344991 0
  endloop
endfacet
facet normal 0 -0 -1
  outer loop
    vertex 62.50000000000032 -10.02895923512542 0
    vertex 64.51353817142106 -13.20099529821234 0
    vertex 60.00000000000026 -14.64101615137896 0
  endloop
endfacet
facet normal 0 0 -1
  outer loop
    vertex 52.58128109726397 -15.71611697650477 0
    vertex 56.95224800963351 -16.98024395154112 0
    vertex 54.99999999999997 -19.99999999999999 0
  endloop
endfacet
facet normal 0 0 -1
  outer loop
    vertex 82.59214556527762 -7.078247935049109 0
    vertex 87.04252002291554 -8.458325651611707 0
    vertex 85.0303575867047 -11.63920282034292 0
  endloop
endfacet
facet normal 0 -0 -1
  outer loop
    vertex 47.5303575867051 -10.01143227426931 0
    vertex 49.62434715559299 -13.217586242674 0
    vertex 45.00000000000026 -14.64101615137878 0
  endloop
endfacet
facet normal 0 -0 -1
  outer loop
    vertex 77.50000000000041 -1.368705197281251 0
    vertex 79.47774901785155 -4.681136367113075 0
    vertex 75.04064054863228 -5.944452673454141 0
  endloop
endfacet
facet normal 0 0 -1
  outer loop
    vertex 37.61151766544617 -15.7365597390765 0
    vertex 41.95717380373841 -16.98549372202694 0
    vertex 39.99999999999997 -19.99999999999999 0
  endloop
endfacet
facet normal 0 -0 -1
  outer loop
    vertex -77.49999999999955 -1.368705197279517 0
    vertex -75.55064466371248 -4.666881000232695 0
    vertex -79.99999999999959 -5.980762113532875 0
  endloop
endfacet
facet normal 0 -0 -1
  outer loop
    vertex 17.50000000000033 -10.02895923512492 0
    vertex 20.05230350434113 -13.07196099802085 0
    vertex 15.00000000000026 -14.6410161513784 0
  endloop
endfacet
facet normal 0 0 -1
  outer loop
    vertex 7.611517665446197 -15.73655973907636 0
    vertex 11.95721250902283 -16.9858450070879 0
    vertex 9.999999999999972 -19.99999999999999 0
  endloop
endfacet
facet normal 0 -0 -1
  outer loop
    vertex -47.49994528912951 -10.02894154515367 0
    vertex -44.95809192515132 -13.06495317832262 0
    vertex -49.99999999999982 -14.64101615137756 0
  endloop
endfacet
facet normal 0 0 -1
  outer loop
    vertex -22.50000000000003 -15.6698729810778 0
    vertex -18.04615419927643 -16.97057385056122 0
    vertex -20.00000000000003 -19.99999999999999 0
  endloop
endfacet
facet normal 0 0 -1
  outer loop
    vertex 130 -19.99999999999999 0
    vertex 128.0427072830476 -16.98531988869955 0
    vertex 132.388482334554 -15.73655973907677 0
  endloop
endfacet
facet normal 0 0 -1
  outer loop
    vertex -57.50000000000003 -15.6698729810778 0
    vertex -53.04594663726038 -16.97082153067311 0
    vertex -55.00000000000003 -19.99999999999999 0
  endloop
endfacet
facet normal 0 -0 -1
  outer loop
    vertex -12.49999999967865 -10.02895923502077 0
    vertex -9.94769649564339 -13.06513951653767 0
    vertex -14.99999999999973 -14.64101615137801 0
  endloop
endfacet
facet normal 0 0 -1
  outer loop
    vertex -72.50000000000027 -7.009618943233436 0
    vertex -67.4350586301419 -8.519459236617331 0
    vertex -70.00000000000014 -11.62167585948684 0
  endloop
endfacet
facet normal 0 -0 -1
  outer loop
    vertex -34.98141080721 -5.685042793203554 0
    vertex -32.44238853100404 -8.735377878822554 0
    vertex -37.38848087789021 -10.22815777902983 0
  endloop
endfacet
facet normal 0 0 -1
  outer loop
    vertex 125.0000000000006 -14.64101615137946 0
    vertex 119.9476965255286 -13.07196098836352 0
    vertex 122.5000006884673 -10.02895901252007 0
  endloop
endfacet
facet normal 0 -0 -1
  outer loop
    vertex 70.04022872440618 -5.661072538205426 0
    vertex 72.17228256063645 -8.790907613093941 0
    vertex 67.70073179780336 -10.12064050455016 0
  endloop
endfacet
facet normal 0 0 -1
  outer loop
    vertex -115 -19.99999999999999 0
    vertex -116.9571738037381 -16.9854937220263 0
    vertex -112.611517665446 -15.73655973907603 0
  endloop
endfacet
facet normal 0 0 -1
  outer loop
    vertex -92.50000000000006 -15.951802878409 0
    vertex -95.07731091581238 -12.86540111444914 0
    vertex -90.04360268774508 -11.38462113105393 0
  endloop
endfacet
facet normal 0 0 -1
  outer loop
    vertex -145.2944500734376 -6.804485315449486 0
    vertex -141.5666783196835 -9.663330484711029 0
    vertex -145.1155866855038 -12.42426645440855 0
  endloop
endfacet
facet normal 0 0 -1
  outer loop
    vertex -137.4647777752254 -10.09293843555164 0
    vertex -141.5666783196835 -9.663330484711029 0
    vertex -139.9999999999997 -5.980762113533999 0
  endloop
endfacet
facet normal 0 -0 -1
  outer loop
    vertex 140.0000000000008 -5.980762113534453 0
    vertex 141.9564424223562 -9.997066018683366 0
    vertex 137.4669850844686 -10.09475083419699 0
  endloop
endfacet
facet normal 0 0 -1
  outer loop
    vertex -90.07965547531816 -6.205060813474345 0
    vertex -87.24610881731851 -8.67426767116549 0
    vertex -90.04360268774508 -11.38462113105393 0
  endloop
endfacet
facet normal 0 0 -1
  outer loop
    vertex -79.90706861212828 -11.12653691828974 0
    vertex -82.50000000000013 -8.660254037844457 0
    vertex -79.99999999999959 -5.980762113532875 0
  endloop
endfacet
facet normal 0 0 -1
  outer loop
    vertex -60.16950953069157 -11.30266890516185 0
    vertex -62.74874704577113 -8.651756448671374 0
    vertex -59.82997452971857 -6.318430155260492 0
  endloop
endfacet
facet normal 0 0 -1
  outer loop
    vertex -112.6414832966369 -10.62098129123691 0
    vertex -109.9999999999995 -12.99038105676629 0
    vertex -112.611517665446 -15.73655973907603 0
  endloop
endfacet
facet normal 0 0 -1
  outer loop
    vertex -37.34524064217026 -15.40541398421396 0
    vertex -40.23967155480668 -12.98610577923389 0
    vertex -37.38848087789021 -10.22815777902983 0
  endloop
endfacet
facet normal 0 0 -1
  outer loop
    vertex -25.16819247587475 -11.29547091205725 0
    vertex -27.49999999999965 -8.660254037844361 0
    vertex -24.88705852682001 -6.279531629880235 0
  endloop
endfacet
facet normal 0 0 -1
  outer loop
    vertex 7.611517665446197 -15.73655973907636 0
    vertex 5.000000000000276 -12.99038105676679 0
    vertex 7.622897019063675 -10.63171208359831 0
  endloop
endfacet
facet normal 0 0 -1
  outer loop
    vertex 37.61151766544617 -15.7365597390765 0
    vertex 34.99999999999998 -12.99038105676728 0
    vertex 37.6414832966377 -10.62098129123798 0
  endloop
endfacet
facet normal 0 0 -1
  outer loop
    vertex 132.3737341128547 -10.60965715493107 0
    vertex 135.2459581097108 -13.00883596579649 0
    vertex 132.388482334554 -15.73655973907677 0
  endloop
endfacet
facet normal 0 0 -1
  outer loop
    vertex -72.50000000000027 -7.009618943233436 0
    vertex -75.55064466371248 -4.666881000232695 0
    vertex -72.42034452468097 -1.847975886175478 0
  endloop
endfacet
facet normal 0 0 -1
  outer loop
    vertex -50.00000000000003 -19.99999999999999 0
    vertex -53.04594663726038 -16.97082153067311 0
    vertex -49.99999999999982 -14.64101615137756 0
  endloop
endfacet
facet normal 0 -0 -1
  outer loop
    vertex -119.999999999999 -14.64101615137781 0
    vertex -116.9571738037381 -16.9854937220263 0
    vertex -120 -19.99999999999999 0
  endloop
endfacet
facet normal 0 0 -1
  outer loop
    vertex -15.00000000000003 -19.99999999999999 0
    vertex -18.04615419927643 -16.97057385056122 0
    vertex -14.99999999999973 -14.64101615137801 0
  endloop
endfacet
facet normal 0 0 -1
  outer loop
    vertex 14.99999999999997 -19.99999999999999 0
    vertex 11.95721250902283 -16.9858450070879 0
    vertex 15.00000000000026 -14.6410161513784 0
  endloop
endfacet
facet normal 0 0 -1
  outer loop
    vertex 44.99999999999997 -19.99999999999999 0
    vertex 41.95717380373841 -16.98549372202694 0
    vertex 45.00000000000026 -14.64101615137878 0
  endloop
endfacet
facet normal 0 0 -1
  outer loop
    vertex 52.58128109726397 -15.71611697650477 0
    vertex 49.62434715559299 -13.217586242674 0
    vertex 52.64201193095476 -10.57427295422567 0
  endloop
endfacet
facet normal 0 0 -1
  outer loop
    vertex 59.99999999999997 -19.99999999999999 0
    vertex 56.95224800963351 -16.98024395154112 0
    vertex 60.00000000000026 -14.64101615137896 0
  endloop
endfacet
facet normal 0 0 -1
  outer loop
    vertex 67.81224946324936 -15.31453700082683 0
    vertex 64.51353817142106 -13.20099529821234 0
    vertex 67.70073179780336 -10.12064050455016 0
  endloop
endfacet
facet normal 0 0 -1
  outer loop
    vertex 75.34407604451515 -10.99424602834113 0
    vertex 72.17228256063645 -8.790907613093941 0
    vertex 75.04064054863228 -5.944452673454141 0
  endloop
endfacet
facet normal 0 0 -1
  outer loop
    vertex 82.59214556527762 -7.078247935049109 0
    vertex 79.47774901785155 -4.681136367113075 0
    vertex 82.57965547531904 -1.847975886177183 0
  endloop
endfacet
facet normal 0 -0 -1
  outer loop
    vertex 125.0000000000006 -14.64101615137946 0
    vertex 128.0427072830476 -16.98531988869955 0
    vertex 125 -19.99999999999999 0
  endloop
endfacet
facet normal 0 0 -1
  outer loop
    vertex 90.21061653252721 -11.5379826560354 0
    vertex 87.04252002291554 -8.458325651611707 0
    vertex 90.34602542182937 -6.324578118376392 0
  endloop
endfacet
facet normal 0 -0 -1
  outer loop
    vertex 93.66313283838802 -9.422070155745232 0
    vertex 95.09353453484648 -12.86569763395659 0
    vertex 90.21061653252721 -11.5379826560354 0
  endloop
endfacet
facet normal 0 0 -1
  outer loop
    vertex -123.5754709106345 -16.41638697165277 0
    vertex -125.0546648894582 -13.06748544227904 0
    vertex -119.999999999999 -14.64101615137781 0
  endloop
endfacet
facet normal 0 -0 -1
  outer loop
    vertex 86.11849505407028 -5.2258713770343 0
    vertex 87.04252002291554 -8.458325651611707 0
    vertex 82.59214556527762 -7.078247935049109 0
  endloop
endfacet
facet normal 0 0 -1
  outer loop
    vertex 121.4245290893651 -16.41638697165309 0
    vertex 119.9476965255286 -13.07196098836352 0
    vertex 125.0000000000006 -14.64101615137946 0
  endloop
endfacet
facet normal 0 0 -1
  outer loop
    vertex 60.00000000000026 -14.64101615137896 0
    vertex 64.51353817142106 -13.20099529821234 0
    vertex 63.58178593889342 -16.40294066082342 0
  endloop
endfacet
facet normal 0 -0 -1
  outer loop
    vertex 56.08445497017042 -13.78166980277196 0
    vertex 56.95224800963351 -16.98024395154112 0
    vertex 52.58128109726397 -15.71611697650477 0
  endloop
endfacet
facet normal -0 0 -1
  outer loop
    vertex 132.388482334554 -15.73655973907677 0
    vertex 128.0427072830476 -16.98531988869955 0
    vertex 128.9104686467787 -13.79675860030816 0
  endloop
endfacet
facet normal 0 -0 -1
  outer loop
    vertex 41.08869896072257 -13.79797543360127 0
    vertex 41.95717380373841 -16.98549372202694 0
    vertex 37.61151766544617 -15.7365597390765 0
  endloop
endfacet
facet normal 0 0 -1
  outer loop
    vertex 45.00000000000026 -14.64101615137878 0
    vertex 49.62434715559299 -13.217586242674 0
    vertex 48.56495150988568 -16.43221033835096 0
  endloop
endfacet
facet normal 0 0 -1
  outer loop
    vertex 75.04064054863228 -5.944452673454141 0
    vertex 79.47774901785155 -4.681136367113075 0
    vertex 78.63180153573083 -7.950207418736486 0
  endloop
endfacet
facet normal 0 -0 -1
  outer loop
    vertex 11.08896989771348 -13.80043442902895 0
    vertex 11.95721250902283 -16.9858450070879 0
    vertex 7.611517665446197 -15.73655973907636 0
  endloop
endfacet
facet normal 0 0 -1
  outer loop
    vertex 67.70073179780336 -10.12064050455016 0
    vertex 72.17228256063645 -8.790907613093941 0
    vertex 71.1626919788788 -12.05779607112032 0
  endloop
endfacet
facet normal 0 0 -1
  outer loop
    vertex 15.00000000000026 -14.6410161513784 0
    vertex 20.05230350434113 -13.07196099802085 0
    vertex 18.57547091063509 -16.41638697165311 0
  endloop
endfacet
facet normal 0 -0 -1
  outer loop
    vertex -18.8230793949351 -13.76022309134158 0
    vertex -18.04615419927643 -16.97057385056122 0
    vertex -22.50000000000003 -15.6698729810778 0
  endloop
endfacet
facet normal 0 0 -1
  outer loop
    vertex -49.99999999999982 -14.64101615137756 0
    vertex -44.95809192515132 -13.06495317832262 0
    vertex -46.42452908936504 -16.41638697165294 0
  endloop
endfacet
facet normal 0 0 -1
  outer loop
    vertex -14.99999999999973 -14.64101615137801 0
    vertex -9.94769649564339 -13.06513951653767 0
    vertex -11.42452908936496 -16.41638697165305 0
  endloop
endfacet
facet normal 0 -0 -1
  outer loop
    vertex -68.90360904612066 -5.116235215494207 0
    vertex -67.4350586301419 -8.519459236617331 0
    vertex -72.50000000000027 -7.009618943233436 0
  endloop
endfacet
facet normal 0 -0 -1
  outer loop
    vertex -53.82162646082272 -13.76195685212586 0
    vertex -53.04594663726038 -16.97082153067311 0
    vertex -57.50000000000003 -15.6698729810778 0
  endloop
endfacet
facet normal 0 0 -1
  outer loop
    vertex -37.38848087789021 -10.22815777902983 0
    vertex -32.44238853100404 -8.735377878822554 0
    vertex -33.89888629781314 -12.15965939414788 0
  endloop
endfacet
facet normal 0 0 -1
  outer loop
    vertex -79.99999999999959 -5.980762113532875 0
    vertex -75.55064466371248 -4.666881000232695 0
    vertex -76.43416812130789 -7.882739402315854 0
  endloop
endfacet
facet normal -0 0 -1
  outer loop
    vertex -90.04360268774508 -11.38462113105393 0
    vertex -95.07731091581238 -12.86540111444914 0
    vertex -93.59349576652568 -9.466125616543842 0
  endloop
endfacet
facet normal -0 0 -1
  outer loop
    vertex -112.611517665446 -15.73655973907603 0
    vertex -116.9571738037381 -16.9854937220263 0
    vertex -116.0886989607218 -13.79797543360022 0
  endloop
endfacet
facet normal 0 0 -1
  outer loop
    vertex 145.8633686777115 -12.26551972642108 0
    vertex 141.9564424223562 -9.997066018683366 0
    vertex 145.2694925959285 -6.769038956920935 0
  endloop
endfacet
facet normal 0 0 -1
  outer loop
    vertex 150 -4.999999999999995 0
    vertex 146.6185719504998 -2.499999999999996 0
    vertex 150 3.552713678800501e-15 0
  endloop
endfacet
facet normal 0 0 -1
  outer loop
    vertex -150 10 0
    vertex -146.7165225649012 7.355845618346405 0
    vertex -150 5 0
  endloop
endfacet
facet normal 0 0 -1
  outer loop
    vertex 150 5.000000000000004 0
    vertex 146.6916737676803 7.366615711616865 0
    vertex 150 10 0
  endloop
endfacet
facet normal 0 0 -1
  outer loop
    vertex -150 0 0
    vertex -146.7290551234051 -2.499999999999999 0
    vertex -150 -4.999999999999998 0
  endloop
endfacet
facet normal 0 0 -1
  outer loop
    vertex -142.3228542329261 15.87454631487725 0
    vertex -146.3397459621554 16.33974596215544 0
    vertex -145 20 0
  endloop
endfacet
facet normal 0 -0 -1
  outer loop
    vertex 145 20 0
    vertex 146.3397459621557 16.33974596215576 0
    vertex 142.3466323712927 15.89360795345209 0
  endloop
endfacet
facet normal 0 0 -1
  outer loop
    vertex -145 -19.99999999999999 0
    vertex -146.3397459621555 -16.33974596215544 0
    vertex -142.3169125120864 -16.26641417961966 0
  endloop
endfacet
facet normal -0 0 -1
  outer loop
    vertex 150 -14.99999999999999 0
    vertex 146.3397459621556 -16.33974596215571 0
    vertex 145.8633686777115 -12.26551972642108 0
  endloop
endfacet
facet normal 0 0 -1
  outer loop
    vertex -127.6301039430203 -16.13312256329919 0
    vertex -123.5754709106345 -16.41638697165277 0
    vertex -125 -19.99999999999999 0
  endloop
endfacet
facet normal 0 0 -1
  outer loop
    vertex -64.77844919476128 -5.318772727112095 0
    vertex -68.90360904612066 -5.116235215494207 0
    vertex -67.30236591512565 -1.582539919050948 0
  endloop
endfacet
facet normal 0 0 -1
  outer loop
    vertex -52.49999999999976 -10.31088913245532 0
    vertex -53.82162646082272 -13.76195685212586 0
    vertex -56.43713146850364 -10.33037621377847 0
  endloop
endfacet
facet normal -0 0 -1
  outer loop
    vertex -52.49999999999976 -10.31088913245532 0
    vertex -56.43713146850364 -10.33037621377847 0
    vertex -54.78818888768582 -5.931448961281898 0
  endloop
endfacet
facet normal 0 0 -1
  outer loop
    vertex -49.99999999999982 -14.64101615137756 0
    vertex -53.82162646082272 -13.76195685212586 0
    vertex -52.49999999999976 -10.31088913245532 0
  endloop
endfacet
facet normal -0 0 -1
  outer loop
    vertex -17.49999999999968 -10.31088913245579 0
    vertex -21.44730200729071 -10.31823988828635 0
    vertex -19.81785447121327 -5.875600345630858 0
  endloop
endfacet
facet normal 0 0 -1
  outer loop
    vertex -17.49999999999968 -10.31088913245579 0
    vertex -18.8230793949351 -13.76022309134158 0
    vertex -21.44730200729071 -10.31823988828635 0
  endloop
endfacet
facet normal 0 0 -1
  outer loop
    vertex -14.99999999999973 -14.64101615137801 0
    vertex -18.8230793949351 -13.76022309134158 0
    vertex -17.49999999999968 -10.31088913245579 0
  endloop
endfacet
facet normal 0 0 -1
  outer loop
    vertex 15.00000000000026 -14.6410161513784 0
    vertex 11.08896989771348 -13.80043442902895 0
    vertex 12.70262835673957 -10.21220954295561 0
  endloop
endfacet
facet normal 0 0 -1
  outer loop
    vertex 117.3698960569796 -16.13312256329941 0
    vertex 121.4245290893651 -16.41638697165309 0
    vertex 120 -19.99999999999999 0
  endloop
endfacet
facet normal 0 0 -1
  outer loop
    vertex 90.34602542182937 -6.324578118376392 0
    vertex 86.11849505407028 -5.2258713770343 0
    vertex 87.69763408487441 -1.582539919052818 0
  endloop
endfacet
facet normal 0 0 -1
  outer loop
    vertex 45.00000000000026 -14.64101615137878 0
    vertex 41.08869896072257 -13.79797543360127 0
    vertex 42.68214552022901 -10.20572736732084 0
  endloop
endfacet
facet normal 0 0 -1
  outer loop
    vertex -45.00000000000003 -19.99999999999999 0
    vertex -46.42452908936504 -16.41638697165294 0
    vertex -42.36989605697946 -16.13312256329919 0
  endloop
endfacet
facet normal 0 0 -1
  outer loop
    vertex 60.00000000000026 -14.64101615137896 0
    vertex 56.08445497017042 -13.78166980277196 0
    vertex 57.68214552022901 -10.15873905109911 0
  endloop
endfacet
facet normal 0 0 -1
  outer loop
    vertex -32.31785447977132 -15.77503474621352 0
    vertex -33.89888629781314 -12.15965939414788 0
    vertex -29.90330070132386 -11.67730635046796 0
  endloop
endfacet
facet normal 0 0 -1
  outer loop
    vertex -10.00000000000003 -19.99999999999999 0
    vertex -11.42452908936496 -16.41638697165305 0
    vertex -7.369896056979483 -16.1331225632993 0
  endloop
endfacet
facet normal 0 0 -1
  outer loop
    vertex -74.81785447977144 -11.49189604351324 0
    vertex -76.43416812130789 -7.882739402315854 0
    vertex -72.50000000000027 -7.009618943233436 0
  endloop
endfacet
facet normal 0 0 -1
  outer loop
    vertex 97.63025718907852 -9.847590000333962 0
    vertex 93.66313283838802 -9.422070155745232 0
    vertex 95.26928448253602 -5.85317788604153 0
  endloop
endfacet
facet normal 0 0 -1
  outer loop
    vertex 19.99999999999997 -19.99999999999999 0
    vertex 18.57547091063509 -16.41638697165311 0
    vertex 22.63010394302052 -16.13312256329935 0
  endloop
endfacet
facet normal 0 -0 -1
  outer loop
    vertex -95.21710542328466 -5.835775201350517 0
    vertex -93.59349576652568 -9.466125616543842 0
    vertex -97.63010394301995 -9.847639550233744 0
  endloop
endfacet
facet normal 0 0 -1
  outer loop
    vertex 49.99999999999997 -19.99999999999999 0
    vertex 48.56495150988568 -16.43221033835096 0
    vertex 52.58128109726397 -15.71611697650477 0
  endloop
endfacet
facet normal 0 0 -1
  outer loop
    vertex 64.99999999999997 -19.99999999999999 0
    vertex 63.58178593889342 -16.40294066082342 0
    vertex 67.81224946324936 -15.31453700082683 0
  endloop
endfacet
facet normal 0 0 -1
  outer loop
    vertex 72.79153310485614 -15.65822876053597 0
    vertex 71.1626919788788 -12.05779607112032 0
    vertex 75.34407604451515 -10.99424602834113 0
  endloop
endfacet
facet normal 0 0 -1
  outer loop
    vertex 80.18214552022867 -11.44490772729137 0
    vertex 78.63180153573083 -7.950207418736486 0
    vertex 82.59214556527762 -7.078247935049109 0
  endloop
endfacet
facet normal 0 -0 -1
  outer loop
    vertex -117.682145520228 -10.20572736731975 0
    vertex -116.0886989607218 -13.79797543360022 0
    vertex -119.999999999999 -14.64101615137781 0
  endloop
endfacet
facet normal 0 -0 -1
  outer loop
    vertex 127.2968103227859 -10.2085336705741 0
    vertex 128.9104686467787 -13.79675860030816 0
    vertex 125.0000000000006 -14.64101615137946 0
  endloop
endfacet
facet normal 0 0 -1
  outer loop
    vertex -145.1155866855038 -12.42426645440855 0
    vertex -146.3397459621555 -16.33974596215544 0
    vertex -150 -14.99999999999999 0
  endloop
endfacet
facet normal 0 0 -1
  outer loop
    vertex 145.4715137627961 12.04087190471271 0
    vertex 146.3397459621557 16.33974596215576 0
    vertex 150 15 0
  endloop
endfacet
facet normal 0 0 -1
  outer loop
    vertex 142.5 -15.6698729810778 0
    vertex 146.3397459621556 -16.33974596215571 0
    vertex 145 -19.99999999999999 0
  endloop
endfacet
facet normal 0 0 -1
  outer loop
    vertex -150 15 0
    vertex -146.3397459621554 16.33974596215544 0
    vertex -145.4715137627959 12.04087190471287 0
  endloop
endfacet
facet normal 0 -0 -1
  outer loop
    vertex 137.4669850844686 -10.09475083419699 0
    vertex 139.4555660669371 -12.98106573914665 0
    vertex 135.2459581097108 -13.00883596579649 0
  endloop
endfacet
facet normal 0 0 -1
  outer loop
    vertex 115 -12.99038105676772 0
    vertex 119.9476965255286 -13.07196098836352 0
    vertex 117.3698960569796 -16.13312256329941 0
  endloop
endfacet
facet normal 0 0 -1
  outer loop
    vertex -130.0227543408948 -13.06274106943574 0
    vertex -125.0546648894582 -13.06748544227904 0
    vertex -127.6301039430203 -16.13312256329919 0
  endloop
endfacet
facet normal 0 0 -1
  outer loop
    vertex -62.74874704577113 -8.651756448671374 0
    vertex -67.4350586301419 -8.519459236617331 0
    vertex -64.77844919476128 -5.318772727112095 0
  endloop
endfacet
facet normal 0 0 -1
  outer loop
    vertex 100.0000000000003 -12.9903810567676 0
    vertex 95.09353453484648 -12.86569763395659 0
    vertex 97.63025718907852 -9.847590000333962 0
  endloop
endfacet
facet normal 0 0 -1
  outer loop
    vertex -42.36989605697946 -16.13312256329919 0
    vertex -44.95809192515132 -13.06495317832262 0
    vertex -40.23967155480668 -12.98610577923389 0
  endloop
endfacet
facet normal 0 0 -1
  outer loop
    vertex -29.90330070132386 -11.67730635046796 0
    vertex -32.44238853100404 -8.735377878822554 0
    vertex -27.49999999999965 -8.660254037844361 0
  endloop
endfacet
facet normal 0 -0 -1
  outer loop
    vertex -97.63010394301995 -9.847639550233744 0
    vertex -95.07731091581238 -12.86540111444914 0
    vertex -100.0056445206432 -12.97888094946033 0
  endloop
endfacet
facet normal 0 0 -1
  outer loop
    vertex -7.369896056979483 -16.1331225632993 0
    vertex -9.94769649564339 -13.06513951653767 0
    vertex -5.000000000000028 -12.99038105676702 0
  endloop
endfacet
facet normal 0 0 -1
  outer loop
    vertex 22.63010394302052 -16.13312256329935 0
    vertex 20.05230350434113 -13.07196099802085 0
    vertex 24.99999999999998 -12.99038105676723 0
  endloop
endfacet
facet normal 0 0 -1
  outer loop
    vertex 105.0000000000003 -12.99038105676755 0
    vertex 110.0000000000002 -12.9903810567676 0
    vertex 107.5 -15.6698729810778 0
  endloop
endfacet
facet normal 0 -0 -1
  outer loop
    vertex 107.5000000000006 -10.31088913245739 0
    vertex 110.0000000000002 -12.9903810567676 0
    vertex 105.0000000000003 -12.99038105676755 0
  endloop
endfacet
facet normal 0 0 -1
  outer loop
    vertex -102.4999999999992 -10.31088913245529 0
    vertex -105 -12.99038105676683 0
    vertex -107.4999999999995 -10.31088913245537 0
  endloop
endfacet
facet normal 0 -0 -1
  outer loop
    vertex -2.499999999991781 -10.15970611791332 0
    vertex 0.0008063600933634341 -12.98953685509759 0
    vertex -5.000000000000028 -12.99038105676702 0
  endloop
endfacet
facet normal 0 0 -1
  outer loop
    vertex -5.000000000000028 -12.99038105676702 0
    vertex 0.0008063600933634341 -12.98953685509759 0
    vertex -2.500000000000028 -15.6698729810778 0
  endloop
endfacet
facet normal 0 0 -1
  outer loop
    vertex 24.99999999999998 -12.99038105676723 0
    vertex 30.00000000000028 -12.99038105676694 0
    vertex 27.49999999999997 -15.66987298107781 0
  endloop
endfacet
facet normal 0 -0 -1
  outer loop
    vertex 27.50000000000033 -10.31088913245636 0
    vertex 30.00000000000028 -12.99038105676694 0
    vertex 24.99999999999998 -12.99038105676723 0
  endloop
endfacet
facet normal 0 -0 -1
  outer loop
    vertex -102.4999999999992 -10.31088913245529 0
    vertex -100.0056445206432 -12.97888094946033 0
    vertex -105 -12.99038105676683 0
  endloop
endfacet
facet normal 0 0 -1
  outer loop
    vertex -130.0227543408948 -13.06274106943574 0
    vertex -134.9897965980854 -13.02346031404527 0
    vertex -132.4999999999996 -10.31088913245591 0
  endloop
endfacet
facet normal 0 0 -1
  outer loop
    vertex -132.5051050475335 -15.83972058567436 0
    vertex -134.9897965980854 -13.02346031404527 0
    vertex -130.0227543408948 -13.06274106943574 0
  endloop
endfacet
facet normal 0 0 -1
  outer loop
    vertex -105 -12.99038105676683 0
    vertex -100.0056445206432 -12.97888094946033 0
    vertex -102.5 -15.6698729810778 0
  endloop
endfacet
facet normal -0 0 -1
  outer loop
    vertex 107.5000000000006 -10.31088913245739 0
    vertex 105.0000000000003 -12.99038105676755 0
    vertex 102.5000000000003 -10.31088913245735 0
  endloop
endfacet
facet normal 0 0 -1
  outer loop
    vertex -65.00000000000014 -11.49697838163044 0
    vertex -62.74874704577113 -8.651756448671374 0
    vertex -60.16950953069157 -11.30266890516185 0
  endloop
endfacet
facet normal -0 0 -1
  outer loop
    vertex -59.82997452971857 -6.318430155260492 0
    vertex -62.74874704577113 -8.651756448671374 0
    vertex -64.77844919476128 -5.318772727112095 0
  endloop
endfacet
facet normal 0 0 -1
  outer loop
    vertex -90.04360268774508 -11.38462113105393 0
    vertex -87.24610881731851 -8.67426767116549 0
    vertex -85.00000000000011 -11.33974596215563 0
  endloop
endfacet
facet normal 0 0 -1
  outer loop
    vertex -29.90330070132386 -11.67730635046796 0
    vertex -27.49999999999965 -8.660254037844361 0
    vertex -25.16819247587475 -11.29547091205725 0
  endloop
endfacet
facet normal 0 0 -1
  outer loop
    vertex -42.36989605697946 -16.13312256329919 0
    vertex -40.23967155480668 -12.98610577923389 0
    vertex -37.34524064217026 -15.40541398421396 0
  endloop
endfacet
facet normal 0 0 -1
  outer loop
    vertex -112.611517665446 -15.73655973907603 0
    vertex -109.9999999999995 -12.99038105676629 0
    vertex -107.5048381605515 -15.81599078560451 0
  endloop
endfacet
facet normal 0 0 -1
  outer loop
    vertex -107.5048381605515 -15.81599078560451 0
    vertex -105 -12.99038105676683 0
    vertex -102.5 -15.6698729810778 0
  endloop
endfacet
facet normal 0 0 -1
  outer loop
    vertex -97.63010394301995 -9.847639550233744 0
    vertex -100.0056445206432 -12.97888094946033 0
    vertex -102.4999999999992 -10.31088913245529 0
  endloop
endfacet
facet normal 0 0 -1
  outer loop
    vertex -102.5 -15.6698729810778 0
    vertex -100.0056445206432 -12.97888094946033 0
    vertex -97.50000000000001 -15.82710540055274 0
  endloop
endfacet
facet normal 0 0 -1
  outer loop
    vertex -85.00000000000011 -11.33974596215563 0
    vertex -82.50000000000013 -8.660254037844457 0
    vertex -79.90706861212828 -11.12653691828974 0
  endloop
endfacet
facet normal -0 0 -1
  outer loop
    vertex -2.499999999991781 -10.15970611791332 0
    vertex -5.000000000000028 -12.99038105676702 0
    vertex -7.499999999963802 -10.15365671296935 0
  endloop
endfacet
facet normal 0 0 -1
  outer loop
    vertex -2.500000000000028 -15.6698729810778 0
    vertex 0.0008063600933634341 -12.98953685509759 0
    vertex 2.504838160551428 -15.8159907856046 0
  endloop
endfacet
facet normal 0 0 -1
  outer loop
    vertex 0.0008063600933634341 -12.98953685509759 0
    vertex 5.000000000000276 -12.99038105676679 0
    vertex 2.504838160551428 -15.8159907856046 0
  endloop
endfacet
facet normal 0 0 -1
  outer loop
    vertex 2.504838160551428 -15.8159907856046 0
    vertex 5.000000000000276 -12.99038105676679 0
    vertex 7.611517665446197 -15.73655973907636 0
  endloop
endfacet
facet normal 0 0 -1
  outer loop
    vertex -132.5051050475335 -15.83972058567436 0
    vertex -130.0227543408948 -13.06274106943574 0
    vertex -127.6301039430203 -16.13312256329919 0
  endloop
endfacet
facet normal -0 0 -1
  outer loop
    vertex -24.88705852682001 -6.279531629880235 0
    vertex -27.49999999999965 -8.660254037844361 0
    vertex -29.99999999999963 -5.980762113533434 0
  endloop
endfacet
facet normal -0 0 -1
  outer loop
    vertex -37.38848087789021 -10.22815777902983 0
    vertex -40.23967155480668 -12.98610577923389 0
    vertex -42.49999364769142 -10.15365465905331 0
  endloop
endfacet
facet normal 0 0 -1
  outer loop
    vertex -84.99999999999947 -5.980762113532776 0
    vertex -87.24610881731851 -8.67426767116549 0
    vertex -90.07965547531816 -6.205060813474345 0
  endloop
endfacet
facet normal 0 0 -1
  outer loop
    vertex -137.4875653606079 -15.82027255654254 0
    vertex -134.9897965980854 -13.02346031404527 0
    vertex -132.5051050475335 -15.83972058567436 0
  endloop
endfacet
facet normal 0 0 -1
  outer loop
    vertex 27.49999999999997 -15.66987298107781 0
    vertex 30.00000000000028 -12.99038105676694 0
    vertex 32.50483816055141 -15.81599078560463 0
  endloop
endfacet
facet normal -0 0 -1
  outer loop
    vertex 27.50000000000033 -10.31088913245636 0
    vertex 24.99999999999998 -12.99038105676723 0
    vertex 22.50000000000033 -10.31088913245631 0
  endloop
endfacet
facet normal -0 0 -1
  outer loop
    vertex 37.6414832966377 -10.62098129123798 0
    vertex 34.99999999999998 -12.99038105676728 0
    vertex 32.50000000000032 -10.31088913245641 0
  endloop
endfacet
facet normal 0 0 -1
  outer loop
    vertex -7.369896056979483 -16.1331225632993 0
    vertex -5.000000000000028 -12.99038105676702 0
    vertex -2.500000000000028 -15.6698729810778 0
  endloop
endfacet
facet normal -0 0 -1
  outer loop
    vertex -79.99999999999959 -5.980762113532875 0
    vertex -82.50000000000013 -8.660254037844457 0
    vertex -84.99999999999947 -5.980762113532776 0
  endloop
endfacet
facet normal 0 0 -1
  outer loop
    vertex 107.5 -15.6698729810778 0
    vertex 110.0000000000002 -12.9903810567676 0
    vertex 112.5 -15.66987298107775 0
  endloop
endfacet
facet normal -0 0 -1
  outer loop
    vertex 2.500000000000314 -10.31088913245604 0
    vertex 0.0008063600933634341 -12.98953685509759 0
    vertex -2.499999999991781 -10.15970611791332 0
  endloop
endfacet
facet normal -0 0 -1
  outer loop
    vertex 7.622897019063675 -10.63171208359831 0
    vertex 5.000000000000276 -12.99038105676679 0
    vertex 2.500000000000314 -10.31088913245604 0
  endloop
endfacet
facet normal 0 -0 -1
  outer loop
    vertex 2.500000000000314 -10.31088913245604 0
    vertex 5.000000000000276 -12.99038105676679 0
    vertex 0.0008063600933634341 -12.98953685509759 0
  endloop
endfacet
facet normal -0 0 -1
  outer loop
    vertex -132.4999999999996 -10.31088913245591 0
    vertex -134.9897965980854 -13.02346031404527 0
    vertex -137.4647777752254 -10.09293843555164 0
  endloop
endfacet
facet normal 0 0 -1
  outer loop
    vertex 32.50483816055141 -15.81599078560463 0
    vertex 34.99999999999998 -12.99038105676728 0
    vertex 37.61151766544617 -15.7365597390765 0
  endloop
endfacet
facet normal 0 0 -1
  outer loop
    vertex 97.49999999999997 -15.6698729810778 0
    vertex 100.0000000000003 -12.9903810567676 0
    vertex 102.5 -15.66987298107792 0
  endloop
endfacet
facet normal 0 0 -1
  outer loop
    vertex 22.63010394302052 -16.13312256329935 0
    vertex 24.99999999999998 -12.99038105676723 0
    vertex 27.49999999999997 -15.66987298107781 0
  endloop
endfacet
facet normal -0 0 -1
  outer loop
    vertex 102.5000000000003 -10.31088913245735 0
    vertex 100.0000000000003 -12.9903810567676 0
    vertex 97.63025718907852 -9.847590000333962 0
  endloop
endfacet
facet normal -0 0 -1
  outer loop
    vertex 32.50000000000032 -10.31088913245641 0
    vertex 30.00000000000028 -12.99038105676694 0
    vertex 27.50000000000033 -10.31088913245636 0
  endloop
endfacet
facet normal 0 0 -1
  outer loop
    vertex -107.4999999999995 -10.31088913245537 0
    vertex -109.9999999999995 -12.99038105676629 0
    vertex -112.6414832966369 -10.62098129123691 0
  endloop
endfacet
facet normal 0 0 -1
  outer loop
    vertex -127.5013170548164 -10.15289631102806 0
    vertex -130.0227543408948 -13.06274106943574 0
    vertex -132.4999999999996 -10.31088913245591 0
  endloop
endfacet
facet normal 0 0 -1
  outer loop
    vertex 137.4669850844686 -10.09475083419699 0
    vertex 135.2459581097108 -13.00883596579649 0
    vertex 132.3737341128547 -10.60965715493107 0
  endloop
endfacet
facet normal 0 0 -1
  outer loop
    vertex 112.5 -15.66987298107775 0
    vertex 115 -12.99038105676772 0
    vertex 117.3698960569796 -16.13312256329941 0
  endloop
endfacet
facet normal 0 0 -1
  outer loop
    vertex 132.388482334554 -15.73655973907677 0
    vertex 135.2459581097108 -13.00883596579649 0
    vertex 137.4951618394486 -15.81844602834803 0
  endloop
endfacet
facet normal -0 0 -1
  outer loop
    vertex 117.5000000000005 -10.31088913245759 0
    vertex 115 -12.99038105676772 0
    vertex 112.5000000000005 -10.31088913245741 0
  endloop
endfacet
facet normal 0 0 -1
  outer loop
    vertex 102.5 -15.66987298107792 0
    vertex 105.0000000000003 -12.99038105676755 0
    vertex 107.5 -15.6698729810778 0
  endloop
endfacet
facet normal -0 0 -1
  outer loop
    vertex 112.5000000000005 -10.31088913245741 0
    vertex 110.0000000000002 -12.9903810567676 0
    vertex 107.5000000000006 -10.31088913245739 0
  endloop
endfacet
facet normal 0 -0 -1
  outer loop
    vertex 32.50000000000032 -10.31088913245641 0
    vertex 34.99999999999998 -12.99038105676728 0
    vertex 30.00000000000028 -12.99038105676694 0
  endloop
endfacet
facet normal 0 0 -1
  outer loop
    vertex 30.00000000000028 -12.99038105676694 0
    vertex 34.99999999999998 -12.99038105676728 0
    vertex 32.50483816055141 -15.81599078560463 0
  endloop
endfacet
facet normal 0 0 -1
  outer loop
    vertex -105 -12.99038105676683 0
    vertex -109.9999999999995 -12.99038105676629 0
    vertex -107.4999999999995 -10.31088913245537 0
  endloop
endfacet
facet normal 0 0 -1
  outer loop
    vertex -107.5048381605515 -15.81599078560451 0
    vertex -109.9999999999995 -12.99038105676629 0
    vertex -105 -12.99038105676683 0
  endloop
endfacet
facet normal 0 -0 -1
  outer loop
    vertex 102.5000000000003 -10.31088913245735 0
    vertex 105.0000000000003 -12.99038105676755 0
    vertex 100.0000000000003 -12.9903810567676 0
  endloop
endfacet
facet normal 0 0 -1
  outer loop
    vertex 100.0000000000003 -12.9903810567676 0
    vertex 105.0000000000003 -12.99038105676755 0
    vertex 102.5 -15.66987298107792 0
  endloop
endfacet
facet normal 0 0 -1
  outer loop
    vertex 112.5 -15.66987298107775 0
    vertex 110.0000000000002 -12.9903810567676 0
    vertex 115 -12.99038105676772 0
  endloop
endfacet
facet normal 0 0 -1
  outer loop
    vertex 115 -12.99038105676772 0
    vertex 110.0000000000002 -12.9903810567676 0
    vertex 112.5000000000005 -10.31088913245741 0
  endloop
endfacet
facet normal 0 0 -1
  outer loop
    vertex -85.00000000000011 -11.33974596215563 0
    vertex -87.24610881731851 -8.67426767116549 0
    vertex -82.50000000000013 -8.660254037844457 0
  endloop
endfacet
facet normal -0 0 -1
  outer loop
    vertex -82.50000000000013 -8.660254037844457 0
    vertex -87.24610881731851 -8.67426767116549 0
    vertex -84.99999999999947 -5.980762113532776 0
  endloop
endfacet
facet normal 0 -0 -1
  outer loop
    vertex 117.5000000000005 -10.31088913245759 0
    vertex 119.9476965255286 -13.07196098836352 0
    vertex 115 -12.99038105676772 0
  endloop
endfacet
facet normal 0 -0 -1
  outer loop
    vertex -127.5013170548164 -10.15289631102806 0
    vertex -125.0546648894582 -13.06748544227904 0
    vertex -130.0227543408948 -13.06274106943574 0
  endloop
endfacet
facet normal 0 0 -1
  outer loop
    vertex -65.00000000000014 -11.49697838163044 0
    vertex -67.4350586301419 -8.519459236617331 0
    vertex -62.74874704577113 -8.651756448671374 0
  endloop
endfacet
facet normal 0 0 -1
  outer loop
    vertex 97.49999999999997 -15.6698729810778 0
    vertex 95.09353453484648 -12.86569763395659 0
    vertex 100.0000000000003 -12.9903810567676 0
  endloop
endfacet
facet normal -0 0 -1
  outer loop
    vertex -40.23967155480668 -12.98610577923389 0
    vertex -44.95809192515132 -13.06495317832262 0
    vertex -42.49999364769142 -10.15365465905331 0
  endloop
endfacet
facet normal -0 0 -1
  outer loop
    vertex -27.49999999999965 -8.660254037844361 0
    vertex -32.44238853100404 -8.735377878822554 0
    vertex -29.99999999999963 -5.980762113533434 0
  endloop
endfacet
facet normal 0 0 -1
  outer loop
    vertex -100.0056445206432 -12.97888094946033 0
    vertex -95.07731091581238 -12.86540111444914 0
    vertex -97.50000000000001 -15.82710540055274 0
  endloop
endfacet
facet normal -0 0 -1
  outer loop
    vertex -5.000000000000028 -12.99038105676702 0
    vertex -9.94769649564339 -13.06513951653767 0
    vertex -7.499999999963802 -10.15365671296935 0
  endloop
endfacet
facet normal -0 0 -1
  outer loop
    vertex 24.99999999999998 -12.99038105676723 0
    vertex 20.05230350434113 -13.07196099802085 0
    vertex 22.50000000000033 -10.31088913245631 0
  endloop
endfacet
facet normal 0 0 -1
  outer loop
    vertex 135.2459581097108 -13.00883596579649 0
    vertex 139.4555660669371 -12.98106573914665 0
    vertex 137.4951618394486 -15.81844602834803 0
  endloop
endfacet
facet normal 0 0 -1
  outer loop
    vertex -122.5303575867041 -10.01143227426846 0
    vertex -125.0546648894582 -13.06748544227904 0
    vertex -127.5013170548164 -10.15289631102806 0
  endloop
endfacet
facet normal -0 0 -1
  outer loop
    vertex -42.49999364769142 -10.15365465905331 0
    vertex -44.95809192515132 -13.06495317832262 0
    vertex -47.49994528912951 -10.02894154515367 0
  endloop
endfacet
facet normal -0 0 -1
  outer loop
    vertex -72.42034452468097 -1.847975886175478 0
    vertex -75.55064466371248 -4.666881000232695 0
    vertex -77.49999999999955 -1.368705197279517 0
  endloop
endfacet
facet normal 0 0 -1
  outer loop
    vertex -120 -19.99999999999999 0
    vertex -116.9571738037381 -16.9854937220263 0
    vertex -115 -19.99999999999999 0
  endloop
endfacet
facet normal 0 0 -1
  outer loop
    vertex -97.50000000000001 -15.82710540055274 0
    vertex -95.07731091581238 -12.86540111444914 0
    vertex -92.50000000000006 -15.951802878409 0
  endloop
endfacet
facet normal 0 0 -1
  outer loop
    vertex -55.00000000000003 -19.99999999999999 0
    vertex -53.04594663726038 -16.97082153067311 0
    vertex -50.00000000000003 -19.99999999999999 0
  endloop
endfacet
facet normal -0 0 -1
  outer loop
    vertex -7.499999999963802 -10.15365671296935 0
    vertex -9.94769649564339 -13.06513951653767 0
    vertex -12.49999999967865 -10.02895923502077 0
  endloop
endfacet
facet normal -0 0 -1
  outer loop
    vertex 22.50000000000033 -10.31088913245631 0
    vertex 20.05230350434113 -13.07196099802085 0
    vertex 17.50000000000033 -10.02895923512492 0
  endloop
endfacet
facet normal -0 0 -1
  outer loop
    vertex -29.99999999999963 -5.980762113533434 0
    vertex -32.44238853100404 -8.735377878822554 0
    vertex -34.98141080721 -5.685042793203554 0
  endloop
endfacet
facet normal 0 0 -1
  outer loop
    vertex -70.00000000000014 -11.62167585948684 0
    vertex -67.4350586301419 -8.519459236617331 0
    vertex -65.00000000000014 -11.49697838163044 0
  endloop
endfacet
facet normal 0 0 -1
  outer loop
    vertex -20.00000000000003 -19.99999999999999 0
    vertex -18.04615419927643 -16.97057385056122 0
    vertex -15.00000000000003 -19.99999999999999 0
  endloop
endfacet
facet normal 0 0 -1
  outer loop
    vertex 9.999999999999972 -19.99999999999999 0
    vertex 11.95721250902283 -16.9858450070879 0
    vertex 14.99999999999997 -19.99999999999999 0
  endloop
endfacet
facet normal -0 0 -1
  outer loop
    vertex 52.64201193095476 -10.57427295422567 0
    vertex 49.62434715559299 -13.217586242674 0
    vertex 47.5303575867051 -10.01143227426931 0
  endloop
endfacet
facet normal 0 0 -1
  outer loop
    vertex 122.5000006884673 -10.02895901252007 0
    vertex 119.9476965255286 -13.07196098836352 0
    vertex 117.5000000000005 -10.31088913245759 0
  endloop
endfacet
facet normal 0 0 -1
  outer loop
    vertex 39.99999999999997 -19.99999999999999 0
    vertex 41.95717380373841 -16.98549372202694 0
    vertex 44.99999999999997 -19.99999999999999 0
  endloop
endfacet
facet normal -0 0 -1
  outer loop
    vertex 82.57965547531904 -1.847975886177183 0
    vertex 79.47774901785155 -4.681136367113075 0
    vertex 77.50000000000041 -1.368705197281251 0
  endloop
endfacet
facet normal -0 0 -1
  outer loop
    vertex 67.70073179780336 -10.12064050455016 0
    vertex 64.51353817142106 -13.20099529821234 0
    vertex 62.50000000000032 -10.02895923512542 0
  endloop
endfacet
facet normal 0 0 -1
  outer loop
    vertex 54.99999999999997 -19.99999999999999 0
    vertex 56.95224800963351 -16.98024395154112 0
    vertex 59.99999999999997 -19.99999999999999 0
  endloop
endfacet
facet normal 0 0 -1
  outer loop
    vertex 125 -19.99999999999999 0
    vertex 128.0427072830476 -16.98531988869955 0
    vertex 130 -19.99999999999999 0
  endloop
endfacet
facet normal -0 0 -1
  outer loop
    vertex 75.04064054863228 -5.944452673454141 0
    vertex 72.17228256063645 -8.790907613093941 0
    vertex 70.04022872440618 -5.661072538205426 0
  endloop
endfacet
facet normal 0 0 -1
  outer loop
    vertex 85.0303575867047 -11.63920282034292 0
    vertex 87.04252002291554 -8.458325651611707 0
    vertex 90.21061653252721 -11.5379826560354 0
  endloop
endfacet
facet normal 0 0 -1
  outer loop
    vertex 92.53594602171853 -15.99316057344991 0
    vertex 95.09353453484648 -12.86569763395659 0
    vertex 97.49999999999997 -15.6698729810778 0
  endloop
endfacet
facet normal 0 0 -1
  outer loop
    vertex 137.4951618394486 -15.81844602834803 0
    vertex 139.4555660669371 -12.98106573914665 0
    vertex 142.5 -15.6698729810778 0
  endloop
endfacet
facet normal 0 0 -1
  outer loop
    vertex 142.3466323712927 15.89360795345209 0
    vertex 146.3397459621557 16.33974596215576 0
    vertex 145.4715137627961 12.04087190471271 0
  endloop
endfacet
facet normal 0 -0 -1
  outer loop
    vertex 145.8633686777115 -12.26551972642108 0
    vertex 146.3397459621556 -16.33974596215571 0
    vertex 142.5 -15.6698729810778 0
  endloop
endfacet
facet normal -0 0 -1
  outer loop
    vertex -142.3169125120864 -16.26641417961966 0
    vertex -146.3397459621555 -16.33974596215544 0
    vertex -145.1155866855038 -12.42426645440855 0
  endloop
endfacet
facet normal 0 0 -1
  outer loop
    vertex -145.4715137627959 12.04087190471287 0
    vertex -146.3397459621554 16.33974596215544 0
    vertex -142.3228542329261 15.87454631487725 0
  endloop
endfacet
facet normal 0 0 -1
  outer loop
    vertex -134.9897965980854 -13.02346031404527 0
    vertex -139.9585770642512 -13.01420010461146 0
    vertex -137.4647777752254 -10.09293843555164 0
  endloop
endfacet
facet normal 0 0 -1
  outer loop
    vertex -137.4875653606079 -15.82027255654254 0
    vertex -139.9585770642512 -13.01420010461146 0
    vertex -134.9897965980854 -13.02346031404527 0
  endloop
endfacet
facet normal 0 0 -1
  outer loop
    vertex -142.3169125120864 -16.26641417961966 0
    vertex -139.9585770642512 -13.01420010461146 0
    vertex -137.4875653606079 -15.82027255654254 0
  endloop
endfacet
facet normal 0 0 -1
  outer loop
    vertex 141.9564424223562 -9.997066018683366 0
    vertex 139.4555660669371 -12.98106573914665 0
    vertex 137.4669850844686 -10.09475083419699 0
  endloop
endfacet
facet normal -0 0 -1
  outer loop
    vertex -137.4647777752254 -10.09293843555164 0
    vertex -139.9585770642512 -13.01420010461146 0
    vertex -141.5666783196835 -9.663330484711029 0
  endloop
endfacet
facet normal -0 0 -1
  outer loop
    vertex -64.77844919476128 -5.318772727112095 0
    vertex -67.4350586301419 -8.519459236617331 0
    vertex -68.90360904612066 -5.116235215494207 0
  endloop
endfacet
facet normal 0 0 -1
  outer loop
    vertex -127.6301039430203 -16.13312256329919 0
    vertex -125.0546648894582 -13.06748544227904 0
    vertex -123.5754709106345 -16.41638697165277 0
  endloop
endfacet
facet normal -0 0 -1
  outer loop
    vertex -49.99999999999982 -14.64101615137756 0
    vertex -53.04594663726038 -16.97082153067311 0
    vertex -53.82162646082272 -13.76195685212586 0
  endloop
endfacet
facet normal -0 0 -1
  outer loop
    vertex -14.99999999999973 -14.64101615137801 0
    vertex -18.04615419927643 -16.97057385056122 0
    vertex -18.8230793949351 -13.76022309134158 0
  endloop
endfacet
facet normal 0 0 -1
  outer loop
    vertex -46.42452908936504 -16.41638697165294 0
    vertex -44.95809192515132 -13.06495317832262 0
    vertex -42.36989605697946 -16.13312256329919 0
  endloop
endfacet
facet normal -0 0 -1
  outer loop
    vertex 15.00000000000026 -14.6410161513784 0
    vertex 11.95721250902283 -16.9858450070879 0
    vertex 11.08896989771348 -13.80043442902895 0
  endloop
endfacet
facet normal 0 0 -1
  outer loop
    vertex -76.43416812130789 -7.882739402315854 0
    vertex -75.55064466371248 -4.666881000232695 0
    vertex -72.50000000000027 -7.009618943233436 0
  endloop
endfacet
facet normal 0 0 -1
  outer loop
    vertex -33.89888629781314 -12.15965939414788 0
    vertex -32.44238853100404 -8.735377878822554 0
    vertex -29.90330070132386 -11.67730635046796 0
  endloop
endfacet
facet normal 0 0 -1
  outer loop
    vertex -93.59349576652568 -9.466125616543842 0
    vertex -95.07731091581238 -12.86540111444914 0
    vertex -97.63010394301995 -9.847639550233744 0
  endloop
endfacet
facet normal -0 0 -1
  outer loop
    vertex 45.00000000000026 -14.64101615137878 0
    vertex 41.95717380373841 -16.98549372202694 0
    vertex 41.08869896072257 -13.79797543360127 0
  endloop
endfacet
facet normal 0 0 -1
  outer loop
    vertex -11.42452908936496 -16.41638697165305 0
    vertex -9.94769649564339 -13.06513951653767 0
    vertex -7.369896056979483 -16.1331225632993 0
  endloop
endfacet
facet normal -0 0 -1
  outer loop
    vertex 60.00000000000026 -14.64101615137896 0
    vertex 56.95224800963351 -16.98024395154112 0
    vertex 56.08445497017042 -13.78166980277196 0
  endloop
endfacet
facet normal 0 0 -1
  outer loop
    vertex 117.3698960569796 -16.13312256329941 0
    vertex 119.9476965255286 -13.07196098836352 0
    vertex 121.4245290893651 -16.41638697165309 0
  endloop
endfacet
facet normal -0 0 -1
  outer loop
    vertex 90.34602542182937 -6.324578118376392 0
    vertex 87.04252002291554 -8.458325651611707 0
    vertex 86.11849505407028 -5.2258713770343 0
  endloop
endfacet
facet normal 0 0 -1
  outer loop
    vertex 18.57547091063509 -16.41638697165311 0
    vertex 20.05230350434113 -13.07196099802085 0
    vertex 22.63010394302052 -16.13312256329935 0
  endloop
endfacet
facet normal 0 0 -1
  outer loop
    vertex -116.0886989607218 -13.79797543360022 0
    vertex -116.9571738037381 -16.9854937220263 0
    vertex -119.999999999999 -14.64101615137781 0
  endloop
endfacet
facet normal -0 0 -1
  outer loop
    vertex 97.63025718907852 -9.847590000333962 0
    vertex 95.09353453484648 -12.86569763395659 0
    vertex 93.66313283838802 -9.422070155745232 0
  endloop
endfacet
facet normal 0 0 -1
  outer loop
    vertex 48.56495150988568 -16.43221033835096 0
    vertex 49.62434715559299 -13.217586242674 0
    vertex 52.58128109726397 -15.71611697650477 0
  endloop
endfacet
facet normal 0 0 -1
  outer loop
    vertex 63.58178593889342 -16.40294066082342 0
    vertex 64.51353817142106 -13.20099529821234 0
    vertex 67.81224946324936 -15.31453700082683 0
  endloop
endfacet
facet normal 0 0 -1
  outer loop
    vertex 71.1626919788788 -12.05779607112032 0
    vertex 72.17228256063645 -8.790907613093941 0
    vertex 75.34407604451515 -10.99424602834113 0
  endloop
endfacet
facet normal 0 0 -1
  outer loop
    vertex 78.63180153573083 -7.950207418736486 0
    vertex 79.47774901785155 -4.681136367113075 0
    vertex 82.59214556527762 -7.078247935049109 0
  endloop
endfacet
facet normal 0 0 -1
  outer loop
    vertex 128.9104686467787 -13.79675860030816 0
    vertex 128.0427072830476 -16.98531988869955 0
    vertex 125.0000000000006 -14.64101615137946 0
  endloop
endfacet
endsolid Created by Gmsh
